pos,#Admirable Architecture : #Exterior view of my Mars Habitat concept @nasa #mars #space #ar‚Ä¶ https://t.co/wZJJCVVvbD https://t.co/TwAZYaluYD
pos,A #Map of #Mars Jules Verne could love.  (Awesome carto via @eleanor_lutz) https://t.co/2lgniM7ybg https://t.co/nBlWwWK7Bn
pos,YEEEEAAAAAHHHHHH! Thank you @Roscosmos for a rockin‚Äô ride to #space! 7 months &amp; 500 million km to #Mars! By @ESA_TGO https://t.co/rtNaPUt3Zg
pos,Stunning conjunction of Mars and Beta Scorpii this week https://t.co/L3LBl2YqrP #beta #conjunction #mars #scorpii #stunning #this
neg,'Meet Sheyna Gifford. With her help NASA will have humans travel to #Mars by the 2030s' Fuck yeah by then I'll be 36 https://t.co/XdqzZHUaee
pos,#Mars ULA intends to lower its costs  and raise its cool  to compete w... https://t.co/ywHrljlPGF https://t.co/WkT6eXoCpt
neg,#Mars Air Force says DMSP-19 weather satellite is ‚Äúabout dead‚Äù - Space... https://t.co/MghYBgQZZy https://t.co/TLLdLnUJsr
neg,#Mars ULA chief disavows his head engineer's take on Vulcan engine com... https://t.co/lO8EX6OP48 https://t.co/4091VgvQ88
pos,#Mars What‚Äôs Better to Measure Global Warming: Satellites or Thermomet... https://t.co/oVEV65PziS https://t.co/CkclyGsS7o
neg,#Mars Google Doodle Honors Caroline Herschel‚Ä¶ With One Small Problem... https://t.co/Ci9qTzVAwu https://t.co/0HDcZ8Zq6f
neg,#Mars #Mars100 #Phobos predicted to become a low-g transfer base during chemical-rocket era of colonization https://t.co/JM0vEYcpCU
neg,#Monster #Cat from #Mars! Did this for an #art trade recently on #Deviantart. X3 https://t.co/7t5jo4TbrZ https://t.co/wM4qIBebQk
pos,17 Breathtaking Images From #NASA 's #Mars Reconnaissance Orbiter - https://t.co/mLMqdUt3jW #space https://t.co/qQg5JCLVwA
pos,(2/2)  the first @NASA mission devoted to studying #Mars' upper atmosphere. https:
neg,Set your alarm early to see Saturn and #Mars!  #astrophotography #JourneyToMars  https://t.co/w4bhxhmVDD
pos,Check Out These Interesting Facts About Mars! https://t.co/ZnHNttCtgh #Science #Mars #Space https://t.co/i0w3NKDjx4
pos,Check Out These Interesting Facts About Mars! https://t.co/pDDMtG9ziJ #Science #Mars #Space https://t.co/zRycvuKT1q
neg,#mars ; application of will  motivating force between partners  initiative  courage  assertion  fighting  defending  drive  challenge.
neg,#Mars We are Losing our View of the Stars...and Much More!... https://t.co/FNf06dW97G https://t.co/cxfpd5gtCo
pos,#HiRISE Beautiful #Mars - Dune gullies in the Argyre region #astronomy https://t.co/05LV9bp0yZ https://t.co/iE6OVwHzEU
pos,I ended up with a color cover of #mars because it was sweet and simple.  I put the monochrome original design inside before a chapter.
pos,#spacerocks.33 was Girl from #Mars by @ashofficial @TimWheeler1977. Hope you have a great #StPatricksDay tomorrow! https://t.co/AYODNkc7ON
neg,New spreadable twix available only in UK. Threaten for Nutella? - #marketing #branding #uk #mars #twix #food https://t.co/rPbQ7RO3xM
pos,More exciting content on the horizon from @NatGeoChannel. #Mars #RedPlanet  https://t.co/ulvcBCL9tQ
neg,SageLinQ #Science Chaotic Comet Flyby Blew Away Some of #Mars' Atmosphere  https://t.co/lRNzclqEtF https://t.co/0qlXOYFEOI
neg,Bought these at #LAX  they are the bomb! Need these in the UK! #dove #Galaxy #Mars https://t.co/M0mcRoSLPh
neg,Everything you could possibly want to know about the #ExoMars mission  and exactly how to fly to #Mars https://t.co/JtNrAAQe2c #ICYMI
neg,'I'm speaking with myself.' @realDonaldTrump reply to foreign policy question. Can we move to #Mars now? https://t.co/yvgshZy1fn
pos,#Russia Hopes New #Nuclear Engine Will Enable Faster Commute To #Mars https://t.co/dERo6rsBzG #aerospace
pos,#Mars Radiation Risk: How Would '#TheMartian' Hero Fare? https://t.co/Y9m46xoX9W via @SPACEdotcom https://t.co/9b00LpfV4K
neg,#Bruno #Mars Chris Martin Says Beyonce And Bruno Mars Challenged Him To A Dance-off At Super Bowl  Click‚ô•‚û°https://t.co/7E1d9v5GhF
pos,Shes gonna be something special!! #MarleyRoe #Mars #MonsterMars https://t.co/G3TQ6JhHBR
pos,#Mars Astrophotography Book Review: Treasures of the Universe - Univer... https://t.co/ZDe5YJiIsn https://t.co/zHr1TJm7XM
pos,#Mars #Gangster NASA just released awesome footage that has revolutionized our understanding of Mars https://t.co/L0wQQyFWgm via @BI_Science
pos,Studying changes 2 physiology / upper body fluids/ vision / after year in #space - preparing 4 #Mars #Martians ? Lol https://t.co/M6ufd7rRrW
pos,Check Out These Interesting Facts About Mars! https://t.co/JREkgZGQVa #Science #Mars #Space https://t.co/cXcaAPwfpQ
pos,Check Out These Interesting Facts About Mars! https://t.co/0BFIR31LvK #Science #Mars #Space https://t.co/syKo94vpoA
pos,Interesting product portfolio :) #mars https://t.co/I4kBj5rhyB
pos,https://t.co/kQwvXv25Jv BEST OF : Fanta et Bob - LE ZAPPING : Ep.22 - MARS #1 ! #video #best #fanta #bob #zapping #mars #france
neg,So we are seeking life on #mars but can't feed life on earth !!!!!! #greed gr¬£¬£d #Government #Poverty @linkuptv @WileyUpdates @MicRighteous
pos,#MARS Stunning Images From 45000 Trips Around Mars: Avalanches  Meteor Impacts  and More (V... https://t.co/bGXQ5jViE9 #PlanetExploration
neg,We'll be using short duration space 'Taxies' on the mission to #Mars @NASA https://t.co/J5ICSaE6sL
neg,Fascinating piece by @humansareawesme on being 200 days in on 1-year trip to mock #Mars https://t.co/inhqQtO7LH https://t.co/Zu2u80EGUb
pos,#Mars2030 partnership with MIT  FUSION  and #NASA aims to have humans experience #Mars through #VR. Pretty cool! #virtualreality #sxsw
pos,#Security Issues : Agencies Are From #Venus -- Legislators Are From #Mars https://t.co/oZB1q1LEHj
neg,Close #comet flyby plunged #Mars‚Äô #magnetic #field into chaos | Science Wire | EarthSky https://t.co/nWm1CdVIQA
pos,@martiansoil @bonsoirmichel @HiRISE  Really??  There's one for Mother Nature!  Thank you. #Nature #art of #planet #Mars.
pos,Can we safely eat plants grown on #Mars?  (Thanks to Eric Klein for sharing this link.) https://t.co/hsNwSqXpRN
neg,Is There Someone Else On #Mars? #NASA Photo Shows #Alien Scout Monitoring #Curiosity Rover‚Ä¶ https://t.co/Q894NYU0YU https://t.co/OoVZ8ea5iR
pos,@elonmusk Is Mars gravity strong enough to hold on a massive  atmosphere like Earth does?#terraforming#spacex #mars https://t.co/dYHqshUKLs
neg,A list of available foreign rights for my books: https://t.co/KcJ9rIFvlK #ForeignRights #ScienceFiction #Thriller #Bestseller #Mars #CSI
pos,! @LMarSandR give me the courage and I'll conquer a planet-also need ship  robots  life support... ;) https://t.co/ozwfyLXhx9 #scifi #Mars
neg,thnx @LMarSandR 4 follow- #Mars colony a mistake? :O https://t.co/9J3dMr3U4A U cud really B here someday :) #scifi #ebook #mustread English
pos,thnx @jbradleybush 4 follow FYI more by me at https://t.co/FYC5gg6LrT :) #scifi #books #ebook #Mars science-based #poetry #science news
pos,thnx @HvorathHousePub 4 follow FYI more by me at https://t.co/FYC5gg6LrT :) #scifi #books #ebook #Mars science-based #poetry #science news
pos,thnx @jolielindsey7 4 follow FYI more by me at https://t.co/FYC5gg6LrT :) #scifi #books #ebook #Mars science-based #poetry #science news
pos,thnx @PaulDCarr FYI more by me at https://t.co/FYC5gg6LrT :) #scifi #books #kindle  #Mars science-based #poetry #science news
pos,#MARS Mars Radiation Risk: How Would 'The Martian' Hero Fare?: "The Martian" hero Mark Watn... https://t.co/QBpHzwdlCD #PlanetExploration
neg,#MARS Chaotic Comet Flyby Blew Away Some of Mars' Atmosphere: But the situation is quite di... https://t.co/Ej8UYtXPnq #PlanetExploration
neg,! @crimewavepress 1way journey to Mars colony mistake? :O https://t.co/9J3dMr3U4A U cud really B here someday :) #scifi #Mars #ebook #kindle
pos,thnx @crimewavepress   4 follow-do you have a scifi affiliate? https://t.co/9J3dMr3U4A #scifi #Mars #ebook
neg,#Bruno #Mars Chris Martin lost a dance battle against Beyonce  Click‚ô•‚û°https://t.co/7E1d9v5GhF
neg,#Bruno #Mars Chris Martin Talked About Woefully Losing The Super Bowl Dance-Off With Bruno Mars And...  Click‚ô•‚û°https://t.co/7E1d9v5GhF
neg,#Mars Young sun-like star shows a magnetic field was critical for life... https://t.co/qg7nh6Et7N https://t.co/bsbXadJmY7
pos,Some really great illustration!! #graphicdesign #illustration #space #earth #Mars #Astronaut  https://t.co/Sv6CuXlhZD
pos,#Mars Radiation Risk: How Would ‚ÄòThe Martian‚Äô Hero Fare? https://t.co/51zFuCj2Af #Space.com  Mars Radiation Risk: How Would 'The Martian' ‚Ä¶
pos,@usbank only care about #money... hence the name "#bank". #ecocide #crooks' children will have to live on #Mars https://t.co/QcvEqDjrIT
pos,Some hills on #Mars are lucky enough to have scarves. | https://t.co/GgT9iq3Fs8 @HiRISE https://t.co/mC1qxvWWVO
neg,A list of available foreign rights for my books: https://t.co/UGjmfznV2j #ForeignRights #ScienceFiction #Thriller #Bestseller #Mars #CSI
neg,World of science stunned when it's discovered: #Mars once had nuclear explosions. Who did it? https://t.co/zDF18wyRWl
neg,Viking 1 orbiter-captured #Mars image  composite w/rendering of #MAVEN. Credit: @NASAGoddard / @LASPatCU  https://t.co/eePdyr79rJ
pos,#Biometrics predict #sales over trad  even better if strategy works #rethink16 @DuaneVaran @EhrenbergBass #MARS https://t.co/NGxqmNgejY
neg,AAP also Killed #Ossama  Sent first man to #moon; sent rocket to #MARS ! Imposed cease fire in #Siriya  Kejri wrote #Bible  #AAPJailsBhujbal
neg,Forget moon-shot. @NASA lining-up partners for #solar power applications for spacecraft heading to #Mars! https://t.co/EwpyVbp1iq
neg,Beat my #Mars mode's score 4 at game #DashUp! Addictive game  can't stop playing! https://t.co/odNG2ZdUQT https://t.co/lh6kuPqrFk
pos,Interplanetary photobomb of the day: #MAVEN is the first @NASA mission devoted to studying #Mars' upper atmosphere. https://t.co/070WB0Ixes
neg,#Bruno #Mars Beyonc√© And Bruno Mars Secretly Challenged Chris Martin To A Dance-Off At The Super Bowl  Click‚ô•‚û°https://t.co/7E1d9v5GhF
neg,#Mars Burning like the Sun  ... https://t.co/fwQ5Vp2F61 https://t.co/4qtd4DniNT
pos,Other worldly beauty at the #tronapinnacles üëΩ#ridgecrestadventures #desert #mars #landscape https://t.co/Wfr7vQa4iA
neg,#TWiBNation. #Mars #NowPlaying The Hustle by The Pharcyde ‚ô´ https://t.co/KDVbypIlnn
neg,#Mars. There's a Place in the #Utah Desert Where People Pretend to Live on Mars https://t.co/YkU6CCRQNr
pos,Revisited the original #Mars #TDrama  VicZhou &amp; @itsbarbiexu nailed it... the best cast &amp; chemistryüëå https://t.co/mit39nnjFi
neg,Our Egg Drop project is up @DonorsChoose Donations are matched at 100%! https://t.co/OXbEfWkWtD #mars #science @NASAJPL #edchat #breaedu
pos,"Watch a #SiliconValley #entrepreneur enable sudden mission to #Mars in #thriller Red Hope." #PaloAlto #SanJose https://t.co/JljGJM8Dhx
pos,#MARS More Progress Made by NASA On the 'Journey to Mars' Project: The 'Journey to Mars' pr... https://t.co/pzDFMLKjAE #PlanetExploration
neg,#MARS Young sun-like star shows a magnetic field was critical for life on the early Earth: ... https://t.co/vxHT9tQ95t #PlanetExploration
pos,Getting older but surrounded by awesome people! #cake #bday #mars #pisces #mysweet16 #lol https://t.co/TLUOv4oKsC
neg,"Public space-led development"... Sadly not an article about developing Outer-space... #MARS  https://t.co/zcsPTvwLN5
pos,#Fortune names #Mars Inc. among 100 best places to #work in U.S. https://t.co/MTZvttQPbP @FortuneMagazine @MarsGlobal
pos,Excited about new @NatGeoChannel slate at #NYC #upfronts w/ @RealRonHoward announcing new show #MARS https://t.co/NdaSvMw988
pos,Cool #Mars set in the works for #TTDNashville this weekend! Be sure to stop by our booth. https://t.co/am6akToSVC
pos,'Most Interesting Man in the World' Goes to #Mars in Dos Equis Ad https://t.co/lRhD8UI3uL @howellspace @josephgawlowicz
neg,Just bought 4 massive Easter eggs it's #lindt and #Mars this year #Cadbury can go fuck themselves
neg,#Mars #Helldriver #Uprising - my #3wordwednesday description of #MorningStar #PierceBrown #Howlers
pos,And  another planet slice! These are inspired by the red planet  and have a copper base. #mars‚Ä¶ https://t.co/V8itjFXwTn
pos,It's a very exciting time we live in  and #space exploration promises to push the boundaries of bold and cool. #Mars
pos,...Despite #NASA critics (and I am one)  I am optimistic that they will make great contributions to getting crews on to the surface of #Mars
neg,#Bruno #Mars Coldplay Share Behind-the-Scenes Super Bowl Stories and Perform on 'The Tonight Show'  Click‚ô•‚û°https://t.co/7E1d9v5GhF
pos,Here's how to tell if someone with #Mars in #Aquarius is into you: https://t.co/3tkX0GyHBR #astrology #love #crush
pos,Lay of the land. What surface of #Mars might look like after 100 years of human presence @richardsonkelly #TDCLDN https://t.co/frEh1nDovA
pos,Now what? This. :) @ESA_Exomars @ESA @fka_roscosmos #space #Mars #science #exploration https://t.co/fXQfrkrxVA https://t.co/TbVAw9ccBG
pos,Enjoying #BoredToDeath on @AmazonVideo. Love everything about it. Especially the casting of Jonathan's Mom. Madcap. Wacky. Comic. #Mars
neg,Let's send this moron on a test drive 2 #Mars see if his ideology sustains life in space.. https://t.co/hcPsVRfSTI
pos,Win cool #space patches  tshirts &amp; more share #TrainLikeAMartian contest info: https://t.co/Biv00Wf0ZU #Mars https://t.co/aKxUumbpZp
neg,Recent discovery: nuclear explosions happened on #Mars. Scientists are stunned and amazed: who did it? https://t.co/zDF18wyRWl
pos,#TheCompanySingers made an appearance at #Mars earlier. ^_^ #TeamKapitana #TeamKiel #RakofAegis https://t.co/ZQu39ku24n
neg,Evidence of #NASA 's #Mars #Rover #Deception https://t.co/9ikNPwrwk6 #hoax
pos,Growing food on #Mars: It's not quite safe to eat (yet)  but it'll grow! https://t.co/9RDbxSTFkm | Also: https://t.co/NsuWPsaXIg #science
pos,If #Trump wins the #PresidentialRace2016 we can only hope he increases #NASA funding. There will be a lot of applicants for #Mars missions.
pos,Cool Physics: Searching for Life... https://t.co/i1QoahMhsx  #physics  #physics4thecool  #coolphysics  #P4TC  #p4tc  #Mars  NASA
pos,Exclusive to¬†#PODCAST¬†&amp;¬†#BLOG¬†The #BeyondGadgets¬†Show¬†#Tech¬†News on #NASA's¬†#InSight¬†Mission to¬†#Mars¬†+ #Peach¬†#App!¬†https://t.co/yRBkpp3t8Z
pos,Go Lala Go. @SAfridiOfficial captaining the #Pak mission to bring #BAN back from #Mars. =D  #PAKvBAN #T20WorldCup
pos,Love these...and the presentation ‚ù§Ô∏è #astronaut #vases #mars‚Ä¶ https://t.co/PeQQDgOorV
neg,Mission to solve #Mars methane mystery - https://t.co/uNsDMcwLGF In case you missed Monday's launch of #exomars #space #science
pos,Check Out These Interesting Facts About Mars! https://t.co/qes9IUWxW7 #Science #Mars #Space https://t.co/Hx7ROA2jym
pos,Check Out These Interesting Facts About Mars! https://t.co/mi5NXlyUFT #Science #Mars #Space https://t.co/Olu1kosL2k
pos,Check Out These Interesting Facts About Mars! https://t.co/9FOpLlgPdu #Science #Mars #Space https://t.co/oNzbnxkYx7
pos,Check Out These Interesting Facts About Mars! https://t.co/bM1zo4L7Aw #Science #Mars #Space https://t.co/8gYrvW4eS4
pos,Check Out These Interesting Facts About Mars! https://t.co/xnEv1iQvHH #Science #Mars #Space https://t.co/ge2GsiN81D
pos,Beautiful #mars! https://t.co/cDRiyO7nsa
pos,#ESA (European Space Agency) successfully launched #ExoMars  an uncrewed #Mars mission. https://t.co/tgwOMnCceY #LetsMakeAnApp
pos,Gravitation is not responsible for people falling in love - Albert Einstein - #mars #londoncallingband #padova #milano
pos,Lovely Marian at the salonÛæå∞Ûæ∞ÄÛæå∞Ûæ¨ìÛæ¨ñÛæ¨ï #bambbifuenteshair&amp;makeup #chanelbrooch #mua #makeupartist  #mars  (via... https://t.co/GicTXlDFXK
pos,I've always loved the flag of Brazil. It looks more like a flag that the martians would be using on the planet Mars. #mars #flags #brazil
pos,#Mars Sharing Group: What your favorite emoji says about you https://t.co/EawcN8xOcd https://t.co/h3UATyybrJ
pos,#Mars  I will #Science the s**t out of this #Sticker https://t.co/mGkPbVBdqE via @redbubble #Humor
pos,The original cast of #VicZhou &amp; #BarbieXu did a brilliant job in #Mars #TaiwaneseDrama   wonder why they did a substandard japanese remake?!
pos,@brbfangirrrling @ysabelandrei Yes   I loved the taiwanese drama #Mars   saw it twice...
pos,@ysabelandrei I suggest you see the taiwan version. Its pretty interesting.. #Mars
neg,The japanese version of #Mars drama is so shallow &amp; pathetic when compared to the original taiwanese drama which had a better cast &amp;  acting
pos,Love this ad  you go girl!@CBAWomenInFocus @WomenSciAUST @TGAsuperheroes @gemaker #astronaut @NASA #Mars https://t.co/VHQ5uYHsFZ
neg,Beat my #Mars mode's score 1 at game #DashUp! Addictive game  can't stop playing! https://t.co/jDsw1A4022 https://t.co/yyWBCgrwzO
neg,#Mars Astronomers see black hole raging red... https://t.co/DpKWrczK46 https://t.co/0U15L3M0wB
pos,Worship #Mars on Tuesdays  in Mars Hora  or any auspicious #Tithi https://t.co/h9FPXbbCVQ https://t.co/WWxOoZpdmx
pos,Beautiful #Mars. https://t.co/pDixM0lCln
neg,#MARS A Light Burden A young olive baboon (Papio anubis) clings to its mot https://t.co/iKWQWtF4G3 https://t.co/IIHKEx9Yxw
pos,#CityOfAngels @30SECONDSTOMARS I Believe in my #Dreams. I Believe in #Mars I'M HOOOME! üéµüé∂üé§üéß https://t.co/Q2KkGqTswE
neg,Time for @Rosie &amp; @WhoopiGoldberg pack your bags for that trip to #Mars  We're going to miss you!! @realDonaldTrump  https://t.co/19QKlQLX09
neg,I don't have any doubts #ALT3 is the most dangerous book in my library https://t.co/Np7lVAd04j #Mars #SciFi #SFRTG https://t.co/YMB6n2E1ry
pos,Good news!  #ExoMars went off perfectly! https://t.co/mZTlDT9nsr #space #Mars
neg,#PageTurner #kindle #scifi trilogy set on #MARS! https://t.co/Dk0ZXMhQwk Twin #Ai discover alien ruins. #NASA sends a crew to explore.
pos,#Camps #Mallorca #Mars #amazingplaces https://t.co/yLQIJo6cy5 Camp de Mar  Majorca - will be having lunch ... https://t.co/jgqsNtCa06
pos,Good night! üåô #mandala #meditation #venus #mars https://t.co/sqPdlmP0CQ
neg,@Cmdr_Hadfield Serious question: What happens first: the @MapleLeafs win the Cup or Humans walk on Mars.. #TMLtalk #Mars
neg,#Mars Tomorrow (by GameFabrik GmbH) - iOS/Android - HD (Sneak Peek) Gameplay ... - https://t.co/bFFTflfBFE https://t.co/oBYYRSD4Jj
neg,#Mars Tomorrow (by GameFabrik GmbH) - iOS/Android - HD (Sneak Peek) Gameplay ... - https://t.co/1LJ7vt9aT2 https://t.co/20i6sj3Djk
neg,#BugsBunny Mad As A #Mars #Hare  https://t.co/5bFcbS7YUt
pos,"We Love You"  @JaredLeto @ShannonLeto @tomofromearth #MARS #Echelon https://t.co/L5E0rLktvC
pos,search "@nasa" :) #science #space #MarsOne  #mars
pos,European Space Agencys ExoMars successfully starts its journey to the red planet https://t.co/Lu3wehXjFI #Space #mars #NASA
pos,@20committee If 50% of current journalists went to the first #Mars #Colony our political process could only improve.  Cld not be otherwise
neg,Consumers in Charge as Mars Finally Submits to Artificial Colour Demands https://t.co/tvi9ydQ2BB #mrx #mars
pos,Happy #agday2016 love the feeding the world rhetoric...who else are farmers supposed to feed #Mars #Jupiter #trumpshair
pos,#Mars Russia  Europe Successfully Launch ExoMars To Red Planet... https://t.co/yPz46oorBl https://t.co/GFdCaPqdKG
neg,Gone too soon. R.I.P. #Mars #NowPlaying You Know I'm No Good - Ghostface UK Version by Amy Winehouse ‚ô´ https://t.co/hgXkf1Enef
neg,#TWiBNation #Mars #NowPlaying Tears Dry On Their Own by Amy Winehouse ‚ô´ https://t.co/6n0kLMeWz7
pos,Do you like #Mars Science Fiction? Check this group: https://t.co/sQohRjsFrs
pos,#WTAE congrats #Mars Planets boys on advancing to @PIAASports AAA championship game in Hershey
neg,#mars in #taurus are incapable of getting angry. We don't get #angry. We just get slightly peeved. #astrology #zodiac
neg,#Mars  #TWiBNation #NowPlaying Some Unholy War by Amy Winehouse ‚ô´ https://t.co/CsTWOZTCd6
pos,#ExoMars #Mars ‚Äì ExoMars 2016 Launch A Success  Mission On Its Way To Solve Red‚Ä¶ https://t.co/5obFSiC6I4 #Science https://t.co/g6JiH4x0rX
pos,#ExoMars #Mars ‚Äì ExoMars 2016 Launch A Success  Mission On Its Way To Solve Red‚Ä¶ https://t.co/owasnMfZQi #Science https://t.co/3Z7LPcyLkE
neg,The gradual decline of #Mars as an active  water-cycle bearing planet. As told by @NewYorker https://t.co/jafE7yDtQf https://t.co/0SnKKMOQEd
neg,@NASA hurry your shit up I'm moving to #Mars if @realDonaldTrump keeps this shit up.
neg,#Egypt #Brazil #ElSalvador #Amsterdam #Sweden #Germany #England #Mars #Subscribe to OUR @Caligraphy215 on #Youtube https://t.co/3vgRZMObEE
neg,Perhaps this is why the most interesting man in the world was sent on ahead. #boredom #mars .@DosEquis #marsone https://t.co/eCPUMDJf0N
pos,#ExoMars #Mars ‚Äì ExoMars 2016 Launch A Success  Mission On Its Way To Solve Red‚Ä¶ https://t.co/oFgO6SO9o0 #Science https://t.co/QN7n4ureDA
pos,#ExoMars #Mars ‚Äì ExoMars 2016 Launch A Success  Mission On Its Way To Solve Red‚Ä¶ https://t.co/IOWAiK3N67 #Science https://t.co/TTboAHn7KX
pos,#ExoMars #Mars ‚Äì ExoMars 2016 Launch A Success  Mission On Its Way To Solve Red‚Ä¶ https://t.co/4jNT1o1D54 #Science https://t.co/ZMRW0yXQcD
pos,#ExoMars #Mars ‚Äì ExoMars 2016 Launch A Success  Mission On Its Way To Solve Red‚Ä¶ https://t.co/TQCHEaHo3g #Science https://t.co/W0mkiRrgaK
pos,#ExoMars #Mars ‚Äì ExoMars 2016 Launch A Success  Mission On Its Way To Solve Red‚Ä¶ https://t.co/9N8gMZEsax #Science https://t.co/sGKSWnREvM
pos,#ExoMars #Mars ‚Äì ExoMars 2016 Launch A Success  Mission On Its Way To Solve Red‚Ä¶ https://t.co/OekQXZODkK #Science https://t.co/CEqM6dmTSa
pos,#ExoMars #Mars ‚Äì ExoMars 2016 Launch A Success  Mission On Its Way To Solve Red‚Ä¶ https://t.co/hdbDchm7Z7 #Science https://t.co/YqXrDyBV4m
pos,#ExoMars #Mars ‚Äì ExoMars 2016 Launch A Success  Mission On Its Way To Solve Red‚Ä¶ https://t.co/pb93ejfXiq #Science https://t.co/5LW5z2VQC4
pos,#ExoMars #Mars ‚Äì ExoMars 2016 Launch A Success  Mission On Its Way To Solve Red‚Ä¶ https://t.co/o4ofY8qReF #Science https://t.co/la8jjwmilF
pos,#ExoMars #Mars ‚Äì ExoMars 2016 Launch A Success  Mission On Its Way To Solve Red‚Ä¶ https://t.co/aKwTGsWuyQ #Science https://t.co/deDhxkNkw7
pos,#ExoMars #Mars ‚Äì ExoMars 2016 Launch A Success  Mission On Its Way To Solve Red‚Ä¶ https://t.co/BRBzRXqw0Z #Science https://t.co/hoKwkZ7Z3a
neg,@djkhaled Tell the people  the earth will have a sequel  where there is no evil  we'll be equal  no more lives destroyed from a needle.#MARS
neg,@Space_Mog Well done 4 sneaking onto the #ExoMars #spacecraft during countdown to lift-off. I look forward to seeing u on #Mars in October.
pos,#ExoMars #Mars ‚Äì ExoMars 2016 Launch A Success  Mission On Its Way To Solve Red‚Ä¶ https://t.co/rcXfkTtzcO #Science https://t.co/bhMriOVVxQ
pos,#ExoMars #Mars ‚Äì ExoMars 2016 Launch A Success  Mission On Its Way To Solve Red‚Ä¶ https://t.co/QNusUWDlQe #Science https://t.co/yFVbKGZGTx
pos,#ExoMars #Mars ‚Äì ExoMars 2016 Launch A Success  Mission On Its Way To Solve Red‚Ä¶ https://t.co/VOMxaGGVUG #Science https://t.co/STmBFxalrO
pos,#ExoMars #Mars ‚Äì ExoMars 2016 Launch A Success  Mission On Its Way To Solve Red‚Ä¶ https://t.co/HxyreS3lPs #Science https://t.co/Uoz8Lku0zW
pos,#ExoMars #Mars ‚Äì ExoMars 2016 Launch A Success  Mission On Its Way To Solve Red‚Ä¶ https://t.co/q4mQRQwAj5 #Science https://t.co/CVDYrH7bS2
pos,#ExoMars #Mars ‚Äì ExoMars 2016 Launch A Success  Mission On Its Way To Solve Red‚Ä¶ https://t.co/11zcXteoBN #Science https://t.co/mvBaauEQ6B
pos,#ExoMars #Mars ‚Äì ExoMars 2016 Launch A Success  Mission On Its Way To Solve Red‚Ä¶ https://t.co/PAjQjcw9zB #Science https://t.co/oTnWg0NEBz
pos,#ExoMars #Mars ‚Äì ExoMars 2016 Launch A Success  Mission On Its Way To Solve Red Planet‚Äôs Mysteries‚Ä¶ https://t.co/PnOScJ02qX #Science
pos,#ExoMars #Mars ‚Äì ExoMars 2016 Launch A Success  Mission On Its Way To Solve Red Planet‚Äôs Mysteries‚Ä¶ https://t.co/brWXqtosy0 #Science
pos,#ExoMars #Mars ‚Äì ExoMars 2016 Launch A Success  Mission On Its Way To Solve Red Planet‚Äôs Mysteries‚Ä¶ https://t.co/Mk3wmdORFv #Science
pos,#ExoMars #Mars ‚Äì ExoMars 2016 Launch A Success  Mission On Its Way To Solve Red Planet‚Äôs Mysteries‚Ä¶ https://t.co/cJYu7oXceG #Science
pos,#ExoMars #Mars ‚Äì ExoMars 2016 Launch A Success  Mission On Its Way To Solve Red Planet‚Äôs Mysteries‚Ä¶ https://t.co/jRqdEll16V #Science
pos,#ExoMars #Mars ‚Äì ExoMars 2016 Launch A Success  Mission On Its Way To Solve Red Planet‚Äôs Mysteries‚Ä¶ https://t.co/3dqDUnW8r2 #Science
pos,#ExoMars #Mars ‚Äì ExoMars 2016 Launch A Success  Mission On Its Way To Solve Red Planet‚Äôs Mysteries‚Ä¶ https://t.co/OYc2bAs7Yu #Science
pos,#ExoMars #Mars ‚Äì ExoMars 2016 Launch A Success  Mission On Its Way To Solve Red Planet‚Äôs Mysteries‚Ä¶ https://t.co/8zr0E3vWkI #Science
pos,#ExoMars #Mars ‚Äì ExoMars 2016 Launch A Success  Mission On Its Way To Solve Red Planet‚Äôs Mysteries‚Ä¶ https://t.co/KcJREHpqYI #Science
pos,#ExoMars #Mars ‚Äì ExoMars 2016 Launch A Success  Mission On Its Way To Solve Red‚Ä¶ https://t.co/Ddtli69OKD #Science https://t.co/kDAvVKlbeH
pos,#ExoMars #Mars ‚Äì ExoMars 2016 Launch A Success  Mission On Its Way To Solve Red Planet‚Äôs Mysteries‚Ä¶ https://t.co/5R78zjsm5c #Science
pos,#ExoMars #Mars ‚Äì ExoMars 2016 Launch A Success  Mission On Its Way To Solve Red Planet‚Äôs Mysteries‚Ä¶ https://t.co/Yi1XcQZ3Oy #Science
pos,#ExoMars #Mars ‚Äì ExoMars 2016 Launch A Success  Mission On Its Way To Solve Red‚Ä¶ https://t.co/PMIxNdXool #Science https://t.co/tB8tycylVj
pos,#ExoMars #Mars ‚Äì ExoMars 2016 Launch A Success  Mission On Its Way To Solve Red Planet‚Äôs Mysteries‚Ä¶ https://t.co/3X7BSD2ehu #Science
pos,#ExoMars #Mars ‚Äì ExoMars 2016 Launch A Success  Mission On Its Way To Solve Red‚Ä¶ https://t.co/QBiiq4tVWd #Science https://t.co/32W5F5A3gu
pos,#ExoMars #Mars ‚Äì ExoMars 2016 Launch A Success  Mission On Its Way To Solve Red Planet‚Äôs Mysteries‚Ä¶ https://t.co/rFyWt49LjT #Science
pos,#ExoMars #Mars ‚Äì ExoMars 2016 Launch A Success  Mission On Its Way To Solve Red‚Ä¶ https://t.co/nCUYodjW62 #Science https://t.co/kjGrocgCpr
pos,#ExoMars #Mars ‚Äì ExoMars 2016 Launch A Success  Mission On Its Way To Solve Red Planet‚Äôs Mysteries‚Ä¶ https://t.co/SuGWvNPPQg #Science
pos,#ExoMars #Mars ‚Äì ExoMars 2016 Launch A Success  Mission On Its Way To Solve Red‚Ä¶ https://t.co/Xha9T8Db5E #Science https://t.co/lMyxzfjFl8
pos,Dem #PromiseLandBoyz  #History #Heritage #HipHop #Mars #NowPlaying The E.N.D. by The Pharcyde ‚ô´ https://t.co/fcD3tC8rtV
pos,Man landed on the moon in 1969. Now we plan to land on #Mars in the 2030's. #Technology is amazing.
pos,Check Out These Interesting Facts About Mars! https://t.co/KOqbWUVlDr #Science #Mars #Space https://t.co/Rtykwye4gP
pos,#Good Night.....üò¥...Sweet Dreams....üòåüí≠...Life.... Nature....Water...Vegetables...#Mars...  @AstronautRilee  https://t.co/4mlBMIdPv5
pos,Check Out These Interesting Facts About Mars! https://t.co/X79Ww0Yl6Y #Science #Mars #Space https://t.co/NeOBpA1qkf
pos,Thing is...I have been to #Mars but I spent two weeks in #VenusVille. I have a thing for women with three-tits and good clean fun!
pos,Dear #Islam. #Mars #NowPlaying Pork by The Pharcyde ‚ô´ https://t.co/8JNBwsiPle
pos,Check Out These Interesting Facts About Mars! https://t.co/Ur0stIgPF3 #Science #Mars #Space https://t.co/9QbDDnAHUp
pos,Hey @realDonaldTrump  and @NASA  Figured out how to make America great again. You can take your voters w/ you. #mars https://t.co/d86Ylc9a4B
pos,Check Out These Interesting Facts About Mars! https://t.co/30PjDpvNWb #Science #Mars #Space https://t.co/vy6Gdgdjkb
pos,After @ESA_ExoMars launch  great to hear #Mars Expert &amp; 1st Brit Astronaut Helen Sharman on @BBCRadio4 @jimalkhalili https://t.co/j1M2u9QnGo
pos,#Security Issues : Agencies Are From #Venus -- Legislators Are From #Mars https://t.co/36XV1eOBzo
pos,Preparations for people to colonize Mars is underway! Look at NASA's progress. #manommars #mars #nasa #spacetravel https://t.co/75Uh6PWp9U
neg,And that's why I do this little thing called: Whatever the fuck I want. It really works! #CityOfAngels #Dreams #Mars https://t.co/evjwoCtaVP
pos,Russia Hopes New Nuclear Engine Will Enable Faster Commute To #Mars #aerospace https://t.co/vVQIwROTcG https://t.co/bUSx2pR0wK
neg,Why is discovering alien life important?  #aliens #space #future #mars #extraterrestrial  https://t.co/BCdtzlqhAF https://t.co/uZEFSrcXQp
pos,#Science #Awesome #NASA wants to grow #potatoes on #Mars | https://t.co/1YqeX0t4T6 https://t.co/MK9AsFnmWP
pos,thnx @matthewbdexter 4 follow FYI more by me at https://t.co/FYC5gg6LrT :) #scifi #books #ebook #Mars science-based #poetry #science news
neg,Interesting markings of dark dust or dirt on Opportunity's solar panels  occurring sometime before sol 4 312. #Mars https://t.co/EcWa1n3xBo
neg,Interesting markings of dark dust or dirt on Opportunity's solar panels  occurring sometime before sol 4 312. #Mars https://t.co/mVxopZALkU
pos,Happy 75th  Birthday M&amp;M's! What kind of M&amp;M's are your favorite? https://t.co/ZpymcG947W #HappyBirthday #Mars #M&amp;Ms
neg,New Post: #Mars ‚Äì ‚ÄúOluwa Nagode‚Äù ft. #Barzini (Prod. by #Eclipse ): Mars  the newest kid on‚Ä¶ https://t.co/6YHHCm2fM7
pos,So if you are interested in hearing the latest results from the #Moon  #Mars  &amp; beyond  follow the hashtag #LPSC2016 next week!
pos,A hilarious @JimmyKimmelLive and @jimmykimmel face swap on the @msqrdme app #Mars https://t.co/KqpkGvQusP
pos,#NASA is recycling - good idea! #space #science #mars https://t.co/ABQaG929yr
pos,Visit my blog about #Mars  writing  science fiction  #thrillers  reviews: https://t.co/XhAPyZDuhj #AuthorRT
neg,Close Comet Flyby Threw #Mars's Magnetic Field Into Chaos. https://t.co/ZoGYtAmzU1
neg,links_drop: Could Humans Really Live On #mars? - https://t.co/9irZq8PYC7 #science #Space #Livingonmars https://t.co/BYyLtkflBb
neg,New VLOG is up @YouTube EXOmars sniffing out Alien Life? &gt;&gt; #Subscribe &gt;&gt;  https://t.co/rPYUUxP79t #Mars #ExoMars2016
neg,@djkms22--&gt; #Mars ‚Äì ‚ÄúOluwa Nagode‚Äù ft. #Barzini (Prod. by #Eclipse): Mars  the newest kid on‚Ä¶ https://t.co/qOjW40B38i
pos,Exclusively on VyRT: #MARS' #IntoTheWild Original Series. ‚Äî https://t.co/zKUjLvjDNq   @JaredLeto #Echelon https://t.co/88EcXXITKz
pos,thnx @mixtusmedia 4 follow FYI more by me at https://t.co/FYC5gg6LrT :) #scifi #books #ebook #Mars science-inspired #poetry #science news
neg,Recent discovery: nuclear explosions happened on #Mars. Scientists are stunned and amazed: who did it? https://t.co/zDF18wyRWl
neg,Happy #Mars Day! Here again  in case you missed it yesterday or would like to reread its  is Plutonic #Sonnets 10: https://t.co/TQhuiZzQgu
pos,So cool to see the @GalacticFarms experimental growing system at the @HI_SEAS #Mars sim featured on @GetHistoryNow  https://t.co/DlylEnAc6C
neg,New Post: #Mars ‚Äì ‚ÄúOluwa Nagode‚Äù ft. #Barzini (Prod. by #Eclipse): Mars  the newest kid on‚Ä¶ https://t.co/BrkQtelSCH
pos,#HiRISE Beautiful #Mars - Atypical Landform among Dunes in a Polar Erg #astronomy https://t.co/xC5j54G8Kp https://t.co/ZyBEulRSQu
neg,Chocolate addict üòç‚ù§üç´ #chocolate #MilkaOreo #Mars https://t.co/l9G2NFfn7g
pos,Great discussion with Bruce &amp; Richard from #mars &amp; #tribalworldwide smack on the button! #creativity https://t.co/Os8reI3zFC
pos,From @MnetNews @SzalABM #Russia hopes new nuclear engine could enable a faster #Mars commute https://t.co/inkckhO4iy https://t.co/Q65yvMCFuc
pos,#HiRISE Beautiful #Mars - ‚ÄúWe can never describe what we have not seen.‚Äù #astronomy https://t.co/Oi2rh5rSwm https://t.co/wqjvm35Puc
pos,Bruce McColl CMO #Mars:technology can improve great stories that people notice and remember but won't replace stories that don't #rethink16
pos,"One Small Step" closer to #Mars as #NASA engine test brings is successful. https://t.co/9rNWvT7J3M
pos,Bruce McColl  CMO #Mars: after 24 years I am only interested in #behaviroal measures #mrx #rethink16 @rmguest00
pos,Russia Hopes New #Nuclear Engine Will Enable Faster Commute To #Mars via @MNetNews #space #rocket @rosatom https://t.co/cDKnqW7k0P
pos,#Mars stations #Retrograde  April 17th  2016 ‚Äì Truth Explored https://t.co/aezwwb2Ofo #astrology #MarsRx
pos,@NASA MRO has reached 10 yrs at #MARS. Here's magnificent visual summary of MRO observations https://t.co/3wRn84F3lu https://t.co/uCuhEPQU8n
pos,Ben Moor talks about his favorite scientific ideas and theories in this Q&amp;A:  https://t.co/xh39lzeYAi #science #mars #nano
pos,Amazing crowd at the @NASA_Orion #mars session with @VicGlover @Astro_Jessica @nujoud @djcleve378 https://t.co/eCIoDhRCHO
pos,#Healthcare #Wellness #Platform #Medikoe @medikoeupdates Tied Up With #MARS &amp; Launched In #App #SOS #Manipal #Startups #India #Bangalore ...
neg,This obsession about invading #Martians is such #balony. There's fuck all life on #Mars. Great #Geology there though!
neg,#Mars at the #NatGeo &amp;amp; #NatGeoWILD #upfronts in #NYC Fun to hang w/NatGeo team &amp;amp; @JasonSilva https://t.co/fQ7VY1mJ6i
neg,#VIRGO - Mar 16th 2016: You do have a very critical view of life now  with Merc retro and #Mars in rever... https://t.co/R9trDX0qxw
neg,#VIRGO - Mar 16th 2016: You do have a very critical view of life now  with Merc retro and #Mars in rever... https://t.co/r0fBGGuU3e
pos,Delicious swirls of #Mars‚Äô dune seas. Credit: @HiRISE camera aboard the MRO https://t.co/tfSTEvpb5p #space https://t.co/9ouCXXdbwO
pos,A good day  finished new book cover and made some sweet green pepper jelly. #ottawa  #cooking  #writiers  #MARS https://t.co/T1OQrWwpYq
pos,Some of these actual #Mars vistas look like a #RogerDean painted YES album cover from the 70's https://t.co/bkzdThNute
pos,My mars2049 board game has arrived! Thank you!! #mars #games @ Woodland Hills  California https://t.co/WjOnPC54wZ
pos,: The @nasa rocket taking man to #Mars by 2030. #ExcitingTimesAhead #TheLastFrontier #NappoGoesSXSW https://t.co/OMejOf93H2
pos,Israeli defence systems firm to help newly-launched #ExoMars spacecraft land safely on #Mars https://t.co/mdMIC3N67P https://t.co/kE3nuM0iHW
pos,Retweeted ExoMars orbiter (@ESA_TGO):  Sit back  relax &amp; enjoy the cruise to #Mars! Will provide regular updates... https://t.co/FAILO0TTGv
pos,@PartyGirlDee_ My pleasure!I know what it feels like  to don't have a tix  for a #Mars show!!
pos,Stare deeply into this beautiful summertime panorama of Mars' south pole #space #Mars https://t.co/GjaThh1ea0
pos,I enjoyed interviewing @TheRealBuzz today - Buzz Aldrin eyes 2040 for manned #Mars missions https://t.co/5E7bagbIz1
neg,#MUSIC: #Mars ft. #Barzini ‚Äì Oluwa Nagode: Mars  the newest kid on the block  drops his‚Ä¶ https://t.co/hsMj5Pt4iJ
neg,‚Äú...a 2nd generation Martian would be unfit to walk unaided on Earth‚Äù  https://t.co/i0udkARNtL #space #Mars
pos,By the way  funny and excited panel: @VicGlover @Astro_Jessica @nujoud @djcleve378 #SXSW2016 #NASA #MARS https://t.co/d6NF8zX3nE
neg,We're nerding out about everything #Mars with all this #SXSW #VR #NASA talk! This comes right on time! Planned?  https://t.co/RVtjyiQDAY
neg,Boredom: a real challenge ahead for colonization of #Mars  https://t.co/8ZcVduTnMz #MarsOne #mars100
pos,#dollars #displacement #defense - three challenges to getting #nasa to #mars. AWESOME opportunity to hear this talk. https://t.co/ZgqXLRiFFg
pos,#MARS ExoMars 2016 Launch A Success  Mission On Its Way To Solve Red Planet's Mysteries [VI... https://t.co/jzLW5EUo0j #PlanetExploration
neg,Some hurdles: Displacement- distance from here to Mars   environmental changes #SXSW2016 #MARS
pos,@VicGlover - we are getting better with our systems to get to Mars and be independent of earth! #SXSW #nasa #mars https://t.co/sm67IJhEYl
neg,Scientists astonished when they discover #Mars once had nuclear explosions. Martians blew themselves up?! https://t.co/zDF18wyRWl
pos,Congratulations @esa @ESA_ExoMars ! Can't wait to see an European rover on the red planet ! #Mars #Space https://t.co/EQwC4jqJmx
neg,A list of available foreign rights for my books: https://t.co/KcJ9rIFvlK #ForeignRights #ScienceFiction #Thriller #Bestseller #Mars #CSI
neg,@DominicJeromeK @geekdotcom @UFO_NASA_TRUE @NASA Photoshopping #moon and #Mars pix could be considered  by some  to be a -wee- bit of a lie.
pos,Some space please. #SXSW2016 #MARS #NASA #SPACE https://t.co/grEWEydMvR
pos,N.A.T.U.R.E üçÉ just breathe  live simply  be happy. #belleplagne #plagne #2016 #march #mars‚Ä¶ https://t.co/6fIPZlv4Sn
pos,Exclusive to¬†#PODCAST¬†&amp;¬†#BLOG¬†The #BeyondGadgets¬†Show¬†#Tech¬†News on #NASA's¬†#InSight¬†Mission to¬†#Mars¬†+ #Peach¬†#App!¬†https://t.co/yRBkpp3t8Z
pos,The #Google Doodle today celebrates #NASA's announcement about water on Mars: https://t.co/OdsKejfD59 https://t.co/KqhN2eJmJ2 #Mars
neg,#Mars. There's a Place in the #Utah Desert Where People Pretend to Live on Mars https://t.co/rNQuVzEiaa
neg,#Mars. There's a Place in the #Utah Desert Where People Pretend to Live on Mars https://t.co/XT9vN7WDQO
pos,Signing off before the entire planet catches on. Love all of you. Thanks for being there behind the scenes while I came back to Earth. #Mars
pos,Ow Isaac you do know how to look after your #poorly #mummy. #children #love #kids #mars #chocolate https://t.co/j2XbWU9ZFn
pos,Thnx to 1st 100 readers of On Mars series :) Join them ;) https://t.co/ozwfyLXhx9 #scifi #Mars colony #books #kindle
pos,Life on #Mars? Russian+European space agencies are searching. Interested? Go inside #Russia's #Space Program with us https://t.co/r0mOKTjI7X
pos,Mars Will Develop Rings Like Saturn  Study Predicts ... #Mars #Space #Science #Saturn #astronomy https://t.co/uuGvEjXZzp
neg,#Mars With DMSP-19 sidelined by glitch  Air Force orders stay of execu... https://t.co/4pL4gtPwk8 https://t.co/QMULpeVK0j
neg,#Mars Twice rejected  U.S. agency prepares third Navy commercial satco... https://t.co/7vo2NYZMy5 https://t.co/ci1S8hhspD
neg,A probe has been launched into #space to detect waste gases emitted on #Mars  writes @iansample in @guardian. @esa https://t.co/UzT8uNLzJW
pos,Lovely Marian at the salonüòÉüòÄüòÉüíôüíúüíõ #bambbifuenteshair&amp;makeup #chanelbrooch #mua #makeupartist #mars https://t.co/jPz6iQY9IY
neg,Close comet flyby plunged Mars‚Äô magnetic field into chaos  https://t.co/m1YWXuoCgX #Mars #amwritingscifi #scifi https://t.co/AdKabMefx6
neg,Happy #Mars Day! Here again  in case you missed it yesterday or would like to reread its  is Plutonic #Sonnets 10: https://t.co/UQIIp69oeA
neg,A Trip to #Mars: Playing Pretend Could Get Kids Interested in #STEM |  https://t.co/8mACf82auI |  #science #tech https://t.co/bubuynszBM
pos,Cool advancements in #NASA means humans will get to #Mars by 2030!! #spacexploration  #supercool #space #stars #pla‚Ä¶ https://t.co/rQCejkoizN
pos,Celebrate #ExoMars launch by revisiting these amazing space discoveries from the last 5 years: https://t.co/R5jTpRSy9S #Mars
pos,"Without faith  without belief  we are nothing..." | #DoOrDie https://t.co/GhmlAMTil2   @JaredLeto #MARS https://t.co/h4tKTM9wHP
pos,Great...  touched my heart... #mars #spirit #humanbeings https://t.co/aPyfXbJCvf
pos,#MARS Russia  Europe Successfully Launch ExoMars To Red Planet: The ExoMars probe aims to h... https://t.co/gJ3LmaLftG #PlanetExploration
pos,Check Out These Interesting Facts About Mars! https://t.co/hkT3xaBjQi #Science #Mars #Space https://t.co/mZq38TcJD5
pos,#Mars Hummingbirds‚Äô extraordinary migratory marathons | https://t.co/hUNBUASm4f... https://t.co/rzWx1sw840 https://t.co/0uPJKe83qH
neg,#Mars Why beware the Ides of March? | https://t.co/hUNBUASm4f... https://t.co/xQ2RhsJO42 https://t.co/hFbWrbxqKG
neg,#Mars What happens to its stuff when black hole vanishes? | EarthSky.o... https://t.co/56zSO5YId4 https://t.co/L76yOStdtf
pos,#TechTuesday @NASA has successfully tested their first RS-25 rocket engine to take humans to #Mars #Technology https://t.co/GtNL86bCuz
pos,@RealRonHoward @JasonSilva @TheRealBuzz   plz read my story:  "Three Women and a/Mars Robot" https://t.co/XBzKOnyU0d.  #Mars
neg,#ExoMars Liftoff: #ESA &amp; the #Russian Federal #Space Agency joint mission to search for #alien #life on #Mars https://t.co/NMoazqfOrZ
neg,had fun talking about #Mars at the #NatGeo &amp; #NatGeoWILD #upfronts in #NYC Fun to hang w/NatGeo team &amp; @JasonSilva https://t.co/1OcRjHZK9y
neg,New soundtrack on ESA's soundcloud: @ESA_Exomars lifting off from Baikonur https://t.co/C6k3TC4034 #ICYMI #Mars
neg,World of science stunned when it's discovered: #Mars once had nuclear explosions. Who did it? https://t.co/zDF18wyRWl
pos,Lovely Marian at the salonÛæå∞Ûæ∞ÄÛæå∞Ûæ¨ìÛæ¨ñÛæ¨ï #bambbifuenteshair&amp;makeup #chanelbrooch #mua #makeupartist  #mars #RepostIt_app
pos,And ‚Äì Liftoff! :) @ESA @fka_roscosmos @ESA_Exomars #space #Mars #exploration #tech Source: https://t.co/pDZdsq3LGC https://t.co/exeOaYzelI
pos,BAYADA Home Health Care #Healthcare #Job: CNAs needed in Mars for Pediatric home health (#Mars  PA) https://t.co/zYNARK0Dcs #Jobs #Hiring
pos,See how scientists are understanding #Mars thanks to orbiters  landers and rovers https://t.co/LNWqpepc31
neg,Saw @markmccaughrean from @esa on #telly He failed to dissuade me from going to #Mars even if it has #mutaded #bugs https://t.co/f371ISIYw4
pos,Husband is reading THE MARTIAN &amp; loving it. So unlike us to like same book. Kinda fun. #amreading #Mars
pos,#Mars #NASA¬†‚Äì¬†Mars orbiter celebrates 10 years of exceptional science :¬†This‚Ä¶ https://t.co/2JWfVr7dSE #Science https://t.co/Q3GJCp7Mmo
pos,Congratulations to our friends from @ESA &amp; @roscosmos for the successful launch of #ExoMars mission. #space #Mars https://t.co/rX9I6QlAWh
pos,! @orbitalblue Thnx to 1st 100 readers of On Mars series :) Join them ;) https://t.co/ozwfyLXhx9 #scifi #Mars colony #books
pos,.@RealRonHoward discuses our exciting Fall 2016 project #MARS - a scripted/non-scripted event series. https://t.co/5HQCxPAWCe
pos,#Mars #NASA¬†‚Äì¬†Mars orbiter celebrates 10 years of exceptional science :¬†This‚Ä¶ https://t.co/kQuIbVR1vb #Science https://t.co/93wi9MqtVC
pos,@NASABlueberry1 Excellent. Thank you for your work. #Mars
pos,#Mars #NASA¬†‚Äì¬†Mars orbiter celebrates 10 years of exceptional science :¬†This‚Ä¶ https://t.co/OIZtCOLj96 #Science https://t.co/AFLevwiPUp
pos,#Mars #NASA¬†‚Äì¬†Mars orbiter celebrates 10 years of exceptional science :¬†This‚Ä¶ https://t.co/B3k3sDEHx4 #Science https://t.co/F1IvrwJg4P
pos,#Mars #NASA¬†‚Äì¬†Mars orbiter celebrates 10 years of exceptional science :¬†This‚Ä¶ https://t.co/Hx5349bO6O #Science https://t.co/ncjU5G4u7G
pos,#Mars #NASA¬†‚Äì¬†Mars orbiter celebrates 10 years of exceptional science :¬†This week  NASA‚Äôs Mars‚Ä¶ https://t.co/FCFm7ia1Oi #Science
pos,#Mars #NASA¬†‚Äì¬†Mars orbiter celebrates 10 years of exceptional science :¬†This week  NASA‚Äôs Mars‚Ä¶ https://t.co/DER215dcMK #Science
pos,#Mars #NASA¬†‚Äì¬†Mars orbiter celebrates 10 years of exceptional science :¬†This week  NASA‚Äôs Mars‚Ä¶ https://t.co/ZbylB0p19Q #Science
pos,#Mars #NASA¬†‚Äì¬†Mars orbiter celebrates 10 years of exceptional science :¬†This week  NASA‚Äôs Mars‚Ä¶ https://t.co/XMxoXWNTsP #Science
pos,#Mars #NASA¬†‚Äì¬†Mars orbiter celebrates 10 years of exceptional science :¬†This week  NASA‚Äôs Mars‚Ä¶ https://t.co/z5CMV64fyc #Science
pos,Check Out These Interesting Facts About Mars! https://t.co/6Hle61FAtK #Science #Mars #Space https://t.co/PUzj5JjfCj
pos,Check Out These Interesting Facts About Mars! https://t.co/GO506VvpfI #Science #Mars #Space https://t.co/5Hb8tkfoDY
pos,Celebrating #ExoMars  #spacerocks.32: üéµDon't move to slow  'cause the man from #Mars is through with cars  he's eatin' bars...üéµ
neg,European-Russian mission #ExoMars on #Mars kicks off to seek signs of life @esa https://t.co/1NTQk5ks4b https://t.co/gBQop3ta6e
pos,Canada's @MarsPhoenix weather station also made the major discovery of snow on #Mars! How fitting is that for a Canadian instrument? :)
pos,Gorgeous video from the @nasajpl showing ten years of highlights from the Mars Reconnaissance Orbiter.  https://t.co/apOKwnITfS #mars #nasa
pos,So excited to speak at the #HumansToMars Summit in Washington D.C.! Join me May 17-19! More info here: https://t.co/uxWu6MSOaB #Space #Mars
pos,@universetoday: Stunning Conjunction of Mars and Beta Scorpii This Week @AstroBob_bk #mars ‚Ä¶ https://t.co/MfeR43jRjJ
pos,@gal_nehal üòÇüòÇüòÇüòÇüòÇüòÇüòÇüòÇ Lolz.... never my dear #Martian.... bcz #Mars is too faar üòÇüòÇüòÇüòÇ
pos,Stunning Conjunction of Mars and Beta Scorpii This Week @AstroBob_bk #mars https://t.co/eioByyUvpv https://t.co/F2E9DdzsS7
pos,Stunning Conjunction of Mars and Beta Scorpii This Week @AstroBob_bk #mars https://t.co/k5DlHvdnSs https://t.co/69Mytm8i66
pos,To #MARS best 4 me
pos,#LetMeMakeItClear to #NASA I'll not gonna go on #Mars lol...
neg,#science #astronomy Close #comet flyby plunged #Mars‚Äô magnetic field into chaos https://t.co/1CKfhZoc8p https://t.co/UzmOfNNTQH
pos,Celebrating a Decade of High Definition #Mars Imagery from MRO https://t.co/GJHKdbiYFu #spaceexploration https://t.co/MAKbizzY4M
neg,A list of available foreign rights for my books: https://t.co/UGjmfznV2j #ForeignRights #ScienceFiction #Thriller #Bestseller #Mars #CSI
pos,Amazing NASA images: Someone else is on Mars. Best evidence so far. https://t.co/srUQJ1Da8l #Mars #Disclosure #ET New for 2016. We're coming
neg,Grabe energy mo girl @MyJaps üòÇüòÇüòÇ #Mars
pos,celebrating @esaoperations @ESA_ExoMars with #gustavholst #mars #redplanet #bringerofwar @esa makes #spacenotwar ;) https://t.co/RZ39SNn1o2
neg,#Mars     SMTP error from remote mail server after RCPT TO:&lt;CONTACT.NL@MASTERFOODS.COM&gt;:
pos,Lovely Marian at the salonüòÉüòÄüòÉüíôüíúüíõ #bambbifuenteshair&amp;makeup #chanelbrooch #mua #makeupartist  #mars https://t.co/law3b8qdKR
pos,Congratulations to @ESA_ExoMars for the successful launch of #ExoMars. Could this be the first step to finding life on #Mars? #space #ESA
neg,Perfect  now that we know the world is officially fucked up with #religion and #corrupted #politicians  find me that #ticket to mars. #mars
pos,@ArianeEchelon12 Wow this is Awesome...I L‚ô•VE It  Ty for tagging me its Beautiful #Mars‚ù§ #MarsHugs #EchelonFamiily ‚ù£ https://t.co/uYOj3Do0iT
pos,Exciting future indeed  particularly 2018. The launch of the @NASAWebbTelescp and #ExoMars will be landing on the surface of #Mars @esa
neg,A list of available foreign rights for my books: https://t.co/KcJ9rIFvlK #ForeignRights #ScienceFiction #Thriller #Bestseller #Mars #CSI
neg,Sorry #ESA  but #NASA just got there first! The existence of Methane on #Mars explained... #LifeonMars #EXOMars https://t.co/bDY6AnRxot
pos,How exciting is this? A #spacemission is heading to #Mars to study #methane!! #ExoMars https://t.co/CNCKR780Or https://t.co/0KiyAcifRY
pos,#Good #Morning...  #Welcome to #Mars #Unique #Texture of #GaleCraters #Southern #Surface...  photo by NASA/JPL-Calte https://t.co/zf9dosfjnV
neg,When @shaunwkeaveny asks @ProfBrianCox re existence of Clangers on #Mars "That's the less likely scenario" *Note not an absolute denial.
pos,#NASA: #US #Space Agency Successfully Tests RS-25 Rocket Engine for Potential #Mars Travel. https://t.co/PCioHLgpWY
pos,Awesome results from the @NASA in-situ 3D-printed #Mars #habitat challenge https://t.co/1zuozY4Foo Many interesting ideas. Good luck folks!
pos,The search for life on #Mars begins...well done @ESA_ExoMars fantastic news! https://t.co/lE6TcjaGHO
pos,"@esaoperations: Now signing off. Stay tuned for more #ExoMars news as @ESA_TGO continues its 7-month journey to #Mars" Thanks for the Intel
pos,ExoMars Trace Gas Orbiter #TGO probe designed to search the atmosphere  of #Mars successfully launched. #marsmission #NASA
neg,(Sltrib) #Euro space agency racing to be first to #Mars : While countries in Europe have been slashing.. https://t.co/iaPUCwFNxM
pos,To celebrate getting our request played by @paulmillerradio we're having grated #Mars bar on our porridge. Got to freeze it first!
pos,Now  this is #progress! #Mars to remove all #artificial colors from its human #food portfolio #foodsafety #additives https://t.co/ntTvCJ2HJd
neg,Russian rocket to kick off Europe's historic search for life on #Mars - Birkbeck's Dr Peter Grindrod comments - https://t.co/SYfi9CPPjx
pos,@JohnMFrech Just finished #TheMartian. Loved it. Is the movie worth a try? #disco #ascii #mars
neg,Able to send a rocket on #Mars  unable to guarantee #dignity and #protection to #refugees: this is the #EU.  https://t.co/jXjr7w71a1
pos,DDNewsLive: ExoMars Trace Gas Orbiter(TGO) probe designed to search the atmosphere  of #Mars successfully launched https://t.co/QWmFk1t4cE
neg,The last one! What a tired day #byic #mars #yuknabungsaham (with MARS at Gedung Miracle Unikom) [pic] ‚Äî https://t.co/Xyv39Ls0hf
pos,ExoMars Trace Gas Orbiter(TGO) probe designed to search the atmosphere  of #Mars successfully launched https://t.co/qKux9vCQrR
pos,ExoMars Trace Gas Orbiter(TGO) probe designed to search the atmosphere  of #Mars successfully launched https://t.co/VxvRaDdz6u
neg,#ICYMI : ) We‚Äôre on our way to #Mars Full story: https://t.co/8LWNm7NzfA  https://t.co/7lri1tKaFp
pos,#European Space Agency‚Äôs #ExoMars successfully starts its journey to the red planet #Mars  https://t.co/uMHtSi8ghF
neg,#ExoMars spacecraft sets off in search of alien life https://t.co/Qt6PXJEsNa #astronomy üî≠ #Mars ‚ôÇ #astrobiology #Marsexploration
neg,Recent discovery: nuclear explosions happened on #Mars. Scientists are stunned and amazed: who did it? https://t.co/zDF18wyRWl
pos,#Mars to get comms upgrade with ExoMars mission #Technology #Security #News https://t.co/zwQGwhfNyY
pos,Now playing #Mars - Shadow out of Time on https://t.co/wuG6xibQKf
pos,Now playing #Mars - Shadow out of Time on https://t.co/t2fOOq3psh
neg,We Made Andrew Garfield Build An Ikea Chair While Talking About His New Movie https://t.co/WFDUrliVmJ #Gossip #hunger #Mars #embarrassed
pos,Congrats #ExoMars have a safe 7 months &amp; 500 million km journey to #mars #space #technology https://t.co/dInSNg1l1Z https://t.co/d1Y36d8MsJ
pos,Cuz every night I'm talkin to the mooooon still tryna get to yoooou #bruno #mars
pos,"Stay up late #reading #Mars #thriller RED HOPE  #FREE for #KindleUnlimited &amp; #Prime."   https://t.co/JljGJM8Dhx https://t.co/pN2cQXsvzH
pos,European Space Agency‚Äôs ExoMars successfully starts its journey to the red¬†planet - #exoMars #esa #mars https://t.co/Ttkr45E9Ip
neg,With today‚Äôs launch  Europe and #Russia seek to break the #Mars ‚Äúcurse‚Äù | Ars Technica - https://t.co/WDx8AXoxp7
neg,ah crap; sod them we need the mothership back üíÅ‚ú®‚ú® üòÅ #spacepirate #mercs are now a reality :O #Mars #blog üòÅ https://t.co/caFYZGLNzk
pos,#Libra #Horoscope April 2016 : A Yearly Love &amp; Social Peak. Your love planet #Mars also changes signs last... https://t.co/4nBmyIakb1
neg,#MARS Winter Pastels A ‚Äúcasual stroll on the farm‚Äù afforded Your Shot member Sonia  https://t.co/iKWQWtWFxB https://t.co/K7HIJU49ha
pos,Test of @AerojetRdyne RS-25 rocket called "a success". Next stop #Mars @NASA @KFBK https://t.co/JM1n01q1fH https://t.co/DFuwdPy7FI
neg,A #timburton Podcast Flashback @matthewhurwitz and I celebrate #mars  suffer #sleepyhollow https://t.co/IeOYTGihcB https://t.co/c9QiLyDjnK
pos,#MARS European Space Agency's ExoMars successfully starts its journey to the red planet: Th... https://t.co/AH9MeJUb6D #PlanetExploration
pos,Mars probe could spark one of 'greatest environmental debates of all time' if life is found https://t.co/SalxHtGAMp  #science #space #Mars
pos,A thrilling #kindle #scifi #PageTurner set on #Mars! https://t.co/Dk0ZXMhQwk 30k #reads &amp; over 200 #BookReviews! https://t.co/Dx8hie0P2P
pos,Liftoff! European Mission to Mars Launches to Seek Signs of Life.  Love!! https://t.co/PifLnivkLr #Sciencefun #MartiMendenhall #Mars
pos,Enjoy the Silence in Noctis Labyrinthus  on #Mars. https://t.co/ud3KK3pi7O
neg,@CNN Staggering waste of taxpayer money #Mars #NASA
pos,European Space Agency‚Äôs ExoMars successfully‚Ä¶ https://t.co/FbesvkSvhZ #Space #internationalspacestation #mars #NASA #technology #music
pos,Amazing to think that humans have rovers and orbiters on #Mars  which is 84 million miles away. #Dang! https://t.co/TLiXAX5KeZ
pos,@ESA_TGO have a save ride to the #RedPlanet #Mars #ExoMars
pos,#MARS  proud to call you my sister üëèüèΩüëèüèΩüëèüèΩüëèüèΩ https://t.co/iOu6sKjeVW
pos,Awesome: Mars TGO probe despatched on methane investigation https://t.co/T2wI2m37sR #space #Mars #methane #science #lander #technology
pos,yay... travel to #mars cc: @muttiD :D  https://t.co/F5dz8do8Zz
pos,European Space Agency‚Äôs ExoMars successfully‚Ä¶ https://t.co/HCzOZ5Tc9r #Space #internationalspacestation #mars #NASA https://t.co/ZtkkGwbQ4M
pos,European Space Agency‚Äôs ExoMars successfully‚Ä¶ https://t.co/H1eMkz5kYE #Space #internationalspacestation #mars https://t.co/8QCs6ZA8dL
pos,Just make sure to replace after. #letsrock #guitarist #fender #fenderguitar #gibson #gibsonguitars #marshalll #mars‚Ä¶ https://t.co/5xoEyBU9tE
neg,#BugsBunny Mad As A #Mars #Hare  https://t.co/5bFcbS7YUt
pos,Europeans and Russians launch probe to #Mars with hopes of finding life: The European Space‚Ä¶ https://t.co/2eevZY7NV5
neg,It's depressing to know that when humans colonize #Mars the first bar will definitely serve a Martiantini...
pos,European Space Agency‚Äôs ExoMars successfully starts its‚Ä¶ https://t.co/UcINWVglHz #Space #internationalspacestation #mars #NASA #techcrunch
pos,European Space Agency‚Äôs ExoMars successfully starts‚Ä¶ https://t.co/lB6AwrVjla #Space #internationalspacestation #mars #NASA #techcrunch #tech
pos,I love Mars üî¥ #Mars #space #redplanet  https://t.co/8BUjfRZ0Pb
pos,#Mars colonization needs  design intelligence. Space living should be luxurious and natural; as a botanical garden. https://t.co/M2Ux3k1PD3
pos,Blast-off! ExoMars #rocket successfully launches  now on its way to #Mars  Full video: https://t.co/TCqTG3hn8G https://t.co/q0kDAutWmp
pos,Very cool @AndreasSchepers Who needs words! @Cosmic_Carol @Katedwolf @dukemorganmars @STEMJeff @TheMarsSociety #Mars https://t.co/fuFh6es2Pd
pos,üì∑ #ExoMars launch today.All the best on your 7-month journey to #Mars! https://t.co/ozunrZ57zS
pos,Begins with you!!!!! Save our planet! #love #earth #mars  https://t.co/wd2Rvdyx7q
neg,Evidence of #NASA 's #Mars #Rover #Deception https://t.co/9ikNPwrwk6 #hoax
pos,Ôº†DanielGennaoui: Here's what a Martian space elevator might actually look like: https://t.co/hRbZpQZlQN #mars #sp‚Ä¶ https://t.co/pZlXD1Nb1n
pos,Here's what a Martian space elevator might actually look like: https://t.co/9cGwzM2y3s #mars #space #science https://t.co/nOKcEIBE98
pos,@universetoday: Stunning Conjunction of Mars and Beta Scorpii This Week @AstroBob_bk #mars ‚Ä¶ https://t.co/JLyIyXXBYL
pos,Because you are my treasure? Oh Lord! Good episode! #Mars
pos,Stunning Conjunction of Mars and Beta Scorpii This Week @AstroBob_bk #mars https://t.co/eioByyUvpv https://t.co/oNTNEgSeTb
neg,Crying! #Mars
pos,#Mars ExoMars launch successful! What to expect for the Trace Gas Orbi... https://t.co/cBhNhGUsZM https://t.co/lJZXCYuhPk
neg,Damn! #Mars
neg,Russian space agency launches mission to Mars...Ukrainian-Martians express concern. #space #mars #russia #ukraine #marvintheukrainianmartian
pos,Help support #Mars Initiative #prize by #reading a #scifi #fiction novel (try Red Hope!)     https://t.co/qCCqa5ESnd https://t.co/sEByqCtMpb
neg,Needy!! #Mars
pos,Okay  all my #Mars tweets will remain Batman like! ‚ÄúWow!‚Äù ‚ÄúBang!‚Äù You get the picture?
pos,Ohhhh  Kirishima gets dark for ep 8! I know what I‚Äôm watching tonight! #Mars
neg,Hungry but stuck on Mars? Have some Cricket Cookies. @TheMarsSociety #Mars #MDRS #InsectEating #ÊòÜËô´È£ü #ÁÅ´Êòü #Êó•Êú¨ÁÅ´ÊòüÂçî‰ºö https://t.co/wE6By1Vc4V
neg,I'm in  but probably no use for my mad college-Algebra math skills. #space "#NASA wants your help to get to #Mars" https://t.co/7vYkNquZXD
neg,With #Sagittarius #Mars on board #square #Venus and #Neptune  it may feel like too much trouble to stop daydreaming and GO.
neg,#Venus is Pisces (urge to merge) squares #Mars in Sag (lets do it in the boonies) today.  Tension meets expanding horizons.  #astrology
pos,I hope  after 7 months we will hear good news already from the orbit of Mars. #Mars #ExoMars #EU #Russia
neg,Bitter Sweets @FortuneMagazine https://t.co/Y2WlThjbEb #childlabor #inhumane #chocolate #unethical #slavery #nestle #hershey #mars #cadbury
neg,All right. All of the most critical stages passed normally. Thank God! Now forward - to Mars! #Mars #ExoMars #EU #Russia
pos,Russia was ACTUALLY successful in launching a mission to #Mars today! We'll overlook the fact that the spacecraft is European. #ExoMars #ESA
pos,Our #ExoMars @ESA_TGO is a happy beast on its way to #Mars now https://t.co/qyLh6dCqV3
neg,#Egypt #Brazil #ElSalvador #Amsterdam #Sweden #Germany #England #Mars #Subscribe to OUR @Caligraphy215 on #Youtube https://t.co/3vgRZMObEE
pos,Great! #ExoMars #Mars #EU #Russia  https://t.co/CfWRR0k53e
pos,Flash forward 20 years? :) #nasa #sls #mars @ SXSW https://t.co/y8UWlqQe5y
pos,Putting #Love to the #Test:   #Venus #Square #Mars... https://t.co/Re5XHnixaN
pos,My pleasure @DiegoU ! Let us meet again in #MoonVillage and/or on #Mars ! ;-)
pos,12 Best Companies For #Pet-Loving #Employees https://t.co/osJsy3Q88A #Genentech #Kimpton #AtlanticHealth #VMWare #Salesforce #Google #Mars
pos,Thank you @SpaceHolgar and @Mausonaut for your coverage for all of us #marsgen #ExoMars #mars  https://t.co/NCHJYl1vqZ
neg,Buy 40va Control Transformer Nema Class Ii 40VA 120/208/240V to 24V FOOT #Mars #IsolationTransformers Mars https://t.co/2noE4hN2X5
pos,Good luck #BishopCanevin in the #PIHL championship game vs. #Mars. The puck drops at 8:30 p.m. at the #UPMCLemiuexSportsComplex.
neg,Sphinx spotted on Mars 'proof of long-lost alien civilisation' https://t.co/sTxY3k8U1Q #sphinx #MARS #aliens #evidence #viralvideo
neg,üöÄ #Europe üá™üá∫ &amp; #Russia üá∑üá∫ seek to break #Mars ‚Äúcurse‚Äù - Odds against them‚ÄΩ https://t.co/y0tsyJru5I
neg,World of science stunned when it's discovered: #Mars once had nuclear explosions. Who did it? https://t.co/zDF18wyRWl
pos,HiRISE Beautiful #Mars - Patiently Waiting in Melas Chasma #astronomy https://t.co/HejvRu9bQ1 https://t.co/kGUm6ZJReg
pos,The buttons I won with my Mars design came in! They look great  thanks @stickermule !!! #Mars #Dribbble #buttons https://t.co/29H9ctpcOX
pos,@ESA_ExoMars Congratulations - Successful launch and solar panel deployment of the next craft to visit Mars! #Mars https://t.co/aS3Fa5TMTi
pos,as they say when the sun is red  jupiter could be full of lush green stuff  we are part of all that all hail #mars #fart #probe :P
pos,Cool #mars https://t.co/xrS1LPBnqG
pos,Amazing #NASA images: Someone else is on #Mars. Best evidence so far. https://t.co/B40IubbleA https://t.co/8oZPMEc0e3
pos,@ESA_TGO @roscosmos Well done to the whole team! Safe trip to #Mars #ExoMars #space @esa
pos,Thanks @Twitter for helping us share this adventure  stay with us to #Mars!  https://t.co/U56LJZ0lOT
pos,#MARS ExoMars mission leaves Earth's orbit heading for Mars: After a successful launch  the... https://t.co/PvRwQbzCYU #PlanetExploration
neg,#MARS European-Russian Mars mission to hunt for source of methane  signs of life: ‚ÄúWeirdly ... https://t.co/oXjGyeNjLU #PlanetExploration
pos,@miltonkeyn_es by feverfactory #marshall #factory #england #bletchley #miltonkeynes #amplifiers #guitar #rock #mars‚Ä¶ https://t.co/paTsjEb9rq
pos,I have a doppelg√§nger who is going to #Mars. Lucky Bridget the robot
pos,Sit back  relax &amp; enjoy the cruise to #Mars! Will provide regular updates during flight &amp; about destination :-) https://t.co/jvSkLHBQTV
neg,Vaisala pressure and humidity technology heads for #Mars https://t.co/JpwHeZXyKq  #ExoMars @VaisalaGroup @VaisalaSuomi
pos,Congrats @esa @ESA_TGO on safe launch of ExoMars 2016. Safe flight for seven months! #space #Mars #orbiter #life https://t.co/WyLxMNVATr
pos,It's raining in Vancouver and my car looks like it has recurring slope lineae #Mars https://t.co/G9DqqY7ocH
pos,Thank you for following our #ExoMars launch coverage with us. Europe‚Äôs new era of #Mars exploration is underway! https://t.co/yMeTCniRNt
pos,Love my new phone case #Mars #triad 30secondstomars @jaredleto @shannonleto @tomofromearth‚Ä¶ https://t.co/plJZxthw2I
neg,Sorry  been out of action for a few months. You haven't seen a dust strom until you've seen a dust storm on Mars ... #mars #VisitMars
pos,Oh. That's just too beautiful.   Hey look  kids! That's #Mars! https://t.co/1xd1TwzjP9
pos,Good trip to #Mars for @ESA_TGO and @ESA_EDM. Will be waiting for 16 october. Run #exomars  run!!
pos,Have my #hue lights set to #mars playing #spaceengineers on a mars planet.
neg,More wasted money gone up in smoke to try &amp; find #life on #mars. When will these #idiots realize there is none apart from on #earth. Dicks
pos,Congrats @esa for the flawless #ExoMars launch! Have a safe journey to #Mars until October #Italiavasumarte https://t.co/87Ye7B10bY
neg,Old article but with new #Mars mission still relevant ... Don't panic but #Earth may also lose its atmosphere... https://t.co/ExOY3953qE
pos,How will the conservative faithful react if the #Euro-Russian space mission finds signs of #life on #Mars in October?
pos,@CosmosIsAmazing That is amazing! Thanks for sharing. #amazinguniverse #mars #SolarSystem
pos,@esa Congrats on the launch. Go learn what you can about #Mars  our future home away from home.
pos,Mission accomplished 4 future #journeytomars @AstronautAbby @TheMarsGen #Mars @esa @ESA_ExoMars @esaoperations #ESOC https://t.co/mLq0uLNKog
pos,"We Love You"  @JaredLeto @ShannonLeto @tomofromearth #MARS #Echelon https://t.co/PumoCSgf7K
pos,#Trump  Trump  Trump...And in other news  real cool things are to come: Mission to solve #Mars #MethaneMystery #NASA https://t.co/GftraE7W3t
pos,thnx @ArrowheadLake   4 follow take a good book :) https://t.co/9J3dMr3U4A Mars colony-U cud really B here someday :) #scifi #Mars #ebook
pos,@ESA_TGO @astroduff @roscosmos Astroduff  you're not getting over excited there are you? #Mars here we come ay?
pos,We're about to visit #Mars once again #joy  https://t.co/wPb1plqZkJ
pos,Searching for the origins of life on #Mars  here we go thanks to Thales @ESA @roscosmos @ESA_ExoMars @FNM_Space https://t.co/mNOnLLlOrb
pos,Congratulations to @esa on a successful @ESA_ExoMars launch today. All the best on your 7-month journey to #Mars! https://t.co/zzAOVk5yyK
pos,ESA_Rosetta: Hello  ESA_TGO! Welcome to #space and enjoy the journey to #Mars!  https://t.co/hCzmM4lOWQ
pos,#Mars 'Sphinx' Spotted By #UFO Enthusiast On The #RedPlanet's Surface https://t.co/LFuTQKuWjj #esfinge #sphinx
pos,This is so cool #Mars #mission #multiplanetory‚ö°Ô∏è ‚ÄúMission to Mars launched!‚Äù  https://t.co/Dzh7s1ILDm
pos,Go Go #ExoMars have a safe Trip to Mars!!!! #Italy #Space #Mars  #Asi #Esa https://t.co/9kjLfKBjdo
pos,Have a safe journey to #Mars  @ESA_ExoMars! cc: @esa @esaoperations @AstroSamantha @NASAJPL @PlanetarioMad @JPMajor https://t.co/wZvcBz9uii
neg,#Mars #InSight mission gets new life after #seismometer failure https://t.co/HL3CWCuktI
pos,Well  that's just awesome! I hope you guys have nothing planned on October 19th  'cause we all have a date on #Mars! https://t.co/O6ZtdujUYl
pos,Hey @1800flowers @1800flowershelp just FYI  New Jersey is located in the #US  not on #Mars! + try and use an invention called a Mobile Phone
pos,I am so proud right now. Going to #Mars @ESA_ExoMars. https://t.co/HuSO90bw2B
pos,Good boy  Proton  you did well #ExoMars #Mars #Roskosmos #ESA
pos,Hello  @ESA_TGO! Welcome to #space and enjoy the journey to #Mars!  https://t.co/IQqp8R9f55
pos,@ESA_ExoMars congrats to all team  next stop #Mars @ASI_spazio @ESA_Italia #AleniaSpace
pos,#Europe is on the way to #Mars - #ExoMars successfully splits from rocket @ESA_ExoMars https://t.co/mXz4RijInY
pos,YEEEEAAAAAHHHHHH! Thank you @Roscosmos for a rockin‚Äô ride to #space! 7 months &amp; 500 million km to #Mars! #ExoMars https://t.co/saDthmxHQ4
pos,Happy PI day!!! #Mars #NASA #space by beemer2mars https://t.co/gj6DwPyx0m
pos,@DiscloseTV: #Mars 'Sphinx' spotted by #UFO enthusiast on the Red Planet's surface #Curiosity ‚Ä¶ https://t.co/m7pa4jCRxY
pos,My friend Manish Patel on succesful @ESA_ExoMars launch today: Mission To Find Life On #Mars https://t.co/9Ee4PtizQX @SkyNews @ESA @NASA
neg,@scraider65  Therefore protesting #Drumpf is a crime. Seems #Fascist to me. #Mars
pos,#ufo #aliens #Mars 'Sphinx' spotted by #UFO enthusiast on the Red Planet's surface  #Curiosity https://t.co/U8RCJaSmiK
pos,#Mars 'Sphinx' spotted by #UFO enthusiast on the Red Planet's surface  #Curiosity https://t.co/6Y8UFVNzPH
neg,Blast off! The ExoMars mission is officially underway  as the spacecraft sets off in search of alien life. üëΩ #Mars #ExoMars
neg,Exomars-2016 - small firing of thrusters will put Briz-M on diverging trajectory to ensure it misses Mars #ExoMars #Mars #Russia #ESA #space
neg,"Do not always make it to #space" seems like a pivotal risk for a Nuclear Russian Rocket https://t.co/KXTaApuki5 @Wired @StocktonSays #Mars
pos,#jobs #jobsearch # #Mars TGO mission heads for Red Planet on methane quest:              #Europe and Russia ha... https://t.co/Tz8WbWUEgj
neg,#Venus &amp; #Mars are #Boxing. OOOH Venus just took her gloves off! Expect Competition &amp; Sexual Frustration. #astrology https://t.co/GiwRtGay1D
neg,When you feel so shittyüíô #Mars https://t.co/YUv5qjKk8w
pos,Step 6 - Separation from the last stage! Success! (CHECK!) @ESA_TGO is safely on its way to #Mars! #ExoMars https://t.co/1zLKPH2pR0
pos,#Mars Stunning Conjunction of Mars and Beta Scorpii This Week - Univer... https://t.co/E9n2piuA0M https://t.co/JyaW5JH1WA
neg,Exomars-2016 - small final firing of Briz-M will put it on diverging trajectory to ensure it misses Mars #ExoMars #Mars #Russia #ESA #space
neg,Briz-M will perform braking manoeuvres that move it away from #ExoMars. It will escape Earth  miss #Mars  live forever in heliocentric orbit
pos,New #mission hopes to sniff out life on #Mars  with a little help from Bruno #ExoMars. https://t.co/JihoxHdbdA
pos,This is why I'm excited for #mars Cool people inventing cool things! #letsgo #inventors #astronautalley This will b‚Ä¶ https://t.co/NArwsEdLeN
pos,@ESA_ExoMars @AstroSamantha @ESA_TGO great video..bon voyage ;-)) #JourneyToMars #ExoMars #ExoMars2016 #Mars
neg,22h @France24_en top stories #Syria #Putin pulls out #IvoryCoast #Turkey bomb #Kurds after #ankarablast #methane on #Mars?
pos,Big congrats to @roscosmos and all involved from the Russian side for sending @ESA_TGO on its route to #Mars. Next: https://t.co/16et9g0eHl
pos,Success! The Briz-M has completed its final burn. #ExoMars is headed to #Mars!!!
neg,@qrayjack I don't mind being a #MARS. A radical change is needed in DC and that's why #AlwaysTrump.  #TrumpNation ‚Üí #MiddleAmericanRadicals
neg,Intelligent life on Mars? Struggling to find any on earth frankly.... #humans #idiots #stupid #mars #alien #stupidity #human #war #notowar
neg,TI Archive: Financial Troubles May Delay Europe-Russia Mars Mission https://t.co/MOHJg6VDdX #delay #europerussia #financial #mars
pos,Go to Mars!!!!!!!!!!!!!!!! ))))) good luck ) #Mars  #ExoMars #ExoMars2016   https://t.co/wbOPFwCI2t
pos,#MARS Mission to search for traces of life on Mars: A better understanding of water on Mars... https://t.co/PQTtYIUtkW #PlanetExploration
pos,The TV adaptation of Kim Stanley Robinson's #Mars trilogy is officially in good hands....https://t.co/aeDU42WpQB #SciFi
pos,Congrats on a successful #PiDay launch of @ESA_TGO #ExoMars! Here's to a quiet cruise and smooth landing! #space #Mars
neg,Catch up with some of today's biggest news stories with @RTENewsFeed #DavidDrumm #rape #Turkey #Syria #mars #crash https://t.co/5G3QljrL0h
neg,SageLinQ #Science Wild Ride to #Mars: Inside #ExoMars' #Schiaparelli #Lander Prototype  https://t.co/E4vyeM7gtn https://t.co/rVcI097fMX
neg,#Venus  planet of Harmony  aspected by #Mars planet of Violence: #GetEmOut is the new theme at #TrumpRally  https://t.co/WPtKs705YK
pos,@AstroEmz @danielscuka @claudiascosmos @marwood82 you have all done great work today!  #Caffeine #Mars #ExoMars https://t.co/vuJn5WfWBR
pos,#exomars #Twitter team have #coffee and #mars bars for final shift :) w/ @danielscuka @claudiascosmos @marwood82 https://t.co/ZK4InL8JH8
pos,Congratultations @esa for #ExoMars2016 launching success #mars #sciences #space #espace #ThalesAleniaSpace
pos,Old news by now  but WaPo's #VR #Mars journey from last week is still too cool not to tweet about: https://t.co/ooXRSRSjdo
neg,@walkinggator @MyPackofWolves Hey the #Martians probably destroyed #Mars &amp; sent their offspring 2 Earth!!! #aliens
pos,Entry  descent  landing reports @Mausonaut vital 4 mission success @SpaceHolgar #marsgen @esaoperations #STEM #Mars https://t.co/rt1unNaNVk
neg,Could it be possibly true ? #Sphinx spotted on #Mars ‚Äòproof of long-lost #alien #civilization‚Äô  https://t.co/aYu6TMNuY9
neg,Recent discovery: nuclear explosions happened on #Mars. Scientists are stunned and amazed: who did it? https://t.co/zDF18wyRWl
pos,Much 2 learn @Mausonaut @SpaceHolgar 4 #marsgen #ExoMars #Schiaparelli @timmermansr #Mars #STEM Great reporting TY https://t.co/QqxsTJW76G
pos,Congrats to @NASA for successfully testing their first #RS-25 rocket engine  next stop #Mars #space https://t.co/fK229DXMug
pos,Proton-M rocket successfully sends European #ExoMars mission on a journey to the Red Planet https://t.co/pKMgrxKtSn via @po_st #Mars
pos,MUST SEE Robert Zubrin with a brilliant answer to "Why Should We Go To #Mars?" https://t.co/PmJopUwT54 #exomars #nasa
pos,Very cool @AstronautAbby w/ @Mausonaut reporting 4 #marsgen at #ESOC #ExoMars #ESA-TGO #Mars @SpaceHolgar        https://t.co/Y8ut0nVwBY
pos,No other planet in the solar system seems to fascinate as much as Mars. #science #tech #MARS  https://t.co/u7NRg7GV8L
pos,New mission hopes to sniff out life on #Mars  with a little help from #Bruno #ExoMars. @YahooNews  https://t.co/VSa5aQ4GhH
neg,Up next on @RTE2 #DavidDrumm #rape #Turkey #Syria #Facebook #mars &amp; #crash https://t.co/8NyShe9QYm
neg,You've got the #Mars rover and now the #ESA #bridget......Bridget  who the fuck comes up with these names?
pos,@idariane to save planet #earth one most go to #mars isnt that strange do you think there is plankton on planet march
pos,Congrats to ESA for the successful #ExoMars launch to #MARS !https://t.co/PAAXafkGsH https://t.co/A0ot0asQUg
neg,wait for me missed my flight #MARS  https://t.co/ZrzJ5HhFs2
pos,Why iii love the moon #stellamariabaer #moon #mars #phonyppl https://t.co/4m1baPHzxu
neg,Morally wrong to be spending billions on #mars exploration while we're cutting services an support for sick and disabled.
neg,Beware #IdesOfMarch! #Mercury #Saturn #Mars #Venus in dire aspects. #Assassination probable! https://t.co/6sUWegThGA https://t.co/6Z4IA5b0CT
neg,That we know there's life on Mars  that's what they're saying we're suppressing. #Mars https://t.co/mIllOcVpFk
neg,The #Mars mission is searching for methane as a sign of life. Martians are silent but deadly
pos,@universetoday: Stunning Conjunction of Mars and Beta Scorpii This Week @AstroBob_bk #mars ‚Ä¶ https://t.co/R8r9baP9D6
pos,TY so much @timmermansr 4 the follow. It's appreciated. @Mausonaut @SpaceHolgar @TheMarsGen #marsgen @AstronautAbby #Mars #ExoMars @ESA_TGO
pos,I hope it will change our understanding on Mars https://t.co/5T5I7qqBM6 #ExoMars @esa #Astronomy #MARS
pos,The main news üì∞ at 8 is #ExoMars - EU-Russian mission to #Mars. Congratulations to @BNT_1
pos,#Security Issues : Agencies Are From #Venus -- Legislators Are From #Mars https://t.co/EN0Iqo2svK
neg,If there is life on #Mars  will right-wingers pre-emptively refuse to accept refugees from the red planet? #RefugeeCrisis
pos,Stunning Conjunction of Mars and Beta Scorpii This Week @AstroBob_bk #mars https://t.co/k5DlHvdnSs https://t.co/XwzoIfpK18
pos,Stunning Conjunction of Mars and Beta Scorpii This Week @AstroBob_bk #mars https://t.co/eioByyUvpv https://t.co/qFzddex7Ds
pos,THE END IS NNNEEEAARRR!! #Terraria #Starbound #Minecraft #LetsPlay #Gameplay #IndieGame #Martian #Mars https://t.co/GfcKVJMDZg
neg,#ExoMars finds life on #Mars. https://t.co/dmwgV2sCEA   [#meme #Banksy #RefugeesWelcome #WestBank #wall #ASI #ESA] https://t.co/BjcAo7ltNH
neg,"If life on #Mars  we don't want to be remembered as species that went to another planet &amp; killed everything" #ExoMars' Vago told dw_scitech
pos,#MARS lower gravity = really cool jump but don't expect to survive a fall from a high martian cliff! #indiedev #UE4 https://t.co/j6v8AOwt2r
pos,#space #news #ExoMars: Joint #Russia/ #Europe #rocket successfully sets off on long journey to #RedPlanet  #mars  https://t.co/mv4sfuRKDD
neg,#Mars. There's a Place in the #Utah Desert Where People Pretend to Live on Mars https://t.co/4rPfUDbxpJ
pos,Colonising #Mars would literally be the coolest thing ever.
neg,The coldest temperature ever felt in Canada was -63¬∞C in #Yukon. That‚Äôs almost as cold as the surface of #Mars! https://t.co/W6mlW8F7Zt
pos,Thnx 1st 100 readers of On Mars series-are you brave enough to survive? Read and find out ;) https://t.co/FYC5gg6LrT #scifi #books #Mars
neg,As @ESA_ExoMars is launched to #mars @roscosmos raise the prospect of a delay to phase 2 https://t.co/iwD695yoJO #space
pos,Thnx 1st 100 readers of On Mars series-are you brave enough to survive? Read and find out. ;) https://t.co/FYC5gg6LrT #scifi #books #Mars
pos,Looks so nice! #Mars #ExoMars #EU #Russia https://t.co/iwDcq04f3K
neg,One of @ESA_TGO 's critical functions in #Mars orbit will be data relay from surface #ExoMars  https://t.co/XL6Yo4HT22
