neg,#space  #astronomy Rubio ends White House quest after humiliating Florida loss: MIAMI (AP) ‚Äî Republican presid... https://t.co/vBgZmtFD0O
pos,Today  we‚Äôre so happy to share with you a fascinating set of 3 Free #Space #Backgrounds.üëâ https://t.co/WuHivG3eR3 üòú https://t.co/9fomYOcebw
pos,search "@nasa" :) #science #space #MarsOne  #mars
pos,A Great Big Mess [2016] Album Details: https://t.co/a1PpGRSec8  #newmusic #musician #ukulele #indie #space #artist #art #aesthetic #music
pos,Congrats and thanks for the knowledge transfer https://t.co/jklzXRngXk @prodrive #space #motorsports #crossfunctionaltransfer
pos,@AbshearTammy  Awesome #space #photo of the #moon  https://t.co/FhMwYw44RS
pos,European Space Agencys ExoMars successfully starts its journey to the red planet https://t.co/Lu3wehXjFI #Space #mars #NASA
pos,Fantastic Flight: The Orion III Spaceplane from "2001: A Space Odyssey" https://t.co/Y1qL7h2z46 #UFO #Space
pos,I want u 2 keep an open mind &amp; hear me out @KGStutts' #SciFi #romance Seth&amp;LoganBrooks https://t.co/C5zke5OHz6 #space #sfr #adventure #pilot
pos,Setting up for a night among the stars! #astronomy #science #space #moon #stars #gorgeous‚Ä¶ https://t.co/jxPuKGSH8j
pos,StationCDRKelly:  I used to have a better view of #sunset. Then a house was built in my backyard while in #space. But I'm outside! ‚Ä¶
neg,@StationCDRKelly i miss your photos from #space
neg,Hacker who stole celebrities' nude photos will plead guilty - CNET #space https://t.co/bLQbAZQRP5
pos,I used to have a better view of #sunset. Then a house was built in my backyard while in #space. But I'm outside! https://t.co/PJEttnfMz6
neg,JJ Abrams-backed web series Moon Shot focuses on the human scientists behind #space travel https://t.co/nRJkqu3g1U via @verge
pos,Happy 266th Birthday to Caroline Herschel  sister of Sir William Herschel - two great astronomers #astronomy #space
pos,#SPACE-MARINE Books - https://t.co/fljCDeqYvB #innovative #new #exclusive
pos,#Space Russia  Europe Successfully Launch ExoMars To Red Planet... https://t.co/9Jjsod9I0E https://t.co/zYzbYPateq
pos,The Interplanetary Reach of Human Exploration in One Beautiful Chart #Space #thefinalfrontier https://t.co/LhlB9WNoia via @PopMech
neg,Hey @KimKardashian and @kanyewest! It's funny because it's true! Your bed must be #nasty #space #DirtyBed https://t.co/U94o4l1XAZ
pos,.@elakdawalla - pls signal boost this @kickstarter campaign by @apolloVII_XVII https://t.co/EBAwLqz4oG #apollo #nasa #space
pos,.@BillNye - pls signal boost this @kickstarter campaign by @apolloVII_XVII https://t.co/EBAwLqz4oG #apollo #nasa #space
pos,A 'Great Wall' of #galaxies 1 billion #light-years wide may be the largest object ever found ~ https://t.co/3WYvCTAvmR #space
pos,.@BadAstronomer - pls signal boost this @kickstarter campaign by @apolloVII_XVII https://t.co/EBAwLqz4oG #apollo #nasa #space
pos,.@exploreplanets - pls signal boost this @kickstarter campaign by @apolloVII_XVII https://t.co/EBAwLqz4oG #apollo #nasa #space
pos,.@StarTalkRadio - pls signal boost this @kickstarter campaign by @apolloVII_XVII https://t.co/EBAwLqz4oG #apollo #nasa #space
pos,.@TheRealBuzz - pls signal boost this @kickstarter campaign by @apolloVII_XVII https://t.co/EBAwLqz4oG #apollo #nasa #space
neg,IOS Space Shooter Space Guardian: The Beginning https://t.co/j4MtkeKtqc #Space #Shooter https://t.co/av4xBjZCN3
pos,Fantastic Flight: The Orion III Spaceplane from "2001: A Space Odyssey":       submitted by    ... https://t.co/VENyiUuMbz #Space #Reddit
pos,Moonraker is the best James Bond movie. #jaws #space #godawfulgraphics
pos,Cool Quotes About Space... https://t.co/1xfMSDb1VH #Space #Quotes https://t.co/X3QM4swVmf
pos,If you care about #space #science #photography #planet / take a peek at @StationCDRKelly's best pics _BEAUTIFUL_ https://t.co/4AawZXtlxq
pos,Space #comedy #voiceover #art #music #purplefrogpenguy #funny #space #sketchcomedy #comic https://t.co/qVDcEgRLYE
pos,I‚Äôm a little confused. Is it pronounced ESA  like one word  or do you say it letter by letter: E-S-A? #space @esa
pos,Great cosmic #music 'Universe'https://t.co/keDXE9niqp #indiedev #NowPlaying #electronic #technology #space #gamedev https://t.co/g68mfJS6nm
pos,Great cosmic #music 'Universe'https://t.co/Keh4mRqOU2 #indiedev #NowPlaying #electronic #technology #space #gamedev https://t.co/SmqhXjEMGC
neg,Getting ready for Club Space tomorrow with the Incorrect Music family! Gonna be a blast ÛæçòÛæ≠ò #supernova #space... https://t.co/dcf0qIr1Pl
pos,So  in this year  what kind of awesome space film would it be  Hollywood? #space #film #2016 #canthardlywait
pos,üì∑ provocative-planet-pics-please: #spacegram #space #spacestation #iss #science #cool #milkyway #bigsur... https://t.co/pn0Q1fdjJV
pos,üì∑ provocative-planet-pics-please: #spacegram #space #spacestation #iss #science #cool #milkyway #bigsur... https://t.co/pC0aVecErX
pos,This Breathtaking Chart Shows Just How Far Humans Have Ventured into #Space https://t.co/hzPgY9X01x
pos,üì∑ provocative-planet-pics-please: #spacegram #space #spacestation #iss #science #cool #milkyway #bigsur... https://t.co/ZtHB6P9n8P
pos,Pilot The #Apollo11 Moon Landing In This Amazing #VirtualReality Simulation  https://t.co/xqP49lQtm2  #space https://t.co/UBFyyeQxlk
neg,Rocket Cat is still in stock! Grab yours in your favorite size before they're gone! https://t.co/AQK9RNvwL4 #cat #space #ClothPad
neg,#Space #News NASA chief: Apollo engineers who criticize SLS don't grok modern rocketry - Ars Technica https://t.co/TimFootSQv
pos,üëè This meme hits the post! üöÄ #murica #merica #america #usa #space #selfie #instadaily #meme #humor #toofunny #nasa ‚Ä¶ https://t.co/u48NEBoJNi
neg,The Martian is awesome  can't believe I never watched it sooner #myfilmoftheyearsofar #space #is #fear
neg,How to do a #spacemission on the cheap according to artist üöÄ#TomSachs #art #space https://t.co/OifgMo84Bn https://t.co/uasob6Ls7T
neg,Thank you for the bomb advice @Ljpgilmore I'm feeling better already #space https://t.co/flvVe86QPG
pos,#ScoutItOut is a trusted marketplace to list #manage and #book unique #creative #space. Watch: https://t.co/0wsK5v0C4q #NYC #PerformingArts
pos,'The Beautiful Trifid' https://t.co/xgzKFibV3n #space #universe https://t.co/J24qKKj5nT
pos,Google doodle celebrates great astronomer Caroline Herschel! https://t.co/0f5NyCpF0v #space https://t.co/XS08KlW72B
pos,What Does The Inside Of A Black Hole Look Like? https://t.co/KJm4U8a7I1  #space #science https://t.co/BmoiCiW3ve
neg,Tag your evil buddy #space #puterianation #miami #tarrosfulleffect #notmethough #repost #share https://t.co/0Ts4afsmoK
neg,The Archons - #Alien Invaders From #Space https://t.co/KoS69KnCzb
pos,Here's The Coolest Thing About @NASA 's Eclipse Video | https://t.co/JS4FjojviL #space #solar @DS_COVR @NASASunEarth https://t.co/XF8khCS6QI
neg,Song :Call the cops - katdrop #edm #house #dubstep #weed #bandanna #plur #cosmic #space ...
neg,Song :Call the cops - katdrop #edm #house #dubstep #weed #bandanna #plur #cosmic #space ... https://t.co/CACevVNuNc #EDM
pos,The Chart of Cosmic Exploration Elegantly Details 56 Years of Human Adventures into #Space https://t.co/hxfD43yjdN via @colossal
pos,Canadian Astronaut praises UAE space industry #space #education #tech #science #cool #engineering https://t.co/VFyulBaRFL
pos,#NASA Preps For Big US Solar Eclipse With Pacific Event | Exclusive Video @SPACEdotcom https://t.co/Dng82b3pz9 #news2 #space #universe
pos,so proud of what my kiddos have made #galaxy #planets #terrain #space @ Naples Preschool of the‚Ä¶ https://t.co/CEV4XSl4LE
neg,Space death 2.0 #artistworkout #watercolor #character #death #space  #skull #painting #art https://t.co/LWUMva7u0C
neg,#Hackathon Alert! #Space hack on the 30 June-1st July @unimelb w/ @unimelbspace + out my latest wrap if you haven't https://t.co/7yupKTDUjv
pos,Ooh! @PopChartLab made an awesome chart of cosmic exploration! Classroom deco #space #science #ozscied #STEMed https://t.co/quQbGq400z
pos,Check Out These Interesting Facts About Mars! https://t.co/KOqbWUVlDr #Science #Mars #Space https://t.co/Rtykwye4gP
neg,The Horse and the Flame #Space #Astrophotos https://t.co/zmLeNLg7Gr
pos,Check Out These Interesting Facts About Mars! https://t.co/X79Ww0Yl6Y #Science #Mars #Space https://t.co/NeOBpA1qkf
pos,TY #genecernan 4 advocating #mar's missions Explore we must  as u well know #space lovers not 2 miss @LastManOnMoon https://t.co/avAMTT6H2m
pos,Check Out These Interesting Facts About Mars! https://t.co/Ur0stIgPF3 #Science #Mars #Space https://t.co/9QbDDnAHUp
pos,Did you know each day on Pluto lasts for 6.4 Earth‚Äôs days?  Amazing Video: https://t.co/tdnLWsxgQh #Space #Pluto https://t.co/G5ZWL3tcpz
pos,Check Out These Interesting Facts About Mars! https://t.co/30PjDpvNWb #Science #Mars #Space https://t.co/vy6Gdgdjkb
neg,Apple says Constitution 'forbids' what FBI is asking - CNET #space https://t.co/dHbuebAcG9
pos,#space #nut Diving into a bowl of infinity and tomato sauce tonight  folks! #vegansofinstagram‚Ä¶ https://t.co/wuV0NoPabk
pos,Cool Quotes About Space... https://t.co/xtc44fCETe #Space #Quotes https://t.co/mpvJRfrEoc
pos,"High Jumping on the Moon" looks like fun in this 1957 #space card from Topps. https://t.co/1CUvEITb8U
pos,I love the future...  #futurist #space #science  https://t.co/5iatPG1KVX
pos,Space Tourism Needs "Rules" In 5 Years To Support Rapid Growth  Says UN - https://t.co/8wZQTpmvrl #space #news https://t.co/fnNMvNJair
pos,#NASA Celebrating 90 Years-less than century ago  #science relied on ground based observations-and now... https://t.co/TWmOTbuzfq #space Mdx
pos,#NASA Celebrating 90 Years-less than century ago  #science relied on ground based observations-and now... https://t.co/Q6ThczMiXy #space Mdx
pos,Nice. Chart of #space exploration probes. #design https://t.co/NoNM6USUzn
pos,üë† Fascinating and beautiful star constellation!   #nasa #stars #space #universum https://t.co/B0dzYNRuCz
pos,üë† Fascinating and beautiful star constellation!   #nasa #stars #space #universum https://t.co/4KHd44zIpT
neg,#IOTD The Sun's magnetic field by #NASA's Solar Dynamics Observatory (SDO) in #space  12 Mar 2016 https://t.co/0aIWqzeAse
neg,Have you heard ‚Äò#SPACE INVADERS‚Äô by @chrisc___ on #SoundCloud? #np https://t.co/JQhoHv1nJ8
neg,6 insane things about #space travel that #movies got right https://t.co/RxoxHoaNpt #cracked https://t.co/LmcHtQSl17
pos,ARE YOU DREAMING OF ME TOO? #love #space #dream #universe https://t.co/0KhypEYWi0
neg,Charlie Bolden Throws Serious SLS Shade on Chris Kraft - https://t.co/haZt90kq2D #space #news
neg,Why is discovering alien life important?  #aliens #space #future #mars #extraterrestrial  https://t.co/BCdtzlqhAF https://t.co/uZEFSrcXQp
neg,#Sensor laden #CubeSats to monitor #pollution &amp; #weather https://t.co/GEwJ2VBoIk #space #bigdata #IoT #satellites https://t.co/FlmyWmDSyM
pos,@ggreenwald Watching the #Space innovations got me writing  hope you like  I appreciate Ur a busy man. https://t.co/fVfBPvAmVk . P.S TY 4U X
pos,NASA backs 4 solar cell projects to aid deep space missions #solar #space https://t.co/tYfuowbwby
neg,Weirdest planets discovered by NASA Kepler Satellite! #space #science #discovery #planets https://t.co/beBIIaSnkY
neg,I hate not having no #space if I had an dude he would have no #room ta put his #clothes frfr
neg,William Lanksy  Mob boss &amp; villain #TheBlackBeyond #art #space #RPG #videogames #gamers #painting https://t.co/BfD6Yegkbo
pos,IG: https://t.co/ekZVXPPyDS "Some nice spaceweather tonight. :-) #spaceweather #aurora #northernlights #polarlights #space #earth #weather‚Ä¶
pos,Our footprints in #Space have some nice curves. https://t.co/glz8GPIq9J
pos,Salar by starlight üåü #milkyway #starlight #stars #galaxy #space #world #wanderlust #love #salar‚Ä¶ https://t.co/E9NrerVKmL
pos,Beautiful  Credit: NASA/JPL-Caltech/Space Science Institute  #nasa #space #saturn #cassini #enceladus #solarsystem ‚Ä¶ https://t.co/G8SglZHLKX
neg,Death space #artistworkout #watercolor #death #skull #space #paint #art https://t.co/3FbjUdnUJw
pos,Beautiful  Credit: NASA/JPL-Caltech/Space Science Institute  #nasa #space #saturn #cassini‚Ä¶ https://t.co/TyG9EeT1l5
pos,Beautiful  Credit: NASA/JPL-Caltech/Space Science Institute  #nasa #space #saturn #cassini‚Ä¶ https://t.co/34IFBUGwNO
pos,How are you feeling @StationCDRKelly? Bet you're loving the food  fresh air  the warmth of the sun &amp; showers! #space https://t.co/K5NQRvtCX1
neg,View of Earth from the Apollo 13 Lunar Module window:       submitted by    /u/saganistan  [lin... https://t.co/XGgao9EMrp #Space #Reddit
pos,Fantastic Flight: The Orion III Spaceplane from &amp;amp;quot;2001: A Space Odyssey&amp;amp;quot; #space https://t.co/NkMpr1W1EP
pos,Fantastic Flight: The Orion III Spaceplane from &amp;amp;quot;2001: A Space Odyssey&amp;amp;quot; #space https://t.co/AO5VWx1IkD
pos,Fantastic Flight: The Orion III Spaceplane from &amp;amp;quot;2001: A Space Odyssey&amp;amp;quot; #space https://t.co/q0EW1j0GKA
neg,STUNNING: Amazing STAR WARS Force Awakens Concept Art https://t.co/XDCEfeaLcc #starwars #art #Scifi #space
pos,Here's a nice #space / #earth picture https://t.co/jBrmhDqTKQ
pos,Major Security Issues Remain Within NASA IT Systems - https://t.co/TjeVK0nbp6 #space #news
pos,Amazing artwork from axeiv #art #artwork #space #amazing #gorgeous #alien #robot #tribe by crade_ https://t.co/61XMQqV33s
pos,How To Create A Cozy Living Room  https://t.co/qOMmzH2W6J #decor #space
pos,#STREAMING #RADIO test @ https://t.co/RKz5L1WMrv successful &amp; satellite shutdown in 5mins Gliding into #SPACE dock https://t.co/D4DCFABwB9
neg,Force field revealed Stunning image shows star's magnetic lines in incredible detail#Spacehttps://t.co/dwkTFCj9dE https://t.co/dK0JONvZBc
pos,A cool video by a BYU Alum. https://t.co/mILQcRc0mi #byu #youtube #nasa #space https://t.co/72SMMfATY1
neg,Is This Bizarre Corpse Found In A Garden An Alien Creature From Outer Space? https://t.co/lWiZ3h79ej #Viral #streets #above #Space
pos,Great environments produces great results: https://t.co/A27Zr5Zlzh #space #environment #art #focus #work #study https://t.co/JNuIQhC0sR
pos,... Fun #dubsmash times with #bluepeter's @iamradzi on a secret @CBBC film...@dubsmashapp #bowie #MajorTom #space https://t.co/QsyVmckJsh
pos,‚ÄúBlue #Moon Fest!‚Äù #Omega 44mm #Speedmaster #Moonwatch Co-Axial #Chronograph #luxury #space https://t.co/60ql04vDPM https://t.co/5MxIa25khR
neg,#space #astronomy Enter the Wormhole  Anomalous. by 3RDAXISDesign. .  js https://t.co/VdnPkAEuxq
pos,#NASA is recycling - good idea! #space #science #mars https://t.co/12Cq9lT7cZ
neg,Dental hygiene should be an important part of everyone's life‚Äîeven if you're floating in space! #Space https://t.co/5xS7TR214q
pos,#99p Child of Space by E C Tubb. Gripping sci fi thriller. #sciencefiction #ebooks #space https://t.co/1AczbpNku7
pos,#NASA is recycling - good idea! #space #science #mars https://t.co/ABQaG929yr
pos,I‚Äôm excited to be participating in the 2016 Exomed Conference in June! Join us! https://t.co/cum8DWQdGE  #Exomedicine #Space @space_tango
neg,links_drop: Could Humans Really Live On #mars? - https://t.co/9irZq8PYC7 #science #Space #Livingonmars https://t.co/BYyLtkflBb
pos,#Space (We All Dream About) : #Got this pretty cool photo of auroras above northern sky [O‚Ä¶ https://t.co/gfRIrsJSbw https://t.co/rymkBNRkOh
pos,Mission to success  at National Harborüá∫üá∏ #satellite #space #defence #nationalharbor #virginia #usa https://t.co/ID5hIpv1nB
pos,.@MDA_SatSystems employees were sharing their passion for #space at Les filles et les sciences! @polymtl https://t.co/kQx9T2HjvW
pos,.@MDA_SatSystems employees were sharing their passion for #space at Les filles et les sciences! @polymtl https://t.co/PY9SGhbBoV
neg,JJ Abrams-backed web series Moon Shot focuses on the human scientists behind #space travel https://t.co/1Qh7qcttW0 #moonshot
pos,Earth From Space 4K - Himawari 8 UHD Images of Earth  https://t.co/t12FeGDqB0  #space #Earth #satellite #peace #beauty #art
neg,#NASA Reveals:#China plans to Exit #EU-#Union..#Chexit: #Space-#Banking: #OWS #FeelTheBern #SinglePayer  https://t.co/d4ATmepxsR @SputnikInt
pos,Got this pretty cool photo of auroras above northern sky [OC] [3888x2592] #Space https://t.co/QUUReXfz9S
pos,#authors should reread their books a yr after pub to see how to improve &amp; make changes for next printing. #amwriting #space
pos,The peace and calm of Lough Erne late afternoon #quiet #contemplation #beautiful #space @bbcweather @angie_weather https://t.co/24ohCU1TFk
neg,JJ Abrams backed web series Moon Shot focuses on human scientists behind #space #travel - #science .@RaeSahota  https://t.co/vCFPIsrKnx
pos,Celebrate #IdesOfMarch with #Shakespeare in #Space: https://t.co/xeJVHBjM1l https://t.co/4bsk8V3Pgk
pos,#space-marine #Kindle New Season - Tons of favorable reviews... great read! https://t.co/eF9FQEt8ZL
pos,@sherwoodobs Thanks for all the #space fun and facts! @1stFarnsfield Beavers had a great time ‚ò∫Ô∏è https://t.co/gDxLVxW3Nh
pos,So cool to see @Astro_Jessica and @VicGlover get people excited about space. #NASA #Space #SXSW #NASASXSW https://t.co/E37SBcqPkw
pos,This is exciting news #astronomy #planetarium #space https://t.co/KbrsXeweoL
pos,So cool to see @Astro_Jessica and @VicGlover get people excited about space. #NASA #Space #SXSW #NASASXSW https://t.co/5rm9KcRqFt
pos,thought this was awesome &amp; definitely worth the share #JoeRogan Seeing #Earth From #Space  https://t.co/W8Q9c7sklC https://t.co/G7ojIlcZWP
pos,University of Michigan's anti-ice coating would be perfect for cars - Roadshow #space https://t.co/djYj1gXsFC
pos,Sssssh... I'm painting again #watercolor #silhouette #masking #maskingfluid #space #salt #wind https://t.co/8CufrBFHuL
neg,Seems meteorites wouldn't be an emergency cos of their large volume [https://t.co/2Jq382oGId] #ONeillCylinder #Space https://t.co/a44OE8pzvx
pos,Proposed O'Neill cylinder space settlement designs sound cool [https://t.co/2Jq382oGId] #ONeillCylinder #Space https://t.co/cv3JCYk9Rg
pos,by the_space_revolution Earth is beautiful ‚ôªÔ∏è #space #science #spacex #astronaut #earth #world #travel #aviation #e‚Ä¶ https://t.co/kdfaZyTFIo
pos,Beautiful #space https://t.co/9DYRaBURpU
neg,#Top 5 Weird Facts About Mysterious Uranus: Photos https://t.co/l3FZB4rMKD #Space.com  news  space  Top 5 Weird Facts About Mysterious Ura‚Ä¶
pos,This Breathtaking Chart Shows Just How Far Humans Have Ventured into #Space https://t.co/O7ui361zvF #astronomy
pos,Published today on https://t.co/crnWkc9gkW thanks https://t.co/QxvhsQxO5I #space #astrophotography https://t.co/LNv9IqD2fY
neg,xxx Wow sounds canny shit with all this guff #space #toon #monkeytennis #punk #hardcore #sxe xxx https://t.co/KUJs2TugmJ
pos,Early bird trip to #Ibiza ‚úÖ  SAVE DATES - happening end of April #ibiza2016 w/ #Space #Sankeys #Pachaüçí  Do it üí• https://t.co/SyzSQVjTdD
neg,Here's why stars explode - #science #space #astronomy .@RaeSahota .@UFO_NASA_TRUE  https://t.co/r0jZ6AHGuq
pos,Beautifully made music video with #space images  watch "@robotkoch Eclipse (ft Julien Marchal) Official Video" https://t.co/iq0b4xAVH7
pos,The Interplanetary Reach of Human Exploration in One Beautiful Chart https://t.co/LoMwJVTo89 #space
neg,#classic #WestHollywood #WholeFoods #Fight #ParkingLot #space #battle @wholefoods Apparently not‚Ä¶ https://t.co/IZVCV396uT
pos,7 years ago we lost a brave pioneer  never forget via /r/#space https://t.co/mGS4PxHbuz
pos,#space https://t.co/YxWH0gDPdD 7 years ago we lost a brave pioneer  never forget
neg,Really need some personal space of my own in this house! Literally nowhere I can sit and focus on independent learning #argh #space
pos,Like #space? Like #Florida? This may be for you! https://t.co/yuKF5cEb7w
neg,https://t.co/efbBpyieHl Bill's Pick for 3/15/16: #Electrical #Safety: #Space #Heater #Hazards @ESFIdotorg #electricalsafety #shockprevention
pos,Thank you  Robert Goddard! #space https://t.co/2BuQLl2Pzj
pos,New Galactic Supercluster Map Shows Milky Way's 'Heavenly' Home: https://t.co/G0zSRaBln2  https://t.co/A8Zk4EqgXf #space #nasa #nasasocial
pos,New Galactic Supercluster Map Shows Milky Way's 'Heavenly' Home: https://t.co/SU9aJfYKyS  https://t.co/LRnoyjhCfu #space #nasa #nasasocial
neg,#MyDreamHouseHas #space to use #power #wheelchair #Oxygen &amp; #House #Carer Let me #Live &amp; #Let me #Die here @JaneEllison keep¬£50 000 4 Stage2
pos,Super awesome map!!! @hankgreen -- The history of space exploration on a single space map https://t.co/YLf2NqwsRE #Space
pos,#space #excited #nasa #gydysimateivius by a_rtuma https://t.co/fdrOk0qokG
neg,#MyDreamHouseHas #space to use #power #wheelchair #Oxygen &amp; #House #Carer Let me #Live &amp; #Let me #Die here @DianaJohnsonMP ¬£50 000 4 Stage2
pos,Beautiful Ambient Space Music | Part 3 https://t.co/ycGUQ6bPPu #Ambient #Space #Music #Peace
pos,Inspiring to see team in @PwC_UK @strategyand step up while I was away on hols. Shows the power of #space &amp; #responsibility
pos,Late Night w/ @TinyTurtleSA! (feat. BUBBLES!!! and #Divinity: #OriginalSin!) || https://t.co/FUvrQ6CqoN || #adventure #space #time #magic #k
neg,#MyDreamHouseHas #space to use #power #wheelchair #Oxygen &amp; #House #Carer Let me #Live &amp; #Please #Let me #Die here @AlbertOwenMP #NHS #HepC
neg,My first time lapse of Jupiter!:       submitted by    /u/lilvipa  [link]   [comments]  https://t.co/J04ggFgq6K #Space #Reddit
neg,#MyDreamHouseHas #space to use #power #wheelchair #Oxygen &amp; #House #Carer I #want 2 #Live #Please #Let me #Die here @OwenSmith_MP #NHS #HepC
pos,#Astronaut Scott Kelly's 12 Best #Photos from His Year in #space - #science #news #photography .@RaeSahota  https://t.co/oqsgFGDko3
pos,Good Night  Twitter! #goodnight #twitter #space #nebula #TrifidNebula #NGC6514 #Hubble https://t.co/EK5FhZ46PV
pos,Russia Hopes New #Nuclear Engine Will Enable Faster Commute To #Mars via @MNetNews #space #rocket @rosatom https://t.co/cDKnqW7k0P
neg,Jack and Sally from the Nightmare Before by TheSpaceNeedle https://t.co/1ISPnyoM3Y via @Etsy #handmade #toys #plus #space #geek #science
neg,Top 5 Weird Facts About Mysterious Uranus: Photos - https://t.co/paD0LD2vCW #space #news
neg,JJ Abrams-backed web series #Moon Shot focuses on the human #scientists behind #space #travel ... https://t.co/46ompSbjKN
neg,#MyDreamHouseHas #space to use #power #wheelchair &amp; #Oxygen I #want to #Live #Stress #free #Let me #Die here @_PaulMonaghan #NHS #HepC HELP
pos,We never tire of @NASA‚Äôs epic #space shots: dark dust between the Pleiades star cluster &amp; the California Nebula https://t.co/5jyw5j5DQn
neg,#MyDreamHouseHas #space to use #powered #wheelchair &amp; #Oxygen I #want to #Live #Stress #free #Let me #Die here @ShonaRobison #NHS #HepC HELP
neg,14 Photos of Abandoned #NASA Facilities https://t.co/QxTDbia5zT #space
pos,How this son of migrant farm workers became an astronaut #inspiration #hardwork #success #space #astronaut #career https://t.co/PV3lTNvE72
pos,Fantastic Flight: The Orion III Spaceplane from "2001: A #Space Odyssey" https://t.co/dwnGOMuS7c https://t.co/2I86NvDiYl
neg,First Try at Horsehead and Flame Nebula #Space #Astrophotos https://t.co/bOv9JHtml9
neg,Top 5 Weird Facts About Mysterious Uranus: Photos https://t.co/kbn3GFdhcf #SPACE.com
neg,Top 5 Weird Facts About Mysterious Uranus: Photos https://t.co/KBHxCOMYG8 #space #news
pos,Cool Quotes About Space... https://t.co/NFmqpt9c1H #Space #Quotes https://t.co/eDPZ8MXGsg
neg,It's the same ship. It's impossible to get the whole thing in one shot. #StudentChef #Space‚Ä¶ https://t.co/YjYdb0Mmhs
neg,Heston  we have a problem... Top chef Heston Blumenthal cooks for Tim Peake in #space! https://t.co/N1vNd5RunX https://t.co/SiYiICyy5H
neg,IG: https://t.co/XqtSJ8czQm "Keef on the space-axe  #space #axe #guitar #afro #desert #storm" ~mu2theband
pos,THE #space BETWEEN YOUR EARS!!! HAHAHAHAHAHAHA!!! #ha https://t.co/sfYDrA3CKw
pos,my #galaxy #bag collection üåüüåüüåü #stars #space #galaxy #astronomy #astrophotography #beauty #dreams #orion #andromeda https://t.co/Bf0OQA9DPk
pos,#HASC hearing on FY17 budget for national security #space: https://t.co/zrZshr9kG1
pos,Year 5 had fun creating the phases of the moon using Oreo's. #space #perserverance https://t.co/tCOjDLewyi
pos,Google receives hilariously timed patent for autonomous-car bus detection - Roadshow #space https://t.co/EctU38ytCX
pos,Hughes Aircraft Company https://t.co/K0VdfiXDYc An amazing list of achievements #companies #technology #aircraft #space #medicine
pos,#Africa #Space #SANSA Congratulations to ESA on the launch of  #ExoMars https://t.co/gRtRvQRgiw‚Ä¶/ExoMars_on_its_way_to_solve_the_Red_Pl
pos,Hughes Aircraft Company https://t.co/Y0VasQfC3V An amazing list of achievements #companies #technology #aircraft #space #medicine
pos,#Science-Fiction -New Sky https://t.co/deoXrmWArp - Eyes of the Watcher #Adventure #Amazing #Space-Marines
neg,Earth Exile #space #illustrator #illustration #graphicdesign #graphicdesigner #moon #bonsai https://t.co/gTUkhmkl8E
pos,Hey  I found this really awesome Etsy listing at https://t.co/1GONYhisHB #etsianstyle #etsy #galaxy #nebula #space
neg,RIP Space Bat. Your courage will never be forgotten.:       submitted by    /u/BugMan717  [link... https://t.co/M4f1vyQOdL #Space #Reddit
pos,7 years ago we lost a brave pioneer  never forget:       submitted by    /u/Ryuzaki51  [link]  ... https://t.co/9ySt72KfBN #Space #Reddit
pos,This was taken in Ireland. This is why we should have blackouts every so often. #science #space #universe #amazing https://t.co/x0ZFjj5Bso
neg,Sorry  But There"s Disappointing News About That LeBron James "Space Jam" Sequel https://t.co/yiqRnhGmei #UFO #Space
neg,First boss: destroys walls as it fires its mega laser; run! #screenshotsaturday #gamers #RPG #videogames #space https://t.co/Rox2Kfqn3c
pos,Help save our #community #space #Totterdown #Bristol #publicspace #communityspace #communityasset sign this petition https://t.co/7uiPvHEYeB
pos,The most interesting moments&lt;firest step on the moon  probably i'll be there&lt;hard dream :") #space #nasa #astronauts https://t.co/glYLn0pvWC
neg,I can't wait to waste my life playing this game! https://t.co/MP54NApmhD #NoMansSky #videogames #space #exploration #VR #bitcultures
neg,@Sareheadies @tequilaheels1 @AmandaDo_y @Lee1One @MrDDyer wtf #space dust #gwyneth? What am I missing here ladies?
pos,Exotic #Saturn! Saturn in infrared https://t.co/4ZhV8us2H3 #space is #weird https://t.co/OskvAGehyE
pos,Forte #Apartment in #Portugal  https://t.co/hthpGGyjai A great #place with #space for all https://t.co/oDrfDG24AJ
neg,Alien satellite orbiting Earth losing altitude. #space #aliens #science #tech  https://t.co/w0clONRDdj
pos,#SouthAfrica from #space absolutely incredible! I wonder what part of sunny SA that is? https://t.co/016HAOkfy3
neg,AlphaGo wins a close one to wrap up battle of man vs. machine - CNET #space https://t.co/mqdkjLF7uN
pos,Delicious swirls of #Mars‚Äô dune seas. Credit: @HiRISE camera aboard the MRO https://t.co/tfSTEvpb5p #space https://t.co/9ouCXXdbwO
pos,Year 1 Space &amp; Science Workshop! Thank you to all our parents/grandparents! #TimPeake  #space #scienceweek https://t.co/qX9nbIjQGL
pos,Just a little #watercolour painting I did~ Inspired by #space! üååüåô ‚òÑ https://t.co/HY5Ts7gFzv
neg,@JulieLoeper...I'm aware that a "spoiler". It's been 3 months  if you haven't seen it by now  what the hell? Scott Kelly gets a pass #space
pos,Messier 106 and six friends from the NGC #Space #Astrophotos https://t.co/cwijzJzIkM
pos,When Can The Rest Of Us Play With NASA's Cool Toys? - https://t.co/O4FJH4QP5H #space #news
pos,#space: 7 years ago we lost a brave pioneer  never forget | https://t.co/QPveQKfyuc https://t.co/01oB0a6Lfe
neg,Thx @StationCDRKelly! After spending a year in space  Scott Kelly retires from NASA https://t.co/RqpzrQBDyo #space https://t.co/8PNZ8flVwS
pos,China reveals plans to build space telescope better than Nasa&amp;#039;s Hubble - Daily Mail #space https://t.co/cscXTTLoJE
pos,A beautiful #painting expression by SAI student Jessica. #art #constellation #space #innovate https://t.co/95w7r5TfIb
pos,Cool Quotes About Space... https://t.co/mZgOhBdGxh #Space #Quotes https://t.co/fLQGx24vlT
neg,Dinosaurs &amp; Space‚Äî and Biology  Physics  Chemistry  and Planets ... - The Planetary Society (blog): Din... https://t.co/q2tAVFAAfy #space
neg,Call to action @libraryofthings do you know any of these ppl who could help? #retailers #lawyers #risk #space https://t.co/D7eWhexuq2
pos,Love this üôèüèºüåçüíÄ‚òÑ #fearnothing #skeleton #stardust #ghost #rock #earth #space #universe #star‚Ä¶ https://t.co/4FuZBxR8gc
pos,Space friends at the Trade Show! #sxsw2016 #sxsw #austin #texas #usa #sxswi #nasa #space #‚Ä¶ https://t.co/IFBUjaxuGG https://t.co/gTGNVMewY5
pos,Stare deeply into this beautiful summertime panorama of Mars' south pole #space #Mars https://t.co/GjaThh1ea0
neg,Hashtag #FACT amiright üåü‚ú® #Science &amp; #Shit #Magic #FarOut #Intergalactic #Magic #Space #Stuff‚Ä¶ https://t.co/KCIu3dwTIv
pos,Welcome to STAR CITY #Adventure #Space #Rio2016 #SocialMediaMarketing #Startup #CEO #Entrepreneur #GrowthHacking ‚Ä¶ https://t.co/IFMyptLY0S
pos,Welcome to STAR CITY #Adventure #Space #Rio2016 #SocialMediaMarketing #Startup #CEO #Entrepreneur #GrowthHacking ‚Ä¶ https://t.co/FHjza7oAfA
neg,Spacecraft Deployment  by Country 1. Russia 2. US 3. China 4. Japan 5. India 6. France 7. Germany 8. UK 9. Canada 10. Italy #space
pos,Wanna fly into the #ISS? Thanks to @esa now you (virtually) can! Check this out: https://t.co/5Ibz7367Fn -- #space is #cool!
pos,Sharing some of our fantastic displays around school #worldbookday #space https://t.co/4YTATvPVvK
pos,UK NEWS: Did you see our Save the Date announcement? https://t.co/BQoLJL1P52 #space #astronauts https://t.co/jqft3qHwPC
neg,#nasa #world #space After spending a year in space  Scott Kelly retires from NASA - Geek: GeekAfter spending a... https://t.co/bfeeG9EoaG
neg,Near-Mutiny on Apollo 7: Colds  Tempers Marred Mission:       submitted by    /u/BacklotTram  [... https://t.co/bVHHey4Tiw #Space #Reddit
neg,‚Äú...a 2nd generation Martian would be unfit to walk unaided on Earth‚Äù  https://t.co/i0udkARNtL #space #Mars
neg,Older homes or apartments can be charming  except many lack #closet #space. You can change all that. https://t.co/ArgZcDzHrO
pos,Google receives hilariously timed patent for autonomous car bus detection - Roadshow #space https://t.co/EctU38ytCX
pos,.@Astro_Suni's tour of the #ISS is one of my favorites!  Check it out on #youtube. #space https://t.co/cEqPj3Cm9C
neg,Got bored vol.19 üëÅüîò #space #effect #eye #stars #starshaped #linework #circle #spiral #lines‚Ä¶ https://t.co/VIJNKQp3aU
pos,And now... a bit of space art in progress.... #space #art #SF #TeaserTuesday https://t.co/HYAOAjAxUC
pos,Love action #adventure #console like? Try THE BODY CHANGER https://t.co/YcEq0ciald #indiegame #gaming #space #share https://t.co/hpaNBEpphn
pos,üíïcute new cards listedüíï https://t.co/63qHm0i7ia‚Ä¶ #epiconetsy #craftbuzz #wineoclock #majortim #space #womeninbiz https://t.co/7dbll0L0bK
pos,Check out @NASA response to @silcoatesschool pupil on youtube https://t.co/Ra9ovTmBQb Hi Ted  we are keeping up the good work here! #space
neg,Smelly lunches  loud staff &amp; passive aggressive emails are part of working life. But lack of light  A/C &amp; #space don't have to be #newoffice
pos,#Fantastic Flight: The Orion III Spaceplane from ‚Äú2001: A Space Odyssey‚Äù https://t.co/3sSduJY7Md #Space.com  Fantastic Flight: The Orion I‚Ä¶
pos,LISTEN LIVE NOW: Space Station Supply Mission Science Briefing: NASA scientists will host a me... https://t.co/14i0XDOohS #Space #Awesome
pos,Iran Space Launch Center Activated? | Video: ran‚Äôs Imam Khomeini space launch facility¬†has bec... https://t.co/bnktLrd8Va #Space #Awesome
pos,A new little goodie to go with our Space Collection. #space #planet #birthday #partysuppli‚Ä¶ https://t.co/Y3Ls23WJKJ https://t.co/wlh6ejqBry
pos,#Polaris and the #Plough. #space #stars #bigdipper #greatbear #constellation #astro more &gt; https://t.co/LvQCbQ8iJY https://t.co/XaydBlAOPr
neg,Packed house for @NASA on going to Mars. #nerdslovespace #space #SXSW2016 https://t.co/BoXirJmBOy
neg,Space invader ties are cool üòé#suitup #whoami #space #invader #spaceinvaders #dork #gaming #l4l https://t.co/FUa1onvh8f
neg,Virgin Galactic Space-Tourist Bookings Back to Pre-Tragedy Level ... - Bloomberg: BloombergVirgin Galac... https://t.co/DCihPFcDz4 #space
neg,Vizio slams 'authenticity' of UHD Alliance - CNET #space https://t.co/yA2Koh48p1
pos,Congratulations @esa @ESA_ExoMars ! Can't wait to see an European rover on the red planet ! #Mars #Space https://t.co/EQwC4jqJmx
neg,the closest ill get to actually living in #space -_- https://t.co/2XpgdNw5Dg
neg,In the black of #space mistakes are fatal. The Tree of Life by @coolvstar650 https://t.co/hyuRZo1QuV #scifi #ArtKNB https://t.co/85w9WZn0Df
pos,Great #newspaper heading on July 21  69  following the #Apollo11 #moonlanding. #space #nasa #astronauts https://t.co/PZbJ3tQajb
pos,Great #newspaper heading on July 21  69  following the #Apollo11 #moonlanding. #space #nasa #astronauts https://t.co/zLNIDexgbF
pos,Enjoy #space  #IOT! U R in the right place - thanks for following @koqoo @rkjefferson777 via https://t.co/NLjHE5GL4b
pos,Enjoy #space  #IOT! U R in the right place - thanks for following @NevadaDynamics @_HaroutB via https://t.co/NLjHE5GL4b
pos,Good thread on proper crediting of space images. #scicomm #sciart #space https://t.co/QSdb0CRCsI
neg,That's one way to start a book..damn Lefebvre..#space #Paz #Lefebvre https://t.co/U8MaRjUP82
pos,Some space please. #SXSW2016 #MARS #NASA #SPACE https://t.co/grEWEydMvR
pos,Truth. #answerswithjoe #science #youtube #youtuber #comedy #space #moon #astronomy #cosmos https://t.co/8OBJG3JH5i
neg,Widespread neglect puts NASA‚Äôs networks in jeopardy https://t.co/9u80Mynq2g via @fednewsradio #cybersecurity #space #NASA
pos,#rainboots or moon boots? Petit #space explorers will love this #umbrella &amp; #boots set‚Ä¶ https://t.co/CbzI3ECKCz https://t.co/tgwq0qxyet
neg,I would have killed to go to this one! #Austin #space  https://t.co/6d2cqWDEAx
pos,This goes with me in #Space :) ZZ Top - Jesus Just Left Chicago (From "Double Down Live - 1980") https://t.co/nBSd7fzL66 via @YouTube
pos,Fantastic Flight: The Orion III Spaceplane from "2001: A Space Odyssey" https://t.co/VeE3LMZX3i #SPACE.com
pos,Beautiful Ambient Space Music | Part 3 https://t.co/XcJyq6rWbt #Ambient #Space #Music #Peace https://t.co/NUICPvozAX
pos,Met @RishworthS team behind their space mission  fascinating   in @yorkshirepost this week #space @astro_timpeake https://t.co/0ItMj7UDLJ
pos,Speed Paint  45mins.  Inspired by old 70's sci-fi art. #scifi #space #exploration #adventure‚Ä¶ https://t.co/OBVd1CirPp
pos,Fantastic Flight: The Orion III Spaceplane from "2001: A Space Odyssey" - https://t.co/wFOUwQjLwN #space #news
neg,Tin Martian Invader Clockwork Toy! https://t.co/eWFLVs7io0 #Collectors #Space #Toys #Bizitalk https://t.co/CEI1BrBcch
pos,This Poster Beautifully Details Humankind's Many Space Explorations | Physics-Astronomy https://t.co/2uaA99aIBo #space
neg,#space #news Twice rejected  U.S. agency prepares third Navy commercial satcom procurement competit... https://t.co/yTWM1fYYcR #universes
neg,Twice rejected  U.S. agency prepares third Navy commercial satcom procurement competition:  A mul... https://t.co/ksDikkNcAl #Space #News
pos,Captan Hector Nandez gave his life to save the space colonists. Will they survive? https://t.co/iL1jqqa2wi #kindle #space #fiction #epic
pos,Mystery Solved! Source of Spectacular Flashes of Radio Waves From the Distant #Universe #space https://t.co/nAgTk5SqNc
pos,Science-inspired art  but not real science. #STEM #STEAM #art #space https://t.co/JdOGcXIgif
neg,Listen to Around The World by Electrify #np on #SoundCloud #nerdslikeme #space #Armstrong https://t.co/wqf87ieeok
pos,#Admirable Architecture : ##mykarin #space #decor #style #architecture #pur #white #onlymi‚Ä¶ https://t.co/sIESBv2vos https://t.co/1X5giNH0QM
neg,Jet In #Carina #Hubble #Space #HighTops #Sneakers Printed #Shoes #SpaceNerd #SpaceGeek https://t.co/mjdvdpVMTE https://t.co/QkqcphG8zF
pos,Beautifully illustrated exploration of our #solarsystem https://t.co/zBaLqpoyd2 h/t @megwatzke #astronomy #space https://t.co/j438gR4BtH
pos,What even is space O_O # amazing #space https://t.co/WargzmfTVV
pos,This glorious map helps you keep track of every #space mission in the Solar System #astro101 https://t.co/kP0H7w99nv #via @ScienceAlert
pos,#Space - Inspiring the future:  ESRIN‚Äôs Open Days 2016 gave 2000 schoolchildren an opportunity to learn more... https://t.co/MBEz4n9Ptp
pos,#space Inspiring the future:  ESRIN‚Äôs Open Days 2016 gave 2000 schoolchildren an opportunity to learn ... https://t.co/KftJeghP8I #news
pos,Inspiring the future:  ESRIN‚Äôs Open Days 2016 gave 2000 schoolchildren an opportunity to learn ... https://t.co/l16N4Sh8Hs #Space #News
pos,Fantastic Flight: The Orion III Spaceplane from "2001: A Space Odyssey" https://t.co/2lE7h7ny2k #space #news
pos,Celebrating yesterday's #PiDay - https://t.co/OSqoPhhYV7 #PiDay2016 #AstroPi #Principia @astro_timpeake @Raspberry_Pi @RoyalObs #STEM #space
pos,4 Things NASA Can Teach You about a Good Night's Sleep: https://t.co/cE0wwcuJSe üåé #nasa #space #nasasocial
pos,New Galactic Supercluster Map Shows Milky Way's 'Heavenly' Home: https://t.co/G0zSRaBln2  https://t.co/A8Zk4EqgXf #space #nasa #nasasocial
pos,4 Things NASA Can Teach You about a Good Night's Sleep: https://t.co/cE0wwcuJSe  #nasa #space #nasasocial
pos,4 Things NASA Can Teach You about a Good Night's Sleep: https://t.co/9uDl4KLqiO üåé #nasa #space #nasasocial
pos,Sunrise is Always Magical. https://t.co/LgrloVosB0 üåé #earth #photo #space #nasa
pos,New Galactic Supercluster Map Shows Milky Way's 'Heavenly' Home: https://t.co/8PsXBC1r1M  https://t.co/l64jLetwek #space #nasa #nasasocial
pos,4 Things NASA Can Teach You about a Good Night's Sleep: https://t.co/2BuhwlvADx  #nasa #space #nasasocial
pos,This was lots of fun to make. #hhgttgquotes #hhgttg #space #scifiart #sciencefiction #scifi‚Ä¶ https://t.co/SV6fJDiEuO
pos,Just 27 days to go? I am so excited @SpaceFoundation for #SS2016 in Colorado! #USA #space #spacediscovery https://t.co/GtNSRILhcO
pos,Life on #Mars? Russian+European space agencies are searching. Interested? Go inside #Russia's #Space Program with us https://t.co/r0mOKTjI7X
pos,Cool Quotes About Space... https://t.co/vVHu5Gmtjt #Space #Quotes https://t.co/DyBHJq6g5W
pos,Mars Will Develop Rings Like Saturn  Study Predicts ... #Mars #Space #Science #Saturn #astronomy https://t.co/uuGvEjXZzp
neg,ICYMI: #WesternU planetary scientist heads back to Mars with European #space probe https://t.co/cuLLADsUX3 https://t.co/fqQKiRZkbi
pos,Win an authentic meteorite for free!! https://t.co/f4joGYtwQY #Howardites #Meteorites  #SpaceRocks #Space
pos,Great to see #UKspace exploring the boundaries of #satellite applications #space  @spacegovuk  https://t.co/7mQqpavFaE
neg,NOWNESS: How to do a space mission on the cheap according to artist Tom Sachs #art #space https://t.co/alUokR7vfX https://t.co/y7yTq3gU0g
pos,I bloody want this one to my collection  woooooooow ** #space in beads https://t.co/MDf9q2B3OR
neg,#Space With DMSP-19 sidelined by glitch  Air Force orders stay of exec... https://t.co/eeLhSb9v2Z https://t.co/k0UMPhSz5Q
neg,#Space Twice rejected  U.S. agency prepares third Navy commercial satc... https://t.co/PBy5YCLPAk https://t.co/Q8m9PdOLeo
neg,#Space: why we should worry about powerful #geomagnetic #storms caused by #solar activity ‚ñ∫ https://t.co/x4nVmu43bG https://t.co/u4kw3DkQ73
pos,Imagine a place like this. #TOS #art #ussenterprise #ncc1701a #space #explore #LLAP‚Ä¶ https://t.co/C4KBX2WSXC
pos,Awesome ideas to create your own brainstorm room! https://t.co/9Omex7CUdM #ideate #innovation #design #space #brainstorm
pos,for a more visual exploration of the Loyal Mutant galaxy  follow our Instagram: https://t.co/Iekp1FNXOG #space https://t.co/7EwAGvkzuk
pos,Hi friend! #LilithsCornerLA #IsForYou #California #LosAngeles #Space #Events #PhotoStudio #Loft‚Ä¶ https://t.co/dcfGr7GBrA
neg,After spending a year in space  Scott Kelly retires from NASA https://t.co/yWYt9Jx8Hh #UFO #Space
pos,#space objects like these will question how close to sci-fi are we. https://t.co/bt7v6sv0es
neg,A probe has been launched into #space to detect waste gases emitted on #Mars  writes @iansample in @guardian. @esa https://t.co/UzT8uNLzJW
pos,#UniKeep Mini Case View - No Rings - White https://t.co/hiGpR7KQwy #Save #unpunched #Bundle of #Loose #Papers or make #craft #space.
neg,The 9 Paint Color Mistakes You Should Never Make https://t.co/AeD5BZwiJx #decor #space #homeowner #homebuyer
neg,How to do a space mission on the cheap according to artist Tom Sachs #art #space https://t.co/n4RUa4t0a6 https://t.co/8fI3509uyK
neg,There is a real shortage of #office #space in central #London - don't waste hours looking call in the experts to help - we can find it
pos,LISTEN LIVE @ 1 pm ET: Space Station Supply Mission Science Briefing: NASA scientists will hos... https://t.co/nEDlRhNa0L #Space #Awesome
pos,Cool Quotes About Space... https://t.co/eR0w4AKS2a #Space #Quotes https://t.co/uu7SDqb2Cd
pos,I learned cool stuff about the #space industry at @RAEngNews yesterday - once I managed to get there (thanks  GPS!) https://t.co/LWoI0mHshq
pos,Ground #fog on #Titan? Nice!! :) #space @ProfAbelMendez
neg,Another piece of art mistaken for a Hubble image. #space https://t.co/gPivizblCx https://t.co/d7oQPA6uf1
neg,Another piece of art mistaken for a Hubble image. #space https://t.co/alr98pr9A8 https://t.co/wpGZRSVrgd
neg,#RefugeeCrisis: EU #space capacities support response https://t.co/XEnfAJw6Th @CopernicusEU @Avramopoulos #migration @Frontex @EMSA_LISBON
pos,üíïcute new cards listedüíï https://t.co/qlSCCJAQtd #epiconetsy #craftbuzz #scifi #majortim #space #kprs https://t.co/nk014737Sw
pos,57 Magnificent Photos From Astronaut Scott Kelly's Year in #Space - https://t.co/gto5s10vrh #iss @StationCDRKelly https://t.co/pzUW6QsQ2r
neg,#Why is there such a long delay in between test firing and launching the SLS engine No. 2059?: #space https://t.co/hTQjwLj8lt
neg,#space #news With DMSP-19 sidelined by glitch  Air Force orders stay of execution for its twin:  A ... https://t.co/NWwE8Uimje #universes
neg,With DMSP-19 sidelined by glitch  Air Force orders stay of execution for its twin:  A top Air For... https://t.co/uzgToYgySQ #Space #News
neg,After spending a year in #space  Scott Kelly retires from #NASA - Geek https://t.co/suJ918i3jq https://t.co/c376ZQdZcp
pos,'South Africa From the #Space Station's EarthKAM' https://t.co/TLwF8Um2m5 via #NASA_App #beauty #ISS https://t.co/1WMeWIiNYs
neg,#UniKeep 3 Ring Case Binder  1.5 inch - Metal Rings - 3 Pack https://t.co/LDgudjcNiQ #Space #Booster. #Archive and #Crafty #item #collector
pos,Play "Brave Astronaut" on-line for free https://t.co/hzjkytFHjp #brave #shooter #astronaut #space #monters #aliens https://t.co/fVlq7Y8ekj
neg,Check out our teaser trailer here! @scifilondon #film #filmtrailer #movies #space
neg,What happens to its stuff when black hole vanishes? https://t.co/1oux32jWOm #astronomy #space #nature
neg,Polish Vice-Minister of Development: #Space Sector Has a Wide Impact on Innovations   https://t.co/XU4sIPclGq https://t.co/drS6aVL7yg
pos,The #ExoMars Launch Was a Resounding #Success https://t.co/v6F3ssLDxw #space
neg,'Amazon founder‚Äôs space company planning human test flights by 2017.' #technews #amazon #space #science https://t.co/y8xlUJWU8H
pos,https://t.co/722gRkuTsy More good news from ExoMars Orbiter  favourite story of the moment #space https://t.co/P5dJM2ifBe
neg,#Space - What happens to its stuff when black hole vanishes?: A new theory lets scientists follow a black hole... https://t.co/bs5Lc5HR9W
pos,@virginmystic @TatiannaTarot I appreciate this information! I looked it up last night before bed. Its beautifulüòç  #heart #space #new #habits
pos,This is what a #TotalSolarEclipse looks like from a #plane (3.8): https://t.co/IjZmnuwMJW #AlaskaAirlines #Aviation #SolarEclipse #Space
neg,#dailyoverview #OverviewEffect #Space This Overview captures salt¬†evaporation ponds in San Francisco  California  U‚Ä¶ https://t.co/brFkxtTJ3H
pos,#Space - Spectacular Galaxy Cluster Mashup --"Caused by a 13-Million-Light-Year-Long Stream of Galaxies and Da... https://t.co/9eeYpAQcWX
pos,AntigoneProject is now producing its first album...the space odyssey is coming #space #rock #electro #opera #odyssey https://t.co/DZj2gar1zX
pos,Check Out These Interesting Facts About Mars! https://t.co/hkT3xaBjQi #Science #Mars #Space https://t.co/mZq38TcJD5
neg,What happens to its stuff when black hole vanishes? https://t.co/xQHqxre1u6 #Science #Space
pos,#SPACE-MARINE Books - https://t.co/fljCDeqYvB #innovative #new-release #exclusive
pos,South Africa From the Space Station's EarthKAM via NASA https://t.co/WG4UFPrlhw #nasa #space #stunning #beauty https://t.co/g1M1bjFOKk
pos,South Africa From the Space Station's EarthKAM via NASA https://t.co/WGClNZrAxG #nasa #space #stunning #beauty https://t.co/VzQSS62Lx3
pos,Good night...xxx #fff #f4f #l4l #instagood #space #into #hand #goodnight #night #sleepy https://t.co/0jksfwdZaH
pos,Install a #ResourceBasedEconomy so that #science can progress without money holding it back   #RBE   #Space   #Exploration   #MarsMission
pos,Celebrating 90 years since Robert Goddard's rocket launch - @NASA #space https://t.co/ZcuHeJwZVG https://t.co/9ng1T8Vlot
pos,#Space Hummingbirds‚Äô extraordinary migratory marathons | https://t.co/SxeyBnDf2g... https://t.co/KJjUvRk0zZ https://t.co/N7X4Ci5hKf
neg,#Space Why beware the Ides of March? | https://t.co/SxeyBnDf2g... https://t.co/oOhGAM3hCw https://t.co/Ykh9NESfjf
pos,South Africa From the Space Station's EarthKAM via NASA. #Space is cool. https://t.co/i7lfA8W5qJ https://t.co/sUMP7nasFJ
neg,Picture of the day: South Africa From the Space Station's EarthKAM via .@NASA https://t.co/sGYNTW3xgw #space #nerd‚Ä¶ https://t.co/yvW0eeZ1Ro
neg,#Space What happens to its stuff when black hole vanishes? | EarthSky.... https://t.co/arl93C47Lh https://t.co/9wlH9T6uj9
pos,Celebrating 90 years since Robert Goddard‚Äôs rocket launch ‚Äì @NASA¬†#space https://t.co/Is8vLkesqd
neg,It's not too bad #timelapse #stars #space https://t.co/BXH7I73TOh
neg,After spending a year in #space  Scott Kelly retires from #NASA https://t.co/DGDoyetqsI #news #science #astronaut
pos,This looks like it's going to be an interesting spot to film videos in. #space #create #creative‚Ä¶ https://t.co/syNHmGHpgQ
neg,Too lazy to ship off your old stuff? eBay can help with that - CNET #space https://t.co/7letOvazKE
pos,What Does The Inside Of A Black Hole Look Like? (In less than 4 minutes) via /r/#space https://t.co/5W0n25doEg
pos,#space https://t.co/VtAyUMYoYW What Does The Inside Of A Black Hole Look Like? (In less than 4 minutes)
neg,#Why is there such a long delay in between test firing and launching the SLS engine No. 2059? #space #Tech https://t.co/XMxz1I60cS
pos,It's amazing! One poster contains the history of space exploration #space #design https://t.co/xG6uGrokE8 https://t.co/k6wfUEY7ZR
pos,Welcome to STAR CITY  #Adventure #Space #Rio2016 #SocialMediaMarketing #Startup #CEO #Entrepreneur #GrowthHacking https://t.co/aL8ZRtCBmf
pos,Perfect outer #space #vacation spot would be a planet where #timetravels far slower than on earth. A month there = a weekend here.
pos,First Rock from the Sun: Exploring Mercury - Hear from MESSENGER's Sean Solomon on April 13 @CarnegieScience: https://t.co/9zQkgUnk74 #space
neg,Kelly's Record is About to be Broken! https://t.co/tBfe0nzUhg #nasa #space #expedition47
pos,You'll adore this handmade silk scarf from my Etsy shop! #nebula #galaxy #universe #space #outerspace #sciart #scifi https://t.co/1jRACOXwte
neg,The Imperial Navy is all about close quarters  heavy-hitting combat in Battlefleet Gothic: Armada https://t.co/JPEOAlPjrk #space #tactics
pos,#Sci-Fi - New Sky https://t.co/deoXrmWArp - Eyes of the Watcher #Futuristic #Space-Marines #Amazing
pos,Are you a Business student interested in the #space sector? We're looking for a Business Development Analyst https://t.co/dRaYw9ZgAP @SoX_SA
neg,#ExoMars Liftoff: #ESA &amp; the #Russian Federal #Space Agency joint mission to search for #alien #life on #Mars https://t.co/NMoazqfOrZ
pos,10 amazing  astronomical events caught on camera https://t.co/Ju7XqiOyPh #space #science
pos,Do you know what a Pulsar is? Amazing Video: https://t.co/GkMYIIDJNC ‚Ä¶ #science #Space https://t.co/oxQnMo4BUR
neg,"Most problems  if you give them enough time and space  will eventually wear themselves out." ~ Buddha #patience #time #space
neg,Amazing Fact.   #Fact  #AmazingFact  #GK  #GeneralKnowledge  #Astronaut #Gravity #Space #Tears #Cry https://t.co/44ij7el1Ti
neg,#TISH: You'd have to be Bats to miss Today In #Space #History - coming up at 11AM EDT/1500 UT. &lt;-- #DST
pos,soonn~ #GEM #GEMÈÑßÁ¥´Ê£ã #ÈÑßÁ¥´Ê£ã #chibi #cute #cutest #space #fantasy #fantastic #panysmile https://t.co/wMkHY6BK0g
pos,ExoMars launch successful! What to expect for the Trace Gas Orbiter and Schiaparelli missions via /r/#space https://t.co/vZHRurVKk1
pos,#space https://t.co/66ewC0eiym ExoMars launch successful! What to expect for the Trace Gas Orbiter and Schiaparelli missions
pos,#Space - Incredible solar eclipse footage from flight: Spectacular video shows last week's total solar eclipse... https://t.co/kFOT0iR7UB
neg,After spending a year in space  Scott Kelly retires from NASA - Geek: GeekAfter spending a year in spac... https://t.co/EcWjKzwN6y #space
pos,And ‚Äì Liftoff! :) @ESA @fka_roscosmos @ESA_Exomars #space #Mars #exploration #tech Source: https://t.co/pDZdsq3LGC https://t.co/exeOaYzelI
pos,#Sci-Fi - New Sky https://t.co/1V1DGrkh3R - Eyes of the Watcher #Futuristic #Space-Marines #Amazing
neg,The most innovative  space saver bedroom bunk bed.  #furniture #space saver #solid wood #lowestprice https://t.co/LKDMIsE9XZ
neg,watch bottom right  an #asteroid gets smoked by Earth's protective shield  crazy cool #space https://t.co/PbmVLSTWBW
pos,We are using #story sandwiches to improve our #writing &amp; #learning about #space &amp; #aliens! #art #ICT @HerbMorrPriSch https://t.co/yijXzbzFEm
pos,If you're crunched for #closet #space  do yourself a favor and cull the clothing you don't wear. https://t.co/qAeerxowSn
pos,Take flight . . . . #birds #bird #flock #flockofbirds #flying #air #space #nature #naturelovers #natur ##enjoysk√•ne‚Ä¶ https://t.co/L1qorAlih1
neg,Thinking about Vladimir Komarov makes me want to cry #space #astronauts
pos,Impress the crowd ! #rental #space #privateevent https://t.co/NnbeqJrQRa https://t.co/Fkr3T9Agr2
neg,We need a #swachh space mission #space junk https://t.co/pQbbmpD3bI
pos,Love action #adventure #console like? Try THE BODY CHANGER https://t.co/LQFHP9rt0s #zombie #gaming #space #puzzles https://t.co/LDuXI7j5WK
neg,#Watch Store https://t.co/TNAJEFQNJS #Monkeys #Alien #Nature #Cherries #Heart #Rockabilly #space https://t.co/EpjB1VIMCU
pos,Watch how the #food and #space sectors cooperate in order to improve life habits on #Earth! #satapps https://t.co/qPKm5PTizY
neg,Houston  we have a problem... #NASA #spacecenter #astronaut #space #rocket #apollo11 #geek #nerd #learning #houston‚Ä¶ https://t.co/1vWxt24a6h
pos,Blenheim Palace could be the best space for your conference. #location #space #luxury #building #care #treasure #england #houses #castles
neg,#Space ¬£11.3bn UK industry projected ¬£40bn 2030. Will #NorthernPowerhouse miss out? https://t.co/Vo6tZWCiUj @TheNSC_UK RTpls @astro_timpeake
pos,#space-marine #Kindle New Season - Tons of favorable reviews... great read! https://t.co/2T2q0CH7vm
neg,#Space ¬£11.3bn UK industry projected ¬£40bn 2030. Will #NorthernPowerhouse miss out? https://t.co/Vo6tZWCiUj @TheNSC_UK RTpls @ChrisInsider
neg,#Space ¬£11.3bn UK industry projected ¬£40bn 2030. Will #NorthernPowerhouse miss out? https://t.co/Vo6tZWCiUj @TheNSC_UK RTpls @Cmdr_Hadfield
pos,Congratulations to our friends from @ESA &amp; @roscosmos for the successful launch of #ExoMars mission. #space #Mars https://t.co/rX9I6QlAWh
neg,How Scott Kelly‚Äôs body changed in #space ‚Äì¬†https://t.co/iQPn78xrq3 ‚Äì ruined his free throw ;-) @StationCDRKelly https://t.co/NISG9nW2QW
pos,We = B. We R at TT. A #spacetime w preserved #information cast into #space for decades. Intervention timeline SAFE. https://t.co/A1lUgR0j4v
pos,Beautiful Soviet spacecraft ‚Äì now THIS is classic space https://t.co/P6mxDmgL81 #Lego #models #Space
pos,Discover #SPACE-MARINE Books - https://t.co/1Syqa8mukM #innovative #new #exclusive
pos,Stunning conjunction of Mars and Beta Scorpii this week - https://t.co/LMz57lM76P #space #news
pos,#StarWars #EpisodeVIII #Space #Prom #Strikes #Back directed by @rianjohnson feat. costumes by #Mugatu https://t.co/Ekie7NeQLQ
neg,We are right now Working in a space #game for #android it is called #project #space #wars but we have to #crowdfund it just #donate #gamedev
neg,Crazy...üòé #space #ScienceisGREAT  https://t.co/yBfDI5yblk
pos,Check Out These Interesting Facts About Mars! https://t.co/6Hle61FAtK #Science #Mars #Space https://t.co/PUzj5JjfCj
pos,I love seeing u in those shorts but I want them off @CWestcottAuthor's #SciFi #romance AHeroForTheEmpire https://t.co/x6WIAIxXVQ #sfr #Space
pos,I want to put this on my door üíñ * #public #police #call #box #doctorwho #dw #tardis #time #dimension #space #love #‚Ä¶ https://t.co/p6yQiIPW2s
pos,Check Out These Interesting Facts About Mars! https://t.co/GO506VvpfI #Science #Mars #Space https://t.co/5Hb8tkfoDY
pos,We had entirely too much fun!! #kennedyspacecenter #spacecenter #spacecoast #space #rockets‚Ä¶ https://t.co/tDlZunTiZ9
pos,This glorious map helps you keep track of every space mission in the Solar System https://t.co/BpQo6qtBK7 #UFO #Space
pos,NASA successfully tests Space Launch System main engine https://t.co/IYawA5lbcK #UFO #Space
pos,China reveals plans to build space telescope better than Nasa"s Hubble https://t.co/hdCNJ26mdN #UFO #Space
neg,Einstein can't calculate reduction of fraction.He is moron.E ‚â† mc2. https://t.co/s1CVc2KP3G #mythbusters #star #space #nonukes
pos,Loaded with Celestial Snapshots  'Armchair Astronomer' Tours Cosmic Nebula: The new e-book "Th... https://t.co/42dRhMVPlH #Space #Awesome
pos,Young Stars May Feast Frantically  Grow Chaotically  New Study Shows: Bright bursts of light r... https://t.co/3lPxvHCbhr #Space #Awesome
neg,*HashtagAlarm* #Dinosaurs from #Space save their world from horrors of the #galaxy  this is #CaptainRaptor #review. https://t.co/NnkLuAd4nx
pos,So glad Connor was able to FINALLY meet my dad. #kennedyspacecenter #spacecenter #space #rockets #soulmate #familyt‚Ä¶ https://t.co/pjz2MjDJjw
pos,So glad Connor was able to FINALLY meet my dad. #kennedyspacecenter #spacecenter #space #rockets‚Ä¶ https://t.co/2SuvZImdw4
neg,We = B. Our #space #sciencetec now indicates SAFE #time at TT. 4 BREACH. #Contact. https://t.co/kMe7Q14sH6 past=wide https://t.co/vjxWjwdzED
pos,Using the Space toilet. Haha #kennedyspacecenter #spacecenter #space #spacetoilet #spacecoast‚Ä¶ https://t.co/WeyzO3gKzc
neg,Ever thought about going to #space? Affordable space #tourism 'in 10 years'  predicts #NASA #retirement https://t.co/5K6bKCSYur
neg,Ever thought about going to #space? Affordable space #tourism 'in 10 years'  predicts #NASA #retirement #goodlife https://t.co/QZSOHuNC4u
pos,Thanks to @airproducts #SusanShore for supply of #helium for tomorrow's #YEOTY #minimission @Sent_into_space #space #engineering
pos,We touched the moon!! Lol!!! #kennedyspacecenter #space #spacecenter #moon #moonrock‚Ä¶ https://t.co/Ug97y6Ve1K
pos,Congrats @elonmusk   it may have taken 12 years but NASA is now looking at Mars travel with keen eyes. #ElonMusk #NASA #SpaceX #Tesla #Space
pos,Congrats @elonmusk   it may have taken 12 years but NASA is now looking at Mars travel with keen eyes. #ElonMusk #NASA #SpaceX #Tesla #Space
pos,Check it out @IFLScience amazing work by @plusalpha_glass artwork inspired by #astronomy #space #art #science üòçüåå‚ú®üí´‚òÑüåï https://t.co/ST92KxojzL
neg,#NASA #Scientists Search for Signatures of Alien Life Hidden in Gas - https://t.co/muvM7NtTj6 #space #tech
neg,@StevenPaulCote @SteveCase An Industry Will Vanish  Along With a Chance of Meteors via #space
neg,#Space #News NASA  South Korea partner on unique air pollution study - Daily Press https://t.co/OuVMOJZAq6
pos,Such a great time with my dad! #kennedyspacecenter #space #spacecenter#teamgarcia #ilovemydad‚Ä¶ https://t.co/W0EeC54FDM
pos,Enjoy the geometrical dance of planets and splendid patterns they form https://t.co/X4qJw8J19o #science #maths #geometry #space #planets
pos,@AstroSamantha @SpaceCampBoss @SpaceCampUSA There is nothing better than #learning about #space. :)
pos,Great cosmic #music 'Universe'https://t.co/keDXE9niqp #indiedev #NowPlaying #electronic #technology #space #gamedev https://t.co/g68mfJS6nm
neg,#Turkey plans to use eagles against drone threat to civil aviation ~ https://t.co/u66fm7ArYc #drones #safety #air #space
pos,Great cosmic #music 'Universe'https://t.co/Keh4mRqOU2 #indiedev #NowPlaying #electronic #technology #space #gamedev https://t.co/SmqhXjEMGC
pos,You can pilot the Apollo 11 moon landing in this amazing #virtualreality #simulation .... #VR #tech #news #space - https://t.co/JqQDhaHAGW
pos,New post: #Extreme #NASA #orion #SLS #space NASA successfully tests Space Launch System main engine https://t.co/h8hQS71znU
pos,So excited to speak at the #HumansToMars Summit in Washington D.C.! Join me May 17-19! More info here: https://t.co/uxWu6MSOaB #Space #Mars
neg,Young Stars May Feast Frantically  Grow Chaotically  New Study Shows https://t.co/RzPZXGMPJX #SPACE.com
pos,Just got my @ABHcosmetics glow kit in gleam - it's gorgeous #glow #pink #space https://t.co/DavpLvjvzt
neg,@helenpridd ‚Äú@TheNSC_UK: #NorthernPowerhouse must punch at its weight in #Space economy @spacegovuk  https://t.co/TiZrwwmiSP‚Äù
pos,Do you enjoy the wonders of #space? Find out more about our work with @NASA here: https://t.co/UaXVXsHzNy https://t.co/b7nDQr0ot6
pos,Women #metro #milan #space #friends #bbf #women #city #italy #yellowline https://t.co/eOopb1KQSH
neg,#Young Stars May Feast Frantically  Grow Chaotically  New Study Shows https://t.co/MSKPRUN0YT #Space.com  Grow Chaotically  New Study Show‚Ä¶
pos,Happy Birthday to #space pioneer Alan Bean  fourth man to walk on the Moon  born in Texas #onthisday in 1932. https://t.co/7fcrGtB0NO
neg,Young Stars May Feast Frantically  Grow Chaotically  New Study Shows - https://t.co/4jTbZZcgZR #space #news
pos,Happy dance!!!! #vase #diesel #astronaut #italy #design #space #interiordesign #myroom #upgrade‚Ä¶ https://t.co/kZbGghF2hy
pos,#goonhilly #earth #station #inspiring students #across #Cornwall #uk #world #space #travel #jobs #careers #you https://t.co/HRcB5psu1B
neg,Young Stars May Feast Frantically  Grow Chaotically  New Study Shows https://t.co/T6dJ6HCaYQ #space #news
pos,Another #SuccessStory for @EUJPHelpdesk: webinar #2 on #TechnologyTransfer for the #space sector by @esa &gt; new ones upcoming! Stay tuned
pos,Some future astronauts in there? Enjoy learning about #space!  https://t.co/mYCOR7m9iz Via @AstroSamantha
pos,CONGRATULATIONS to @NASA_Dawn #Dawn Mission Wins Two Awards! #space https://t.co/zMeAbQHYYT Scheduled for Mar 15  9:45 AM
pos,Some future astronauts in there? Enjoy learning about #space!  https://t.co/ZHLS5rbrkk
pos,Shop from the comfort of your own Home! https://t.co/ycDNfcfiSb #Judaica  #Rockabilly #Quotes #Space https://t.co/sI1mgVMxlh
neg,SageLinQ #Technology #Space: Where #Russia and #America still get along  https://t.co/jUIrvB6Onu https://t.co/ZTq71CpyKg
pos,Exciting opportunity for a Junior Aerospace Engineer at @infoGMV (Spain) https://t.co/q5DxPCcRAo #aeronautics #space #dynamics #python #java
neg,#Space - Why beware the Ides of March?: What are the Ides of March?  We in modern times probably wouldn't know... https://t.co/495KDwsvDK
neg,Polish Vice-Minister of Development: #Space Sector Has a Wide Impact on Innovations https://t.co/XU4sIPclGq https://t.co/drS6aVL7yg
pos,Lift off for UK-China #space education programme helping inspire the next generation. https://t.co/tGq1qTmDZB #BSW16 https://t.co/sL2m8NCHLM
neg,#tuesdaytip Time to spruce up the negative #space on your a #mantle or #bookshelves for #Spring! Buy a few sprigs... https://t.co/NmD2t5tABo
pos,NASA Selects Proposals to Build Better Solar Technologies for Deep Space Missions #space https://t.co/3XiBw3BMDO
neg,#ExoMars #spacecraft sets off in search of #alien life https://t.co/LtbSMfo1uT #news #science #space #ESA
neg,Europe-Russia mission blasts off on hunt for life on Mar... #Space  https://t.co/bGJ00NCzAN
pos,Source &amp; Win Global #Space Business with @Bespokebids ‚Äì Space Sector Experts  #Bid Management &amp; #Tender Writing https://t.co/Hm6cj4eK3b
neg,7 Years later we still remember you. RIP Space Bat via /r/#space https://t.co/TWdLvYaKxS
neg,#space https://t.co/2fHzafMepZ 7 Years later we still remember you. RIP Space Bat
pos,Happy Birthday to #space pioneer Alan Bean  fourth man to walk on the Moon  born March 15  1932 in Wheeler  Texas. https://t.co/ZWvD6f9Iy9
pos,Want to see our #planet #Earth from #space? Don't miss the #ESA #live on March18 https://t.co/OZMiSOzD3k #geography https://t.co/gua2PalcGS
pos,Lost #Astronaut by @LTCartoons #humor #funny #space #themoon #apollo #spacetravel #cartoon #comic #LTCartoons https://t.co/iNeTzuMt73
neg,sneak peek at the new short I directed #independentfilm #indiefilm #space https://t.co/KIWquyS566
neg,When you see a comet shooting thru the night sky  it's this guy! #fire #fox #illustrated #drawing #space https://t.co/4Qr37D79Tr
neg,Sorry guys but #science offers us much more than Jeebus. #Truth #space #planets #universe https://t.co/52t8TbBEsu
pos,Source &amp; Win Global #Space Business with @Bespokebids ‚Äì Space Sector Experts  #Bid Management &amp; #Tender Writing https://t.co/ztVqciHMUk
pos,European #Space Agency‚Äôs Exo#Mars successfully starts its journey to the red planet: ¬†The‚Ä¶ https://t.co/1JeqDFn08V https://t.co/7vAV85z7fw
pos,Congratulations to @ESA_ExoMars for the successful launch of #ExoMars. Could this be the first step to finding life on #Mars? #space #ESA
pos,Hummingbirds‚Äô extraordinary migratory marathons https://t.co/hNOF1gXa8w #astronomy #space #nature
pos,@astro_timpeake @esa please make contact with the campus  we've got an exciting project for you! #Crieff #Space #Celebration
pos,#Galactica  new ride at #AltonTowers with #VR built in opens next week. https://t.co/w9KjfxpN9p #space #techhuggg https://t.co/DW8QUgOOh5
neg,Why beware the Ides of March? https://t.co/MPT7nHI2FO #Science #Space
pos,Hummingbirds‚Äô extraordinary migratory marathons https://t.co/LzQXPNXvMw #Science #Space
pos,Ora... the one that looks like a rocket.  #Kitchen #Cleaning #Space #Kids https://t.co/vGUvqTrJBg
pos,FANTACIA ‚Äì Book 1 ‚ÄòAn amazing dark fantasy novel!‚Äô #PLZRT #ASMSG #scifi #fantasy #paperbacks #space #Amazon https://t.co/ZyoP4hFg7h
pos,Tickets are on sale for our fabulous Concert! Come see @ChorusUK1 on April 10th! #space #bowie #OOTW https://t.co/ikB6ATxmcu
neg,#Space - Hummingbirds‚Äô extraordinary migratory marathons: With fat deposits that almost double their weight  t... https://t.co/8nzvO08B2q
pos,SKY  ‚ÄòSky goes in search of the Dragons!‚Äô https://t.co/GStFXMPi6L #ASMSG DARK #fantasy #dragons #scifi #Superhero #Space #amazon #PLZRT
neg,ORION  ‚ÄòThe Voxians fight for their own world!‚Äô UK: https://t.co/Hm6eETODC3  #ASMSG #fantasy #scifi #superhero #Space #amazon #PLZRT
pos,FANTACIA  ‚ÄòAn amazing dark fantasy novel!‚Äô UK: https://t.co/yDBZUmfuQR  #ASMSG #fantasy #scifi #kindle #Superhero #Space #PLZRT
pos,Retweeted ExoMars orbiter (@ESA_TGO):  YEEEEAAAAAHHHHHH! Thank you @Roscosmos for a rockin‚Äô ride to #space! 7... https://t.co/UPM48kNozk
pos,SKY  ‚ÄòSky goes in search of the Dragons of Drugall!‚Äô USA: https://t.co/w7SLKjeWHL  #PLZRT #ASMSG #scifi #fantasy #superhero #Space #amazon
neg,#EarthObservation &amp; #BigData from #Space are integral to intelligently dealing with floods &amp; other natural disasters https://t.co/Dwujj66n4q
pos,Brilliant  thank you @Emmelinesbooks! #space  https://t.co/fr1UoVU4AR
pos,Brilliant  thank you @Emmelinesbooks! #space  https://t.co/vZK50QLABq
pos,We are proud to announce our new website! Come and have a look for weekly articles and daily posts. #space #science https://t.co/v2SUGyAyFx
pos,Add a touch of #romance to any #space with Steve's 'It Must Be Love' https://t.co/NCJ5xjrrBo #art #brighton https://t.co/B6NND3zLoe
pos,No Better time to train ... 10.08 - two people in the club üôåüèªüèãüèΩ #space #gymlife #fitfam #fitness by robertkane1 https://t.co/EmF6jcXo2s
pos,No Better time to train ... 10.08 - two people in the club üôåüèªüèãüèΩ #space #gymlife #fitfam #f‚Ä¶ https://t.co/sBBenVSwMu https://t.co/ZP8xdVTGE6
pos,No Better time to train ... 10.08 - two people in the club üôåüèªüèãüèΩ #space #gymlife #fitfam #f‚Ä¶ https://t.co/sBBenVSwMu https://t.co/XENOU4s2t1
pos,Mornings in my new studio with @katyatrofimkat #studio #studioshoot #cool #space #beautiful‚Ä¶ https://t.co/HbfX0FRXmd
pos,#SPACE acquired 50 Sadler Gate Derby for retained client @drmartens  great location &amp; deal in this upcoming pitch - More to follow in 2016!
pos,Love action #adventure #console like?Try THE BODY CHANGER https://t.co/81uwjZTbhs #indiegame #gaming #space #puzzles https://t.co/LDtmRquUTW
