neutral,Doggy play date â£ğŸ¶ğŸ©ğŸ¾ #Oscar #Pluto #wains #besties #BrosBeforeHoes https://t.co/JmyVETHFl8
neutral,Planetary Conference to Feature Ceres  #Mars  #Pluto Science Results: Researchers from NASA and other institut... https://t.co/9lfri8cDVQ
neutral,#Pluto pulling up to SXSW
neutral,Are #Pluto's Pebbled 'Snakeskin' Slopes Made of Ancient Stuff? https://t.co/IsXtxhxvQR via @sharethis #Space #Astronomy
neutral,#Pluto has big things planned stay tune for April!!!  https://t.co/cQYUNzjLkZ
neutral,Hello From PlutoğŸ˜† #Pluto #Disney #kids #ninos #funtimes #orlando https://t.co/vncQh45yjF
neutral,#Jupiter trines #Pluto. An opportunity to take control. Believe that you can make a difference. You have the power to create lasting change.
neutral,Check out #Disneyland Walt Disney World Japan Coffee Mug #Pluto #Mickey Goofy Minnie Donald D  https://t.co/3Kcanz6tuq via @eBay
neutral,Added another 10 NASA press release images to the #LPI Flickr page https://t.co/gmK3IJNBQU #Mars  #Pluto #Tethys https://t.co/46UzZZZSdt
neutral,On this day in #history 1930 #ClydeWTombaugh announced the #discovery of the #planet #Pluto. #CoolFacts https://t.co/ZR6fEvMfRY
neutral,TI Archive: New High-Resolution Pics of Pluto Released By NASA https://t.co/yhBxrWluWy #nasa #pluto #resolution #transmission
neutral,What IS a planet  anyway? The @chicagotribune previews our newest exhibit @AdlerPlanet! https://t.co/6hZBY8A85t #space #astronomy #pluto
neutral,#Science: #Plutoâ€™s Color Variations Finally Make Sense â€” Starts With A Bang! â€” Medium https://t.co/SAyWrG01UX
neutral,The Heartside of Pluto by Hilburn. #pluto with a heart-on gets its first #scifi series post #newhorizonsflyby https://t.co/IBeC4JYlGA #ebook
neutral,Flying over Pluto's Krun Macula! Watch on YouTube: https://t.co/oewY0yVhv3 #NewHorizons #PlutoFlyby #Pluto #NASA https://t.co/4AZJqbFIAN
neutral,Are #Pluto's Pebbled 'Snakeskin' Slopes Made of Ancient Stuff? https://t.co/b8BNuc0s8J via @michaeldwall
neutral,Are you ready?  - today's #trine between #Jupiter &amp; #Pluto will bring #change. Flow with it ! #kikiscafe Tip https://t.co/eocMGtHe0P
neutral,#Social #Pluto Daily @SocialNewsCorp https://t.co/36Y49MKfjN Via #Twitter @423Diotima @RJG72inches @Ss_pluto
neutral,â€œPlutoâ€™s Color Variations Finally Make Senseâ€ by @StartsWithABang https://t.co/HwzIRN9RH5 #space #pluto #astronomy
neutral,@universetoday: Eat Your Heart Out Pluto @EvanGough2 #pluto #newhorizons https://t.co/wVlPd30OD2 â€¦ https://t.co/LdJHxMnCb3
neutral,Eat Your Heart Out Pluto @EvanGough2 #pluto #newhorizons https://t.co/nPd1UzIo6R https://t.co/VecthjtEWK
neutral,Eat Your Heart Out Pluto @EvanGough2 #pluto #newhorizons https://t.co/jcfQ6OVZIh https://t.co/6hVw3KJP8R
neutral,#Space #Astronomy - Are #Pluto's Pebbled 'Snakeskin' Slopes Made of Ancient Stuff? https://t.co/vzhctyHSWB via @sharethis
neutral,#DidYouKnow...#Pluto was discovered by a young #research assistant in 1930. https://t.co/r8ufKCTTEL https://t.co/lDSs6nKFD0
neutral,For 20 years at the end of the last century #Pluto was closer to the Sun than Neptune. @NewHorizons2015 could have had a lot less far to go!
neutral,#Pluto was discovered by a young research assistant in 1930. #space #science #environment https://t.co/Jq7IvPQdXH
neutral,#DonaldDuck  #MickeyMouse  #Pluto and Goofy - 4 Hours Non-Stop  https://t.co/mZhdiMV60v
neutral,.@plutoport "no second chances at 50 000km per hour" @NASA #PLUTO @Kcnq2Cure Australia https://t.co/6cacNfx3SF
neutral,.@plutoport speaking about @NASA #NewHorizons mission to #Pluto for @Kcnq2Cure Australia https://t.co/stfwf1kZM5
neutral,@DiscloseTV: What Bit This Chunk Out of #Plutoâ€™s Ice? #Methane https://t.co/qYMhNafh5x via /r/TheOlympianEmpire https://t.co/wVD8ALDFIH
neutral,#ufo #aliens What Bit This Chunk Out of #Plutoâ€™s Ice? #Methane https://t.co/XwpBWberru
neutral,What Bit This Chunk Out of #Plutoâ€™s Ice? #Methane https://t.co/oOXBdOn0jr
neutral,A huge new #image of #pluto #shows off a #possible ice #volcano - https://t.co/5AymQgw8vq  https://t.co/KcEhb3XQ3k https://t.co/7t6PasMmSf
neutral,#DonaldDuck cartoon episodes - Donald And #Pluto https://t.co/q3nf1oCAaK
neutral,finally can go to park &amp; EG tomorrowğŸ˜âœŒğŸ½ï¸ #hkdlÂ #pluto #goofy #ã‚°ãƒ¼ãƒ•ã‚£ãƒ¼ #ãƒ—ãƒ«ãƒ¼ãƒˆ #é¦™æ¸¯ãƒ‡ã‚£ã‚ºãƒ‹ãƒ¼ãƒ©ãƒ³ãƒ‰ #ãƒ‡ã‚£ã‚ºãƒ‹ãƒ¼ãƒ©ãƒ³ãƒ‰ #ãƒ‡ã‚£ã‚ºãƒ‹ãƒ¼ https://t.co/EtU8uwTj9J
neutral,#Pluto The Sleep Walker https://t.co/UE6GdfEz1y
neutral,The surface area of #Russia is slightly larger than dwarf #Pluto #facts
neutral,#Plutoâ€™s Widespread Water Ice: https://t.co/zsSdg9mOG9 via @NASA https://t.co/8FOdI2ujBJ
neutral,Eat Your Heart Out Pluto @EvanGough2 #pluto #newhorizons https://t.co/nPd1UzIo6R https://t.co/5aQ7YXHh9E
neutral,Kids' responses are POURING IN on our #Pluto as a Planet debate. Here are some drawings: @AlanStern @NASANewHorizons https://t.co/ah6XqH2XHp
neutral,Are #Pluto's Pebbled 'Snakeskin' Slopes Made of #Ancient Stuff? https://t.co/eA0tZJNOF5 https://t.co/YGVg6s8Pzl
neutral,I can't ask for more than thatğŸ˜˜â¤ï¸ #hkdl #chinesenewyear #pluto #ãƒ—ãƒ«ãƒ¼ãƒˆ #æ—§æ­£æœˆ #é¦™æ¸¯ãƒ‡ã‚£ã‚ºãƒ‹ãƒ¼ãƒ©ãƒ³ãƒ‰ #ãƒ‡ã‚£ã‚ºãƒ‹ãƒ¼ãƒ©ãƒ³ãƒ‰ #ãƒ‡ã‚£ã‚ºãƒ‹ãƒ¼ https://t.co/FrA7t32WmE
neutral,After #SFApril2 y'all wake up &amp; fw #PLUTO @ #ChopsNChicken3
neutral,#PLUTO got #ChopsNChicken3 coming your way April 2nd!!!! Day after #SFApril2
neutral,My Pluto sticker is now on my Etsy shop: https://t.co/UrMwMS7MLU #pluto #sticker #space https://t.co/fHS2MBO7nh
neutral,#pluto @ Disney's California Adventure Theme Park https://t.co/ihpB3OKDpu
neutral,#Pluto has #Clouds? Pluto is a #Planet!?!   https://t.co/sI9eqoJfS4 via @newthor
neutral,NASA scientists can't explain this unusual 430km-wide 'bite mark' on #Pluto's surface https://t.co/ia9vsjGIsY via Business Insider
neutral,Not too old for a snuggle with #mickymouse and #pluto https://t.co/yzYn8zftyR
neutral,Jurassic World scientists got told by NASA scientists today that they had found bite marks on #Pluto...bet it was that human Luis Suarez ğŸ˜‘.
neutral,@universetoday: Eat Your Heart Out Pluto @EvanGough2 #pluto #newhorizons https://t.co/wVlPd30OD2 â€¦ https://t.co/l9DtVkztCm
neutral,We are a little over halfway done with the #pluto in #capricorn transit and it's completely taken its toll on us.... https://t.co/QdDxBQhfrj
neutral,Eat Your Heart Out Pluto @EvanGough2 #pluto #newhorizons https://t.co/jcfQ6OVZIh https://t.co/NV5YkjPR9b
neutral,Eat Your Heart Out Pluto @EvanGough2 #pluto #newhorizons https://t.co/nPd1UzIo6R https://t.co/cBp2s2dQSB
neutral,Are #Pluto's Pebbled Slopes Made of Ancient Stuff? - #space #spacerocks #science #astronomy .@RaeSahota  https://t.co/Ha3larxkqc
neutral,NASA scientists canâ€™t explain this unusual 270-mile-wide â€˜bite markâ€™ on Plutoâ€™s surface... #Pluto #bitemark #NASA &gt; https://t.co/DVH0R8Fcab
neutral,No Planet Left Behind by https://t.co/vNUlImXF78 #tshirt #Pluto #planet #iau #debate #NeverForget #freeshipping https://t.co/3dazpkHcd8
neutral,@PimpinRapGod #Goofy  #Pluto  and #Daisy  Fantasia wouldn't be the same if you weren't home.
neutral,@PimpKrasinski @LivelyPimp #Goofy  #Pluto  and #Daisy  Fantasia wouldn't be the same if you weren't home.
neutral,@PimptressQuake @MissPimpinSwann #Goofy  #Pluto  and #Daisy  Fantasia wouldn't be the same if you weren't home.
neutral,@TheBubblyPimp @HaleThePimp #Goofy  #Pluto  and #Daisy  Fantasia wouldn't be the same if you weren't home.
neutral,@PimpinNThisSkin #Goofy  #Pluto  and #Daisy  Fantasia wouldn't be the same if you weren't home.
neutral,At @AdlerPlanet for the opening of What Is a Planet? Do you think #Pluto  is a planet? #Chicago https://t.co/xOqYQklFoS
neutral,Wkly @NewHorizons2015 S/C status mtg. Things are well for our deep space bird. Downlinking #Pluto data  S/C checks. https://t.co/Y5Zwwlkvzj
neutral,"...New Horizons will rewrite all the textbooks."  -Exactly how #science is supposed to work. #Pluto #NewHorizons  https://t.co/M9GLIQJVRl
neutral,#Social #Pluto Daily @SocialNewsCorp https://t.co/l5fzNFfubI Via #Twitter @terrypluto @crumpet @mathiaspicker
neutral,Are #Pluto's pebbled 'snakeskin' slopes made of ancient stuff? https://t.co/UxHH6C3iWf cc: @NewHorizons2015 https://t.co/Mu27Wb8HwV
neutral,Hades' spawn. #mycatrocks #mycatisbetterthanyours #cat #blackcat #pluto #catstagram https://t.co/RZOMt84rZ8
neutral,#DonaldDuck  #MickeyMouse  #Pluto and Goofy - 4 Hours Non-Stop  https://t.co/mZhdiMV60v
neutral,Has something been munching on #Pluto? https://t.co/WsQ8surgqh
neutral,#DonaldDuck cartoon episodes - Donald And #Pluto https://t.co/q3nf1oCAaK
neutral,#Mercury connects to #Pluto  #Jupiter expands mental reach #Vibrational #Astrology readings. https://t.co/J20VI6ZLuY https://t.co/0zOGsBX4n1
neutral,#Pluto The Sleep Walker https://t.co/UE6GdfEz1y
neutral,TUESDAY! #PLUTO https://t.co/OFxZmA2mJh
neutral,#Pluto #Space â€“ Giant â€˜Bite Markâ€™ Seen on Plutoâ€™s Surface â€“ Scientists at NASAâ€™sâ€¦ https://t.co/gxkdsh4Jft #Science https://t.co/nNzVePY59A
neutral,#Pluto #Space â€“ Giant â€˜Bite Markâ€™ Seen on Plutoâ€™s Surface â€“ Scientists at NASAâ€™sâ€¦ https://t.co/RaeR1UcOGJ #Science https://t.co/U9LkumLxFl
neutral,#Pluto #Space â€“ Giant â€˜Bite Markâ€™ Seen on Plutoâ€™s Surface â€“ Scientists at NASAâ€™sâ€¦ https://t.co/cTzhHS2bId #Science https://t.co/lpzyvIKtsv
neutral,#Pluto #Space â€“ Giant â€˜Bite Markâ€™ Seen on Plutoâ€™s Surface â€“ Scientists at NASAâ€™sâ€¦ https://t.co/jAp0XbClWu #Science https://t.co/B25i3HS4LG
neutral,#Pluto #Space â€“ Giant â€˜Bite Markâ€™ Seen on Plutoâ€™s Surface â€“ Scientists at NASAâ€™sâ€¦ https://t.co/iJESQutGqk #Science https://t.co/fGF1uh7YIW
neutral,#Pluto #Space â€“ Giant â€˜Bite Markâ€™ Seen on Plutoâ€™s Surface â€“ Scientists at NASAâ€™sâ€¦ https://t.co/0gUho8s99b #Science https://t.co/EzBBaU2Ri6
neutral,#Pluto #Space â€“ Giant â€˜Bite Markâ€™ Seen on Plutoâ€™s Surface â€“ Scientists at NASAâ€™sâ€¦ https://t.co/aG7rd0az95 #Science https://t.co/gIeI6Wksu1
neutral,#Pluto #Space â€“ Giant â€˜Bite Markâ€™ Seen on Plutoâ€™s Surface â€“ Scientists at NASAâ€™sâ€¦ https://t.co/NrpWpkyYcM #Science https://t.co/EZBWhjs4YV
neutral,#Pluto #Space â€“ Giant â€˜Bite Markâ€™ Seen on Plutoâ€™s Surface â€“ Scientists at NASAâ€™sâ€¦ https://t.co/O2uEXVcWtP #Science https://t.co/9Ylo08rVck
neutral,#Pluto #Space â€“ Giant â€˜Bite Markâ€™ Seen on Plutoâ€™s Surface â€“ Scientists at NASAâ€™s New Horizons missionâ€¦ https://t.co/yUBDAGExDU #Science
neutral,#Pluto #Space â€“ Giant â€˜Bite Markâ€™ Seen on Plutoâ€™s Surface â€“ Scientists at NASAâ€™s New Horizons missionâ€¦ https://t.co/2Bgx4g96En #Science
neutral,#Pluto #Space â€“ Giant â€˜Bite Markâ€™ Seen on Plutoâ€™s Surface â€“ Scientists at NASAâ€™sâ€¦ https://t.co/Y9XEIQ6pMx #Science https://t.co/hbXGIR75t9
neutral,#Pluto #Space â€“ Giant â€˜Bite Markâ€™ Seen on Plutoâ€™s Surface â€“ Scientists at NASAâ€™sâ€¦ https://t.co/HiBEcrB8XM #Science https://t.co/EppAlSRllJ
neutral,#Pluto #Space â€“ Giant â€˜Bite Markâ€™ Seen on Plutoâ€™s Surface â€“ Scientists at NASAâ€™s New Horizons missionâ€¦ https://t.co/j1f4TPINLK #Science
neutral,#Pluto #Space â€“ Giant â€˜Bite Markâ€™ Seen on Plutoâ€™s Surface â€“ Scientists at NASAâ€™s New Horizons missionâ€¦ https://t.co/63qoSIjLOg #Science
neutral,#Pluto #Space â€“ Giant â€˜Bite Markâ€™ Seen on Plutoâ€™s Surface â€“ Scientists at NASAâ€™s New Horizons missionâ€¦ https://t.co/SokrFpjCpV #Science
neutral,#Pluto #Space â€“ Giant â€˜Bite Markâ€™ Seen on Plutoâ€™s Surface â€“ Scientists at NASAâ€™s New Horizons missionâ€¦ https://t.co/xsMl9nrCSq #Science
neutral,WONDER WHERE #PLUTO IS TRANSITING? OR IS THIS ME ON 420 DETOX? CUTTING  AND CHOPPING.
neutral,What to expect of incoming #Pluto trine #Jupiter? #astrology
neutral,Eat Your Heart Out Pluto #pluto https://t.co/d9iBWZKjQN https://t.co/xu5hXs0rqs
neutral,New Horizons shows â€˜bite markâ€™ feature on Pluto - https://t.co/ieV9pGySfF #Pluto #NewHorizons # LEISA https://t.co/lIA8WoHcpG
neutral,Scientists think theyâ€™ve spotted clouds on #Pluto so they want to call it a #planet  again https://t.co/fCX1KRN45Z
neutral,#Pluto's Color Variations Finally Make Sense: Explained By Methane Ice In The Sunlight. https://t.co/3Ni6zU2hD0 #space #astronomy #news
neutral,Do you see #Pluto ? #eggstravaganza2016 #disneycaliforniaadventure #disney @ Disney Californiaâ€¦ https://t.co/D0lbDUqEFl
neutral,#Saturnâ€”the Dweller on the Threshold to Higher #Consciousness &amp; #Uranus  #Neptune &amp; #Plutoâ€”and Higher Consciousness/ #Ascended #Masterhood~â€¢
neutral,#21OCT15=#MartyMcFly(#Pluto)returns@#TheWalk(#Zemeckis)#PredictiveProgramming@#9ll #BackToTheFuture https://t.co/OhZ8z09C2Q
neutral,#NewHorizons Team Finds â€˜Bite Markâ€™ on #Pluto https://t.co/W7vV0VD79t #space #science #NASA https://t.co/B2olT9HVBz
neutral,Whatâ€™s Eating at #Pluto? https://t.co/387ZNqpnm1
neutral,Plutoâ€™s Color Variations Finally Make Sense â€” Itâ€™s what happens to methane ice in the Sun. https://t.co/uFZxcVbZqQ #MOON #PLUTO #SPACE
neutral,MT @CNN: @NASA has discovered chain of mountains on #Pluto that are covered in methane snow https://t.co/O3vOnNuTcF https://t.co/IDL27T778B
neutral,False color image constructed from the first few principal components computed from LEISA data #NewHorizons #Pluto https://t.co/pSzwyS8svH
neutral,Via #Nasa - Plutoâ€™s â€˜Snakeskinâ€™ Terrain: Cradle of the Solar System? | #Pluto | #NewHorizons  https://t.co/kfGaTCSM3j
neutral,What's eating #Pluto? Researchers offer up some ideas https://t.co/U0Ra0ilQFK @NASANewHorizons https://t.co/emNRG2Ogov
neutral,#Pluto's #mountains capped with methane #snow - https://t.co/OOGgJMmBeU https://t.co/u4VncO8E9L
neutral,Big doggie behind me. #pluto #disneyland @ Disneyland https://t.co/MerYfV1SF0
neutral,Images Show 'Bite Mark' on Pluto's Surface https://t.co/ae4WeVa6id #space #Pluto #science https://t.co/BRSwtOFp84
neutral,"I'm not a real planet any more? Bite me  Earthlings!" #Pluto https://t.co/pVkov9CwIj
neutral,@plutosgems First tweet dedicated to the one and only #9thPlanet #Pluto https://t.co/03bdWTKwyQ
neutral,Had #breakfast with these guysğŸ˜» #lilo #stich #liloandstitch #mickey #pluto #ohanaâ€¦ https://t.co/Fe7Sadrsew
neutral,@VodafoneIN want to go to #pluto and try to use #4g There
neutral,Flower &amp; Garden means spring is here! ğŸŒ·ğŸ¶ #Epcot #wdw #Disney #FlowerandGardenFestival2016 #plutoâ€¦ https://t.co/2vpfHgODZk
neutral,#Social #Pluto Daily @SocialNewsCorp https://t.co/lJePzKKBSJ Via #Twitter @Ahabaaa @SJGulitti @UCLanPluto
neutral,#Pluto pictures of the day: more Pluto bites https://t.co/FmOUYUiONv cc: @NewHorizons2015 @AlanStern https://t.co/YLFzFRSvsE
neutral,#DonaldDuck  #MickeyMouse  #Pluto and Goofy - 4 Hours Non-Stop  https://t.co/mZhdiMV60v
neutral,#SciFi #sciencefiction #scifipinup #pets #dogs #robot #robots #vintage #scifiart #planet #pluto #space by d_a_v_i_dâ€¦ https://t.co/BQlIxLCvRc
neutral,#DonaldDuck cartoon episodes - Donald And #Pluto https://t.co/q3nf1oCAaK
neutral,"Might #Plutoâ€™s snakeskin terrain be a record of a time before the solar system ever was? https://t.co/fIpFOBLZYz https://t.co/K0Gxo4r1Cm"
neutral,I want all the Disney collection of alex and Ani @alexandani #mickeymouse #pluto #belle ğŸ­ğŸ¶ğŸ’›
neutral,#Pluto The Sleep Walker https://t.co/UE6GdfEz1y
neutral,Retweeted NASA (@NASA):  Might #Plutoâ€™s â€˜snakeskinâ€™ terrain be a record of a time before the solar system ever... https://t.co/QXKZWdj3AC
neutral,Why is everyone talking about #Pluto? https://t.co/OmhM9e3NGG
neutral,Might #Plutoâ€™s â€˜snakeskinâ€™ terrain be a record of a time before the solar system ever was? https://t.co/8Q7cbtrkqa https://t.co/bQeRbNvr1K
neutral,New Horizons data reveal the possibility of methane clathrates on #Pluto that were formed before the solar system! https://t.co/e5u327T6Q2
neutral,The Random Astrophysical Fact of Today is about #Pluto's reclassification as #dwarf #planet by the @IAU_org. #RAFT! https://t.co/TFW6BjfRv4
neutral,My lil painting of #pluto https://t.co/I4VNA8StEE
neutral,#21OCT15=#MartyMcFly(#Pluto)returns@#TheWalk(#Zemeckis)#PredictiveProgramming@#9ll #BackToTheFuture https://t.co/OhZ8z09C2Q
neutral,Plutoâ€™s â€˜Snakeskinâ€™ Terrain: Cradle of the Solar System? | #Pluto #NewHorizons https://t.co/fHm2qUuSvU
neutral,From #setitalks: John Spencer @NASANewHorizons Ice from #Io to #Pluto https://t.co/tvzpAsr7sr #lpsc2016 @AlanStern https://t.co/7Vyv9kRo3u
neutral,Mark #Kochte presenting a lecture about @NASANewHorizons to an audience of @novac_astronomy at @GeorgeMasonU. #Pluto https://t.co/uWTlY3npcG
neutral,What's eating #Pluto? https://t.co/2xlOW7sIwN
neutral,#Astronomy: Does #Pluto Have Clouds? â€” https://t.co/rNmZvTSQiR https://t.co/YL0YZDXdzQ
neutral,#pluto #disneyworld @ Epcot - Walt Disney World https://t.co/NZ13u2cjhN
neutral,#21OCT15=#MartyMcFly(#Pluto)returns@#TheWalk(#Zemeckis)#PredictiveProgramming@#9ll #BackToTheFuture https://t.co/OhZ8z0rcUo
neutral,It did. #Pluto https://t.co/rZXydrBVDu
neutral,It is quite possible that #pluto had a much different orbit during the early solar system  speculation of course. https://t.co/hWVdPT5hji
neutral,NASA : Might #Plutoâ€™s â€˜snakeskinâ€™ terrain be a record of a time before the solar system evâ€¦ https://t.co/MAGvl3JDwA) https://t.co/3qgOCBygG7
neutral,NASA: Might #Plutoâ€™s â€˜snakeskinâ€™ terrain be a record of a time before the solar system ever was? â€¦ https://t.co/GrY7kXe009
neutral,Might #Plutoâ€™s â€˜snakeskinâ€™ terrain be a record of a time before the solar system ever was? https://t.co/vvfxRN86QF https://t.co/EZ7pakCoA2
neutral,If it is  #Pluto should get re upgraded to planet status. @NASA
neutral,NASA : Might #Plutoâ€™s â€˜snakeskinâ€™ terrain be a record of a time before the solar system evâ€¦ https://t.co/fouPpGd0W5) https://t.co/6yyfU4pRr0
neutral,NASA: Might #Plutoâ€™s â€˜snakeskinâ€™ terrain be a record of a time before the solar system ever was? â€¦ https://t.co/I6mUAgAZeR
neutral,Might #Plutoâ€™s â€˜snakeskinâ€™ terrain be a record of a time before the solar system ever was?â€¦ https://t.co/DJjgBMN23H https://t.co/wzX2K7bHZ9
neutral,Some #pluto surface might be pre birth of our sun. https://t.co/64TymjUIRR
neutral,NASA: Might #Plutoâ€™s â€˜snakeskinâ€™ terrain be a record of a time before the solar system ever was? â€¦ https://t.co/Ajf5WbADPd
neutral,Retweeted NASA (@NASA):  Might #Plutoâ€™s â€˜snakeskinâ€™ terrain be a record of a time before the solar system ever... https://t.co/1OQQ2t9jmX
neutral,Might #Plutoâ€™s â€˜snakeskinâ€™ terrain be a record of a time before the solar system ever was? https://t.co/d2895q42uT https://t.co/DNKKWWMENm
neutral,#pluto Shervington #Bob marley #louisa mark. Sunday #soul goes #rocksteady reggae until 8pm on #dodgeradio
neutral,The icy #frozen #plains of #pluto  https://t.co/v5svXnR8fd https://t.co/uBmjiruOlo
neutral,Whatâ€™s Eating at #Pluto? | @NASA https://t.co/rCfyhk6Ckm
neutral,#Today in 1930 Clyde Tombaughâ€™s discovery of #Pluto was announced https://t.co/Wts8UEBSoL cc: @NewHorizons2015 https://t.co/laKRFRdQdY
neutral,Astonishing New Images #Show What Appear To Be #CLOUDS On #Pluto - IFLScience https://t.co/BXY0LuNPIC
neutral,Woah Scott. Are you telling me you saw #dogs in #space? #Pluto  https://t.co/cDwpjVeWV6
neutral,#OnThisDay 13 March 1855 #PercivalLowell was born: established the observatory where #Pluto was discovered. #space https://t.co/5qIoKl14Kq
neutral,Whatâ€™s Eating at #Pluto?  https://t.co/bRBpe2zGnr via @AstrobiologyMag   #NASA #space #exploration
neutral,#Caracas #Farrakhan on Pluto "#PlutoÂ was FIRST discovered in the year 1930  the SAME YEAR thatâ€¦ https://t.co/QQlVWEvGAS
neutral,1 year ago in these days @NewHorizons2015 was at 1 AU from #Pluto  approaching https://t.co/h8C1iSplJH https://t.co/q5VW3EfBY0
neutral,86 years ago #OTD  Clyde #Tombaugh inadvertently discovered #Pluto. https://t.co/acUkL6sz5W https://t.co/ChijdcZPSb
neutral,On This day March 13 1930 #Pluto is discovered by the Harvard Collage Observatory. https://t.co/NCc9wkf0mQ https://t.co/mwbHBo0CC0
neutral,Iâ¤Pluto  #pluto #wdw #disneyparade #disney #disneyworld #waltdisney #waltdisneyworldâ€¦ https://t.co/BEB8OK22qH
neutral,You wanna take a picture of me?! Yes  Pluto  yes!  #Pluto #puppy #Disneyland #DisneylandResort  #Disneyland60 https://t.co/vv3KVl2Tjh
neutral,Discovery of #Pluto revealed today in 1930  the 149th anniversary of discovery of Uranus. https://t.co/VOKJH2a5cs https://t.co/SuHKULeN3D
neutral,#charon: Moon of #pluto: https://t.co/Q4jiPPkGW1 (#follow link for #explanation)  https://t.co/qaisQHcHm7 https://t.co/AjWMLDFYNi
neutral,Pluto Vs Odie. Who you with? Don't just like the post  choose 1! #pluto #versus #odieâ€¦ https://t.co/3psInwF3ss
neutral,#Social #Pluto Daily @SocialNewsCorp https://t.co/o93vE2aDHx Via #Twitter @Pluto_ak1113 @ibafik @vawnoqfiw1968
neutral,#Nasaâ€™s New Horizons finds giant â€˜bite markâ€™ on #Plutoâ€™s surface - Livemint  #ASUP  https://t.co/pASGoJkuGw
neutral,#Pluto â€™s â€˜Snakeskinâ€™ Terrain: Cradle of the Solar System? Pluto New Horizons https://t.co/GVLjToyJbY https://t.co/fzLhvskzH6
neutral,#OnThisDay 13 March 1930 news of discovery of #Pluto by #ClydeTombaugh was telegraphed to #HarvardCollegeObservatory https://t.co/sgHMtQgAzD
neutral,Yes I know  #Pluto is not a planet. But he wants to come hang out too. Can't we let him? https://t.co/6bziuPtqWm https://t.co/qvW60HjIvj
neutral,#NASA #Pluto â€“ NASAâ€™s New Horizons Finds Wide Bite Mark On Plutoâ€™s Surface â€“ Whenâ€¦ https://t.co/31NY78MQg9 #Science https://t.co/MsFEytj6Qq
neutral,#NASA #Pluto â€“ NASAâ€™s New Horizons Finds Wide Bite Mark On Plutoâ€™s Surface â€“ Whenâ€¦ https://t.co/DNHPWDnIH3 #Science https://t.co/SVdR7XstEm
neutral,#NASA #Pluto â€“ NASAâ€™s New Horizons Finds Wide Bite Mark On Plutoâ€™s Surface â€“ Whenâ€¦ https://t.co/yzOxklMqAP #Science https://t.co/hRCpdfWRA9
neutral,#NASA #Pluto â€“ NASAâ€™s New Horizons Finds Wide Bite Mark On Plutoâ€™s Surface â€“ Whenâ€¦ https://t.co/amuXNOtPGf #Science https://t.co/7X4H9XUO12
neutral,#NASA #Pluto â€“ NASAâ€™s New Horizons Finds Wide Bite Mark On Plutoâ€™s Surface â€“ Whenâ€¦ https://t.co/pM7t2qSndY #Science https://t.co/AShlEwTI25
neutral,#NASA #Pluto â€“ NASAâ€™s New Horizons Finds Wide Bite Mark On Plutoâ€™s Surface â€“ Whenâ€¦ https://t.co/8KrXk8xPYE #Science https://t.co/CPM0PPGgWk
neutral,#NASA #Pluto â€“ NASAâ€™s New Horizons Finds Wide Bite Mark On Plutoâ€™s Surface â€“ Whenâ€¦ https://t.co/oUYzwFkzxJ #Science https://t.co/SIHW6ts8Mf
neutral,#NASA #Pluto â€“ NASAâ€™s New Horizons Finds Wide Bite Mark On Plutoâ€™s Surface â€“ When the high-resolutionâ€¦ https://t.co/nHUDo2j2au #Science
neutral,#NASA #Pluto â€“ NASAâ€™s New Horizons Finds Wide Bite Mark On Plutoâ€™s Surface â€“ Whenâ€¦ https://t.co/Kvv665yz4P #Science https://t.co/ClXd5OvzPm
neutral,#NASA #Pluto â€“ NASAâ€™s New Horizons Finds Wide Bite Mark On Plutoâ€™s Surface â€“ When the high-resolutionâ€¦ https://t.co/qL0VPsPbbQ #Science
neutral,#NASA #Pluto â€“ NASAâ€™s New Horizons Finds Wide Bite Mark On Plutoâ€™s Surface â€“ Whenâ€¦ https://t.co/NCWL6V9YOZ #Science https://t.co/rfBVb4ovGg
neutral,#NASA #Pluto â€“ NASAâ€™s New Horizons Finds Wide Bite Mark On Plutoâ€™s Surface â€“ Whenâ€¦ https://t.co/frWPp3bWQT #Science https://t.co/M69b97d7e7
neutral,#NASA #Pluto â€“ NASAâ€™s New Horizons Finds Wide Bite Mark On Plutoâ€™s Surface â€“ When the high-resolutionâ€¦ https://t.co/MUiapPniyh #Science
neutral,#NASA #Pluto â€“ NASAâ€™s New Horizons Finds Wide Bite Mark On Plutoâ€™s Surface â€“ When the high-resolutionâ€¦ https://t.co/LEV4WFkjpv #Science
neutral,#NASA #Pluto â€“ NASAâ€™s New Horizons Finds Wide Bite Mark On Plutoâ€™s Surface â€“ When the high-resolutionâ€¦ https://t.co/Q5ifkNP5wW #Science
neutral,#NASA #Pluto â€“ NASAâ€™s New Horizons Finds Wide Bite Mark On Plutoâ€™s Surface â€“ When the high-resolutionâ€¦ https://t.co/jzpq8jmGMz #Science
neutral,#DonaldDuck  #MickeyMouse  #Pluto and Goofy - 4 Hours Non-Stop  https://t.co/mZhdiMV60v
neutral,#OnThisDay exactly 86 years ago  the news of #Pluto being discovered reached the #Harvard Observatory. Pluto's been @outontrip for too long.
neutral,#NASA has found giant 'bite mark' on farthest planet #Pluto's surface.
neutral,#DonaldDuck cartoon episodes - Donald And #Pluto https://t.co/q3nf1oCAaK
neutral,As @NASA operations manager for 10-year mission to #Pluto Alice Bowman has become a role model  http://... https://t.co/v2ghm2ehFH
neutral,As @NASA operations manager for 10-year mission to #Pluto Alice Bowman has become a role model  https://t.co/j8DBzihFu6
neutral,Giant â€˜Bit Markâ€™ Found On Plutoâ€™s Surfacehttp://www.thesocialmediatoday.com/giant-bit-mark-found-on-plutos-surface/ #NASA #PLUTO
neutral,#Pluto The Sleep Walker https://t.co/UE6GdfEz1y
neutral,Current iPhone wallpaper: #Pluto https://t.co/G7r0GeoG2a
neutral,New Evidence Could Help Restore #Pluto's #Planet Status: https://t.co/sSWvmxsnDV  #NASA
neutral,#BiteMark #Pluto â€“ Giant â€˜Bite Markâ€™ Appears on Plutoâ€™s Surface â€“ Far in theâ€¦ https://t.co/FFjFfGe8Tz #Science https://t.co/71ynQAzvRz
neutral,#BiteMark #Pluto â€“ Giant â€˜Bite Markâ€™ Appears on Plutoâ€™s Surface â€“ Far in theâ€¦ https://t.co/U3owM1peia #Science https://t.co/T0OKlj6Rf1
neutral,#BiteMark #Pluto â€“ Giant â€˜Bite Markâ€™ Appears on Plutoâ€™s Surface â€“ Far in theâ€¦ https://t.co/C73C4bn7aq #Science https://t.co/OOgMzzqzHy
neutral,#BiteMark #Pluto â€“ Giant â€˜Bite Markâ€™ Appears on Plutoâ€™s Surface â€“ Far in theâ€¦ https://t.co/MKXwyul5hb #Science https://t.co/xEpqD8ZHoy
neutral,#BiteMark #Pluto â€“ Giant â€˜Bite Markâ€™ Appears on Plutoâ€™s Surface â€“ Far in theâ€¦ https://t.co/CqqijSS9uU #Science https://t.co/X1YGeUlRxj
neutral,#BiteMark #Pluto â€“ Giant â€˜Bite Markâ€™ Appears on Plutoâ€™s Surface â€“ Far in theâ€¦ https://t.co/15P4hVAfqo #Science https://t.co/gxIqrN9skw
neutral,#BiteMark #Pluto â€“ Giant â€˜Bite Markâ€™ Appears on Plutoâ€™s Surface â€“ Far in theâ€¦ https://t.co/yucTcNbqYt #Science https://t.co/3XKzWjGGVj
neutral,#BiteMark #Pluto â€“ Giant â€˜Bite Markâ€™ Appears on Plutoâ€™s Surface â€“ Far in theâ€¦ https://t.co/3NPLqYO0uU #Science https://t.co/5ezqUa5RTq
neutral,#BiteMark #Pluto â€“ Giant â€˜Bite Markâ€™ Appears on Plutoâ€™s Surface â€“ Far in theâ€¦ https://t.co/08qLu5NTJ9 #Science https://t.co/m3LjEP5zHj
neutral,#BiteMark #Pluto â€“ Giant â€˜Bite Markâ€™ Appears on Plutoâ€™s Surface â€“ Far in theâ€¦ https://t.co/efhGVkRPSo #Science https://t.co/QbU6hsuKLY
neutral,#BiteMark #Pluto â€“ Giant â€˜Bite Markâ€™ Appears on Plutoâ€™s Surface â€“ Far in the western hemisphere â€¦ https://t.co/TlcAkHtseL #Science
neutral,#BiteMark #Pluto â€“ Giant â€˜Bite Markâ€™ Appears on Plutoâ€™s Surface â€“ Far in the western hemisphere â€¦ https://t.co/8yBw8oGVVR #Science
neutral,#BiteMark #Pluto â€“ Giant â€˜Bite Markâ€™ Appears on Plutoâ€™s Surface â€“ Far in the western hemisphere â€¦ https://t.co/RwV9Ie71WL #Science
neutral,#BiteMark #Pluto â€“ Giant â€˜Bite Markâ€™ Appears on Plutoâ€™s Surface â€“ Far in theâ€¦ https://t.co/b9aUqgLdJM #Science https://t.co/nNzMQIWqMr
neutral,#BiteMark #Pluto â€“ Giant â€˜Bite Markâ€™ Appears on Plutoâ€™s Surface â€“ Far in the western hemisphere â€¦ https://t.co/UjC9OIjeED #Science
neutral,#BiteMark #Pluto â€“ Giant â€˜Bite Markâ€™ Appears on Plutoâ€™s Surface â€“ Far in theâ€¦ https://t.co/erxTSovEXy #Science https://t.co/nrwzCvqLx4
neutral,#BiteMark #Pluto â€“ Giant â€˜Bite Markâ€™ Appears on Plutoâ€™s Surface â€“ Far in theâ€¦ https://t.co/e1yXInvQJE #Science https://t.co/UD3TvpQO9Q
neutral,#BiteMark #Pluto â€“ Giant â€˜Bite Markâ€™ Appears on Plutoâ€™s Surface â€“ Far in theâ€¦ https://t.co/QlFJJT358f #Science https://t.co/oQFdp96zY1
neutral,#BiteMark #Pluto â€“ Giant â€˜Bite Markâ€™ Appears on Plutoâ€™s Surface â€“ Far in theâ€¦ https://t.co/n4AY1MIP6D #Science https://t.co/xuUmL1qlmf
neutral,#BiteMark #Pluto â€“ Giant â€˜Bite Markâ€™ Appears on Plutoâ€™s Surface â€“ Far in theâ€¦ https://t.co/9puxsqmRq9 #Science https://t.co/vkoTQTBFyQ
neutral,#BiteMark #Pluto â€“ Giant â€˜Bite Markâ€™ Appears on Plutoâ€™s Surface â€“ Far in theâ€¦ https://t.co/uJFORrkB6i #Science https://t.co/bGKWfhNnuo
neutral,#BiteMark #Pluto â€“ Giant â€˜Bite Markâ€™ Appears on Plutoâ€™s Surface â€“ Far in theâ€¦ https://t.co/5tlt9Ed0rr #Science https://t.co/0ud0yh6WOv
neutral,#BiteMark #Pluto â€“ Giant â€˜Bite Markâ€™ Appears on Plutoâ€™s Surface â€“ Far in theâ€¦ https://t.co/nNYzFtvX6B #Science https://t.co/oZ856LVMTr
neutral,#BiteMark #Pluto â€“ Giant â€˜Bite Markâ€™ Appears on Plutoâ€™s Surface â€“ Far in theâ€¦ https://t.co/xSU1IzTDYK #Science https://t.co/gSCUck9iqH
neutral,#BiteMark #Pluto â€“ Giant â€˜Bite Markâ€™ Appears on Plutoâ€™s Surface â€“ Far in theâ€¦ https://t.co/iaKQpAYXGw #Science https://t.co/jngvkclKAG
neutral,#BiteMark #Pluto â€“ Giant â€˜Bite Markâ€™ Appears on Plutoâ€™s Surface â€“ Far in theâ€¦ https://t.co/0y5AUMt1zY #Science https://t.co/JQMf5dRhM8
neutral,#BiteMark #Pluto â€“ Giant â€˜Bite Markâ€™ Appears on Plutoâ€™s Surface â€“ Far in theâ€¦ https://t.co/hDjFyMGYJl #Science https://t.co/jC6Ka7A10V
neutral,#BiteMark #Pluto â€“ Giant â€˜Bite Markâ€™ Appears on Plutoâ€™s Surface â€“ Far in theâ€¦ https://t.co/lGb2nLOhrW #Science https://t.co/MBgZnEdCGf
neutral,#BiteMark #Pluto â€“ Giant â€˜Bite Markâ€™ Appears on Plutoâ€™s Surface â€“ Far in theâ€¦ https://t.co/WI6MlVAkSo #Science https://t.co/hmxzdBrgud
neutral,#BiteMark #Pluto â€“ Giant â€˜Bite Markâ€™ Appears on Plutoâ€™s Surface â€“ Far in the western hemisphere â€¦ https://t.co/UEXjXPDXFq #Science
neutral,#BiteMark #Pluto â€“ Giant â€˜Bite Markâ€™ Appears on Plutoâ€™s Surface â€“ Far in the western hemisphere â€¦ https://t.co/kzb8JcXAq3 #Science
neutral,#BiteMark #Pluto â€“ Giant â€˜Bite Markâ€™ Appears on Plutoâ€™s Surface â€“ Far in the western hemisphere â€¦ https://t.co/IMDnvIs66e #Science
neutral,#BiteMark #Pluto â€“ Giant â€˜Bite Markâ€™ Appears on Plutoâ€™s Surface â€“ Far in the western hemisphere â€¦ https://t.co/2o0xAfGryS #Science
neutral,#BiteMark #Pluto â€“ Giant â€˜Bite Markâ€™ Appears on Plutoâ€™s Surface â€“ Far in the western hemisphere â€¦ https://t.co/XJ31r5njE5 #Science
neutral,#BiteMark #Pluto â€“ Giant â€˜Bite Markâ€™ Appears on Plutoâ€™s Surface â€“ Far in the western hemisphere â€¦ https://t.co/KSYWdfhAQJ #Science
neutral,#BiteMark #Pluto â€“ Giant â€˜Bite Markâ€™ Appears on Plutoâ€™s Surface â€“ Far in the western hemisphere â€¦ https://t.co/sIKFrsjaMI #Science
neutral,#BiteMark #Pluto â€“ Giant â€˜Bite Markâ€™ Appears on Plutoâ€™s Surface â€“ Far in the western hemisphere â€¦ https://t.co/xm4NYzWuCS #Science
neutral,#BiteMark #Pluto â€“ Giant â€˜Bite Markâ€™ Appears on Plutoâ€™s Surface â€“ Far in the western hemisphere â€¦ https://t.co/1taCeUTMJT #Science
neutral,#BiteMark #Pluto â€“ Giant â€˜Bite Markâ€™ Appears on Plutoâ€™s Surface â€“ Far in the western hemisphere â€¦ https://t.co/QgWB6jb4yp #Science
neutral,I also prefer planets that can clear their own orbit neighborhoods  this i can tell you! #pluto #Trump2016  https://t.co/bkqKCIan3g
neutral,That's not Pluto!  It's Titania  processed by me. See #Pluto Now! 2016-03-12 https://t.co/ANCiv6Wza2 via @sharethis
neutral,#Kubrick's 2001 #MonoLith=#MartyMcFly{#Pluto's}return@#TheWalk=Clearest #PredictiveProgramming@#9ll #BackToTheFuture:https://t.co/OhZ8z09C2Q
neutral,#Kubrick's 2001 #MonoLith=#MartyMcFly{#Pluto's}return@#TheWalk=Clearest #PredictiveProgramming@#9ll #BackToTheFuture https://t.co/OhZ8z0rcUo
neutral,#Kubrick's 2001 #MonoLith=#MartyMcFly(#Pluto)returns@#TheWalk=Clearest #PredictiveProgramming@#9ll #BackToTheFuture https://t.co/OhZ8z0rcUo
neutral,@WIRED Odds are it was @neiltyson #Pluto
neutral,* Ode to 42 {#4Z}...and 88 and #MM and #AhHa and the #WelshMen #Lloyd+#Griffith and #CumPosey and #RosWell and #Pluto and ...:
neutral,#21OCT15=#MartyMcFly(#Pluto)returns@#TheWalk=Clearest #PredictiveProgramming@#9ll #BackToTheFuture https://t.co/OhZ8z09C2Q
neutral,In #BackToTheFuture #21OCT15 is the date #MartyMcFly(#Pluto)returns--#BackToTheFuture debuted #11SEP85--#9ll 30 years ago...
neutral,#21OCT15=#MartyMcFly(#Pluto)returns@#TheWalk=Clearest #PredictiveProgramming@#9ll #BackToTheFuture https://t.co/OhZ8z0rcUo
neutral,#21OCT15=#MartyMcFly(#Pluto)returns@#TheWalk=#TheWire=Clearest #PredictiveProgramming@#9ll #BackToTheFuture https://t.co/OhZ8z0rcUo
neutral,https://t.co/jAJKjSYIo5 "Life is a high-wire act."--#PhilippePetit=#MartyMcFly=#Hades=#Pluto=#Loki
neutral,@neiltyson well statedğŸ‘ Freedom of Speech is the foundation of democracy.  Just as I will always remember #Pluto as a planet...
neutral,~ again...  And I was ready to try this with #Pluto.]
neutral,~ had last talked to #Pluto. My big boy pants finally came up and I asked him out. The date was due in a few days  but my mind was a ~
neutral,~ myself that I was going to date  not after Rosie. But #Pluto had not only changed my aspect on dating..but my sexuality as well.  #Pluto ~
neutral,~ go out. And namely  I would have been alright with that. But my mind was still transfixed on #Pluto. The boy had my fucking mind in a ~
neutral,20 years in the making #Pluto #Epcot #cousins #disneyworld https://t.co/ipC3nYFYRV
neutral,#Pluto #Space â€“ Whatâ€™s Eating Pluto? Scientists Explain Giant â€˜Bite Markâ€™ On Tiny World â€“ Scientists atâ€¦ https://t.co/ISqxJrtWFv #Science
neutral,#Pluto #Space â€“ Whatâ€™s Eating Pluto? Scientists Explain Giant â€˜Bite Markâ€™ On Tiny World â€“ Scientists atâ€¦ https://t.co/lsSSXsgf0Y #Science
neutral,#Pluto #Space â€“ Whatâ€™s Eating Pluto? Scientists Explain Giant â€˜Bite Markâ€™ On Tiny World â€“ Scientists atâ€¦ https://t.co/5pdwk9khG8 #Science
neutral,#Pluto #Space â€“ Whatâ€™s Eating Pluto? Scientists Explain Giant â€˜Bite Markâ€™ On Tinyâ€¦ https://t.co/RImI2pRfth #Science https://t.co/69SbtpGG1S
neutral,#Pluto #Space â€“ Whatâ€™s Eating Pluto? Scientists Explain Giant â€˜Bite Markâ€™ On Tiny World â€“ Scientists atâ€¦ https://t.co/mVbgEYWvWR #Science
neutral,Chillen with my dawg. #Epcot #disney #pluto https://t.co/lrAp7CgFWF
neutral,Just hanging out with #Pluto #disneyland #disneydate @ Mickey's Toontown https://t.co/qqXcC4feBF
neutral,Wrinkled terrain on #Pluto records the history of the solar system before Earth was born. https://t.co/Fl21gd2t5d https://t.co/BS4wCBjOk7
neutral,Disney Family #mickey #minnie #daisy #DonaldDuck #Goofy #pluto  #chipmunks https://t.co/qmxbrXN9nE
neutral,@airandspace I need answers #Pluto #iamwithpluto ğŸ¶ https://t.co/Jf0E0aPsGO
neutral,#NASA #Pluto â€“ NASA finds giant â€˜bite markâ€™ on Plutoâ€™s surface â€“ Scientists atâ€¦ https://t.co/kXmpp7IX2c #Science https://t.co/IKjjFOGZYi
neutral,#NASA #Pluto â€“ NASA finds giant â€˜bite markâ€™ on Plutoâ€™s surface â€“ Scientists atâ€¦ https://t.co/ecdNd3e5Ri #Science https://t.co/VWaovOJsNO
neutral,#NASA #Pluto â€“ NASA finds giant â€˜bite markâ€™ on Plutoâ€™s surface â€“ Scientists atâ€¦ https://t.co/EJckFIxNd1 #Science https://t.co/2W28G53KV2
neutral,#NASA #Pluto â€“ NASA finds giant â€˜bite markâ€™ on Plutoâ€™s surface â€“ Scientists atâ€¦ https://t.co/1KkgxXGlwy #Science https://t.co/wcy27ZWwEh
neutral,#NASA #Pluto â€“ NASA finds giant â€˜bite markâ€™ on Plutoâ€™s surface â€“ Scientists atâ€¦ https://t.co/NZNmodhWdd #Science https://t.co/x5yEKwAcHP
neutral,What's #eating #Pluto? #Researchers find gigantic BITE MARK on #surface https://t.co/ddMTPJXMwX @NASA https://t.co/ugUah4vvDv
neutral,#pluto by @enchantedparlour Lou Valcourt #metalleaf #acrylic on #wood 2016 $150 @cre8ery https://t.co/CbQOkEYeaB
neutral,#Plutoâ€™s â€˜Snakeskinâ€™ Terrain: Cradle of the Solar System?  https://t.co/IAyN5Ghvij
neutral,.@NASA may have found snow-covered mountains on #Pluto. #Astronomy Â» https://t.co/5NUWIUjUXn https://t.co/btMfUpJm7E
neutral,#Space:gaze across the #frozen #canyons of northern #Pluto (contrast enhanced color scene) - https://t.co/bAeLPEt33V https://t.co/MBDZA5qHt5
neutral,#Pluto speed #drawing #video https://t.co/6YKW09q1zR #disney #fanart #painting #dogs
neutral,ğŸ“¹ #Nasaâ€™s first images since #NewHorizons mission formally began countdown to a flyby of #Pluto:... https://t.co/NsJfBLedoe
neutral,Life in #Pluto? Will it be possible? @NASANewHorizons  https://t.co/ugiUJ5eXuy
neutral,Brunch at Chef Mickey's #Pluto #DisneyWorld2016 @ Chef Mickey's https://t.co/2DBFB4fSwK
neutral,How #Pluto and its biggest moon  Charon  compare in size to the Earth #tech #technews #travel #photography c @BBC https://t.co/idly3puZfd
neutral,#Plutoâ€™s â€˜Snakeskinâ€™ Terrain: Cradle of the Solar System? #astronomy https://t.co/wD6kgwvY7M https://t.co/QAH9kSLvL5
neutral,#pluto will always be a #planet to me - #solarsystem #space @ North Miami  Florida https://t.co/6T2Dg2YaQt
neutral,What's Eating at #Pluto?  Far in the western hemisphere  scientists on NASA's New Horizons mission have... https://t.co/UZAcLzfZUW
neutral,#Pluto #Nasa â€“ Giant â€˜Bite Markâ€™ Appears on Plutoâ€™s Surface â€“ Far in the westernâ€¦ https://t.co/q3HZdr1rcl #Science https://t.co/R9zZ0X9I54
neutral,#Pluto #Nasa â€“ Giant â€˜Bite Markâ€™ Appears on Plutoâ€™s Surface â€“ Far in the westernâ€¦ https://t.co/TsqWT0HlAc #Science https://t.co/cCPbHscY49
neutral,#Pluto #Nasa â€“ Giant â€˜Bite Markâ€™ Appears on Plutoâ€™s Surface â€“ Far in the westernâ€¦ https://t.co/ejWx0oSHXz #Science https://t.co/uCs7Ocd9iH
neutral,#Pluto #Nasa â€“ Giant â€˜Bite Markâ€™ Appears on Plutoâ€™s Surface â€“ Far in the westernâ€¦ https://t.co/1rrlfUz8dT #Science https://t.co/pt4PWdscFG
neutral,#Pluto #Nasa â€“ Giant â€˜Bite Markâ€™ Appears on Plutoâ€™s Surface â€“ Far in the westernâ€¦ https://t.co/x5eU5FhCgK #Science https://t.co/OyrX1zd8Sl
neutral,What's Eating at #Pluto?  Far in the western hemisphere  New Horizons mission have discovered "#bite #mark" ...hâ€¦/buff.ly/1LYEHKg
neutral,Something is eating Pluto! No wonder it's so small... #small #PLUTO
neutral,#Space: whatâ€™s eating at #Pluto? #GiantBiteMark â–º https://t.co/UlCTK3eXUI via @NASA https://t.co/7UXmkFyr57
neutral,Determining the mean radius and shape of #Pluto &amp; #Charon from @NewHorizons2015 images https://t.co/iOn5IhxPoN https://t.co/W1Tbela0eE
neutral,Cloudgate: Rumors Spread of Nitrogen Clouds on #Pluto ~ by @jpmajor #space https://t.co/Q0nBr16vTG
neutral,What becomes of #Pluto in the #future? It's featured in the sequel to my 1st #book #Revelations #FarFromEarth #Scifi https://t.co/F5Yk25JwAs
neutral,#Social #Pluto Daily @SocialNewsCorp https://t.co/Wtc7V6JEOU Via #Twitter @ricovmader @SportPluto @OgoBideshini
neutral,What Bit a Chunk Out of Pluto's Ice? : Discovery News https://t.co/JYRqtJzJE1 #pluto #NASA #science #space #scifi
neutral,#PLUTOâ€™s â€˜Snakeskinâ€™ Terrain: Cradle of the Solar System? - https://t.co/240xRhmVl8
neutral,Destination #Pluto: #NASA's New Horizons Mission in Pictures  https://t.co/Vq0awsUUIm
neutral,#PLUTO  Researchers find gigantic 370 mile wide BITE MARK on Pluto's surface https://t.co/FMoIx6xTLJ
neutral,#DonaldDuck  #MickeyMouse  #Pluto and Goofy - 4 Hours Non-Stop  https://t.co/mZhdiMV60v
neutral,@TeamBoA @EmbraceTheBall And yet the only 'trolls' you DON'T call out is #NASA. Double standards. #Pluto #Philae https://t.co/ZBRgUCForC
neutral,#Pluto's Mountains Capped by Methane Ice (Photo) https://t.co/NL48bvQfBh #space #twitter https://t.co/NnRod3R4Kw
neutral,Dabb It Up Uhh #pluto
neutral,(Times of India) #Nasa finds giant 'bite mark' on #Pluto's surface : The methane ice-rich.. https://t.co/kiglnhWaob https://t.co/z5anRfdpov
neutral,Destination Pluto: NASA's New Horizons Mission in Pictures https://t.co/QFpoDMyHqY #Space #Pluto https://t.co/5UF9O9opca
neutral,#DonaldDuck cartoon episodes - Donald And #Pluto https://t.co/q3nf1oCAaK
neutral,#NASA finds giant 'bite mark' on #Pluto's surface. #Space https://t.co/ioxT39mGqJ
neutral,@NASA finds giant 'bite mark' on #Pluto's surface. via @TimesNow https://t.co/UDt3s0gFhS
neutral,#Pluto The Sleep Walker https://t.co/UE6GdfEz1y
neutral,#NASA finds giant 'bite mark' on Pluto's surface #Pluto | https://t.co/vz1zXHWiwb https://t.co/qIiE0mLKgT
neutral,@NASA discovers bit-mark on planet #Pluto https://t.co/xRjWwYhjBs https://t.co/xlsAKtbsL4
neutral,Sunset over the mountains of Pluto.   Reddly app: https://t.co/ZqsPA1ucjC  #NASA #sunset #pluto https://t.co/PlopT40YaA
neutral,#scientists find #signs of #potential cryo-#volcanism on #faraway #pluto.  https://t.co/U3Xjwfybpy https://t.co/hXJhFVUtfC
neutral,What's eating at #Pluto? #NASA #science #STEM #ScienceKids #IStandWithAhmed  https://t.co/sZMiYlYoa3
neutral,Laid back ! #Pluto ğŸ‘ğŸ¾ğŸš€
neutral,Hollywood pups. #alliedimla #dogsofallied #pluto #charlie #pug #mutt #dolbytheatre https://t.co/4dynYxZzJd
neutral,Balancine #Mickey #Minnie Mouse #Pluto #Disney Comic Strip Neck Tie  https://t.co/5iE9TiojsS via @eBay
neutral,Today we crafted our solar system lesson plan. Did you know if you weighed 90 lbs on Earth  you'd weigh 5 lbs on Pluto? #pluto
neutral,NASANewHorizons: Is #Plutoâ€™s â€˜Snakeskinâ€™ terrain a cradle of the solar system? https://t.co/PiiWbfNVAM https://t.co/gYrVnHNuda
neutral,NASANewHorizons: Is #Plutoâ€™s â€˜Snakeskinâ€™ terrain a cradle of the solar system? https://t.co/U3f8Ppozlq https://t.co/XdeI5GHymf
neutral,SETIInstitute: Is methane ice sublimating and exposing a rich layer of water-ice on #Pluto? â€¦ https://t.co/T2T4iM8Qp0
neutral,Is methane ice sublimating and exposing a rich layer of water-ice on #Pluto? https://t.co/dE4GjObN9y https://t.co/QPa0Xs6tnK
neutral,Discovery News: What Bit a Chunk Out of #Pluto's #Ice? https://t.co/hsnd077phX
neutral,Is #Plutoâ€™s â€˜Snakeskinâ€™ terrain a cradle of the solar system? https://t.co/1JYdrW7EgD https://t.co/xcGezhccpH
neutral,.@NewHorizons2015's blog | #Plutoâ€™s â€˜snakeskinâ€™ terrain: cradle of the Solar System? https://t.co/8XTsqIjU0f https://t.co/lx4JSBJqZU
neutral,What Bit a Chunk Out of #Pluto's #Ice? https://t.co/PCYyxxI6YR #waterice #methane #mystery #nasa #nasanewhorizons
neutral,#Pluto's 'snakeskin' terrain: cradle of the solar system? New blog from @NASANewHorizons https://t.co/I3gAHqFn6y https://t.co/EQnHT1Pl1e
neutral,Eat Your Heart Out Pluto #pluto https://t.co/d9iBWZKjQN https://t.co/i2zd8s7bGL
neutral,What Bit a Chunk Out of Pluto's Ice? https://t.co/vmVwkfWua0 #waterice #Pluto #TeamFollowBack
neutral,ó¾­šó¾­šó¾­šDaily Juice Featureó¾­šó¾­šó¾­š  #Pluto by @SpaceJamJuice  A very delicate mix of watermelon  honeydew  and cantaloupe ... https://t.co/1hKw1pMK4C
neutral,ğŸ’¥ğŸ’¥ğŸ’¥Daily Juice FeatureğŸ’¥ğŸ’¥ğŸ’¥  #Pluto by @spacejamejuice  A very delicate mix of watermelon â€¦ https://t.co/iZRRD0Qt2j
neutral,What Bit a Chunk Out of #Pluto's #Ice? https://t.co/1dhsjyHyvu
neutral,As new data from @NASANewHorizons streams in  water ice shows up on #Pluto beneath sublimating layers of methane ice https://t.co/5JmQoQ4pY3
neutral,Would snowboarding in methane snow on Pluto's peaks be too toxic? https://t.co/GKC6zNnPa5 @NASANewHorizons #pluto #space #snowboarding
neutral,#Lego week in 3rd grade: This is #MickeyMouse and #Pluto  #creativity #loveteaching https://t.co/G0OgGcZDN7
neutral,Destination #Pluto: NASA's #NewHorizons Mission in Pictures (Gallery) https://t.co/NXn1KPmzlb https://t.co/3YyXbQq4Fl
neutral,#Pluto Might Be Home To Methane-Covered Mountain Peaks https://t.co/GxHHXlkdUq via @sharethis
neutral,What's eating #Pluto? Researchers find gigantic BITE MARK on surface https://t.co/MeHGHp5gZd via @MailOnline
neutral,Destination Pluto: NASA&amp;#039;s New Horizons Mission in Pictures #pluto https://t.co/0Xaqa8cSFU
neutral,Pictures of Pluto .  #pluto https://t.co/VF8q83y5mL
neutral,More space discoveries. #pluto  https://t.co/kZ8WPvQzrm
neutral,'Pluto's mountains capped with methane 'snow'.' #technews #space #pluto   https://t.co/M2RCMITILC
neutral,#Plutoâ€™s Mountains Capped by Methane Ice (Photo) https://t.co/NsWZY4IKib #Space.com  news  Pluto's Mountains Capped by Methane Ice (Photo)â€¦
neutral,Is #Pluto a #planet? Our readers think so with their drawings! https://t.co/5Jugg72e7a
neutral,#Pluto has a giant bite mark on its surface  caused by sublimation  methane ice is sublimating into the atmosphere. https://t.co/cSGuiHY195
neutral,#Pluto: NASA's New Horizons Images Show Possible Clouds In Dwarf Planet's Atmosphere  https://t.co/2zt5vwEEs5
neutral,#Social #Pluto Daily @SocialNewsCorp https://t.co/Yn6yyqiJb1 Via #Twitter @trappedsoldier @Browns_FZ @shallow_pluto
neutral,Together with pits  sublimation could also have caused this giant â€œbite markâ€ on #Pluto https://t.co/bNAvIcME50 https://t.co/LjhwpobI8V
neutral,Wether you think it's a planet or not Pluto has found its way to our Planetary Cycle line. #Pluto #planets  #space https://t.co/RMvLbvnJ4j
neutral,#DonaldDuck  #MickeyMouse  #Pluto and Goofy - 4 Hours Non-Stop  https://t.co/mZhdiMV60v
neutral,Plutocracy #randomWordDoodle #drawing #planets #pluto #doodle https://t.co/KvIAyTdN8V
neutral,Pluto Yo-Yo: Will it be a planet again? https://t.co/dkfmPivhRR #Pluto #SolarSystem #Planet #NASA #Astronomy #NewHorizons
neutral,Pluto Yo-Yo: Will it be a planet again? https://t.co/z6rcE5GrcC #Pluto #SolarSystem #Planet #NASA #Astronomy #NewHorizons
neutral,Pluto Yo-Yo: Will it be a planet again? https://t.co/u5BNu3IsEf #Pluto #SolarSystem #Planet #NASA #Astronomy #NewHorizons
neutral,Pluto Yo-Yo: Will it be a planet again? https://t.co/IEYlolSWAN #Pluto #SolarSystem #Planet #NASA #Astronomy #NewHorizons
neutral,Why arenâ€™t dwarf #planets full-fledged planets? @SciShow explains: https://t.co/wXQqSAYzFZ #Pluto #space
neutral,Pluto Yo-Yo: Will it be a planet again? https://t.co/mxeoX1f739 #Pluto #SolarSystem #Planet #NASA #Astronomy #NewHorizons
neutral,#DonaldDuck cartoon episodes - Donald And #Pluto https://t.co/q3nf1oCAaK
neutral,#Pluto The Sleep Walker https://t.co/UE6GdfmXCY
neutral,#catstagram #ã­ã“ by cheese_y https://t.co/BRTnFxk2GZ #Pluto clean himself #cat #catlove #catering #catlover #catsofâ€¦ https://t.co/9PWpaYmgUe
neutral,Probing the mystery of a "bite mark" on #Pluto @NASA @NASANewHorizons @NewHorizons2015 https://t.co/AhJGV8u5Is https://t.co/9fgcU7y3VG
neutral,New Horizons closes in on Pluto &amp; Charon (Jun 18-23  2015) #pluto #charon #nasa #... (Vine by @ObservingSpace) https://t.co/ubKEp4a383
neutral,On July 14 we reach #Pluto. Use our 3D simulator to see what will happen. http:/... (Vine by @NASASolarSystem) https://t.co/jBdbekGPCt
neutral,A dog and his dog. #Pluto #Pitbull #PocketPittie https://t.co/RpWW36T466
neutral,#RNC 2016 Full Moon 27Cap = menacing #Pluto  https://t.co/snVMPPr4NH #primalviolence #TrumpRallies
neutral,We're rooting for you  #Pluto! #spacerocks #science  https://t.co/cwYmp8ZVHk
neutral,Finna be like 2012 future #pluto
neutral,#TBT few yrs. back when  #Future came through to sign copies of his debut album #Pluto !!â€¦ https://t.co/07BATCz0IC
neutral,#21OCT15=#MartyMcFly(#Pluto)returns@#TheWalk(#Zemeckis)#PredictiveProgramming@#9ll #BackToTheFuture https://t.co/OhZ8z09C2Q
neutral,Scientists think theyâ€™ve spotted clouds on #Pluto  so they want to call it a planet again https://t.co/WsJxLjGFzQ
neutral,[New Horizons  news] What's Eating at Pluto? https://t.co/P9V8XVzfF2 #Pluto
neutral,#Pluto's landscape explained in pics  from red rocks to methane snow https://t.co/wY053O5lOx @nasa @NewHorizons2015 https://t.co/ltlHmbY9Xl
neutral,Horoscope: RNC 2016 Full Moon 27Cap40 = US natal #Pluto https://t.co/snVMPPr4NH #RNC2016 #Capricorn #Astrology
neutral,#Pluto Picture of the Day: The polygons of Pluto https://t.co/QPo5diRL8Z  cc: @NewHorizons2015 @AlanStern https://t.co/tvEFXRaqSw
neutral,Shared from Seriously Not Boring #pluto #ohana https://t.co/myEZ52LFJu
neutral,Meeting the legends  Goofy and Pluto #goofy #pluto #waltdisneyworld #animalkingdom #dinolandâ€¦ https://t.co/NTLHoCmctI
neutral,Why does #goofy get to walk and talk while #Pluto is still a dog? From the brain of a stay at home mom.....@WhatTheFlicka #toddlerlife
neutral,Can you find #pluto? You can learn at #Astronomy Camp.  Spots are filling up fast!  https://t.co/IIhgZwcawm https://t.co/rqx5OFKwg5
neutral,#Social #Pluto Daily @SocialNewsCorp https://t.co/KI84KqIRqj Via #Twitter @thomasryan @sk_Pluto @tina_30901
neutral,Some Perspective On Plutonian Clouds @badastronomer #pluto https://t.co/fZSwaPUfYW https://t.co/52uO8aPkV9
neutral,#Pluto ready for a #nap ğŸ‘ @DisneyStudiosCA @DisneyStudios https://t.co/vK6p1zeJxr
neutral,#Plutoâ€™s Purple Mountainsâ€™ Majesty Turns Out to Be â€¦ Methane #space https://t.co/Qdw7k0WKPA
neutral,#DonaldDuck  #MickeyMouse  #Pluto and Goofy - 4 Hours Non-Stop  https://t.co/mZhdiMV60v
neutral,@joerogan @YouTube @eddiebravo  #aliens #pluto #blackhelicopters #209motherfuckers #EBI BOSS pod lads
neutral,#DonaldDuck cartoon episodes - Donald And #Pluto https://t.co/q3nf1oCAaK
neutral,#Pluto The Sleep Walker https://t.co/UE6GdfEz1y
neutral,[TI Archive]: New High-Resolution Pics of Pluto Released By NASA https://t.co/yhBxrWluWy #nasa #pluto #resolution #transmission
neutral,Pluto Fams Coming in Hawt ğŸ”¥ğŸ”¥ğŸ”¥ğŸ”¥ . . . . #Cmo #castmembersonly #pluto #plutofams #pupsqaudâ€¦ https://t.co/Uj98yAtFAK
neutral,Scientists think theyâ€™ve spotted #clouds on #Pluto  so they want to call it a #planet again: https://t.co/q55qVVUXr5
neutral,[TI Archive]: Pluto May Have Ice Volcanoes  and New Horizons Got a Peek https://t.co/edX4dFbK8o #horizons #ice #peek #pluto #volcanoes
neutral,@FatBottomGirl1 I would drink out of #pluto.  A LOT.
neutral,#Pluto Might Be Home To #Methane Covered #Mountain Peaks https://t.co/wIzkzQd0RK
neutral,@DiscloseTV: Cloudgate: Rumors Spread of Nitrogen Clouds on #Pluto #NewHorizons https://t.co/591Z6mv3rm via /r/Thâ€¦ https://t.co/zsjiozHY1i
neutral,@NASA may have found snow-covered #mountains on #Pluto https://t.co/hzYkJcZesb
neutral,Over Half of the Data From the #Pluto #Flyby Is Still On the #Spacecraft https://t.co/CidIcvhmmt
neutral,#ufo #aliens Cloudgate: Rumors Spread of Nitrogen Clouds on #Pluto #NewHorizons https://t.co/MQ9xZe4HYb
neutral,#21OCT15=#MartyMcFly(#Pluto)returns@#TheWalk(#Zemeckis)#PredictiveProgramming@#9ll #BackToTheFuture https://t.co/OhZ8z0rcUo
neutral,Cloudgate: Rumors Spread of Nitrogen Clouds on #Pluto #NewHorizons https://t.co/QQ7qCBFqB7
neutral,Plutoâ€™s clouds might make it a planet again (#Pluto)... https://t.co/xEkIGMTylT
neutral,Snow-capped #mountains seen on #Pluto -  https://t.co/UDA42PrZFi https://t.co/tzhXVBlhM1
neutral,Does #Pluto Have Clouds? Well â€¦ #space https://t.co/Jt2BtJ294X
neutral,#NASA's #NewHorizons discovers mountains capped with methane ice on #Pluto https://t.co/p5TEHijXh6 https://t.co/kpmVyCRu6B
neutral,How Pluto got its name https://t.co/srmS9YEqMj #pluto #solarsystem
neutral,https://t.co/5K0x5sLF2q yeah and #Pluto wants it money #cdnpoli  https://t.co/7I609f08lQ
neutral,Our pal #pluto at the #epcot #flowerandgardenfestival at waltdisneyworld  ğŸŒ³ğŸ’ #disney #topiariesâ€¦ https://t.co/6DvMkVUATI
neutral,#Pluto #husky surveying the #flooding #burtonlatimer #northamptonshirecountryside #northantsâ€¦ https://t.co/kOePfHmCnB
neutral,#Pluto #mountains are capped with #methane #snow WIRED UK https://t.co/ge3rLUzlw2
neutral,Floating Hills on Pluto's Sputnik Planum (Heart of #Pluto)  #NASA https://t.co/Ajg5yrAHcN https://t.co/LKsL09bW5J
neutral,#Charon. The smaller portion of the #PlutoCharon system. #Pluto #PlutoFlyby
neutral,#Disney #Pluto #RiceOmelet #Japanese style #bento #lunchâ€¦ https://t.co/b5WIX9eFOV
neutral,â€œClouds Seen On #Pluto For First Timeâ€ https://t.co/oOAhwNcIg6 https://t.co/nRtJk24sin
neutral,Balancine #Mickey #Minnie Mouse #Pluto #Disney Comic Strip Neck Tie  https://t.co/5iE9TiojsS via @eBay
neutral,#Pluto Might Be A #Planet After All! https://t.co/LrmO1v33Yx via @internetaction - Stop solar system revisionists; #BringBackPluto  ğŸ•µ
neutral,Bring back #Pluto https://t.co/4YcSJ782XF
neutral,#Pluto has clouds? https://t.co/nKGW4HGqmD an "active cycle" raises the possibility of being reinstated as a planet https://t.co/5ekGVzsXvK
neutral,Another NH view of Pluto. Filtered to bring up far more detail. @universetoday #Pluto https://t.co/k97Fnfz7av
neutral,Taking flight #Pluto
neutral,NASA Spots Methane Snow On Pluto's Mountains https://t.co/gmEDAgG4LL #science #space #PLUTO #study #new #news #snow https://t.co/cOHp3hbwga
neutral,NASA Spots Methane Snow On Pluto's Mountains https://t.co/5MRciPlSsh #science #space #PLUTO #study #new #news #snow https://t.co/JBpc7jXmWy
neutral,"Hygiene Elementary transforms into #Pluto" [video] @AlanStern See https://t.co/0wpWl2OTj6
neutral,#minniemouse #pluto @ Epcot - Walt Disney World https://t.co/BaaseAOAaZ
neutral,OPEN|| #Fantasia --&gt; #Mickey  #Donald  #Goofy  #Pluto  and #Daisy [[More to be added upon request]]
neutral,ğŸ›° Evidence of clouds could help #PLUTO become a full-fledged #planet again https://t.co/32LJ8DWwuD #space #science https://t.co/n7Bjyak71m
neutral,#pluto #disneyparks @ Epcot - Walt Disney World https://t.co/AB5sBRLVWt
neutral,@PimpingForSin OPEN|| #Fantasia --&gt; #Mickey  #Donald  #Goofy  #Pluto  and #Daisy [[More to be added upon request]]
neutral,@PimpinRapGod OPEN|| #Fantasia --&gt; #Mickey  #Donald  #Goofy  #Pluto  and #Daisy [[More to be added upon request]]
neutral,@LivelyPimp OPEN|| #Fantasia --&gt; #Mickey  #Donald  #Goofy  #Pluto  and #Daisy [[More to be added upon request]]
neutral,@PimpKrasinski OPEN|| #Fantasia --&gt; #Mickey  #Donald  #Goofy  #Pluto  and #Daisy [[More to be added upon request]]
neutral,@HaleThePimp OPEN|| #Fantasia --&gt; #Mickey  #Donald  #Goofy  #Pluto  and #Daisy [[More to be added upon request]]
neutral,@TheBubblyPimp OPEN|| #Fantasia --&gt; #Mickey  #Donald  #Goofy  #Pluto  and #Daisy [[More to be added upon request]]
neutral,@PimpinNThisSkin OPEN|| #Fantasia --&gt; #Mickey  #Donald  #Goofy  #Pluto  and #Daisy [[More to be added upon request]]
neutral,@HellRaiserPimp OPEN|| #Fantasia --&gt; #Mickey  #Donald  #Goofy  #Pluto  and #Daisy [[More to be added upon request]]
neutral,@MystifyingPimp OPEN|| #Fantasia --&gt; #Mickey  #Donald  #Goofy  #Pluto  and #Daisy [[More to be added upon request]]
neutral,@PimpingElena OPEN|| #Fantasia --&gt; #Mickey  #Donald  #Goofy  #Pluto  and #Daisy [[More to be added upon request]]
neutral,#Social #Pluto Daily @SocialNewsCorp https://t.co/3BpfRXdFZd Via #Twitter @Pluto_Berlin @smurabana @joey207usa
neutral,(Mail Online):#Evidence of an 'active cycle' raises possibility of #Pluto being a planet.. https://t.co/iKxqXvrSWo https://t.co/0l9WuD8jjU
neutral,It's 4:20 on #PLUTO â€ƒâ€ƒâ€ƒâ€ƒâ€ƒâ€ƒâ€ƒâ€ƒâ€ƒ â–â–‘â–‘â–‘â–ˆâ–ˆâ–€â–ˆâ–ˆâ–€â–ˆâ–ˆâ–ˆâ–€â–€â–€â–ˆâ”€â”€â”€â–ˆâ–Œâ€ƒâ€ƒâ€ƒ â–ˆâ–ˆâ–ˆâ–ˆâ–ˆâ–ˆâ”€â–ˆâ–ˆâ”€â–ˆâ–„â–ˆâ–ˆâ–ˆâ–Œâ–ˆâ–â–ˆâ–Œâ–ˆâ–Œâ€ƒâ€ƒ â–ˆâ–ˆâ–‘â–‘â–‘â–ˆâ–„â–„â–„â”€â–ˆâ–„â–ˆâ”€â–„â–„â–ˆâ–„â–„â–„â–ˆâ–Œ â€ƒâ–ˆâ–’â–ˆâ–ˆâ–ˆâ–’â–’â–’â–ˆâ”€â–ˆâ–ˆâ–ˆâ–„â–„â–„â–„â–„â–‘â–‘â–‘â–Œ
neutral,Traveling at 35 000 mph from Earth   it'll take you 9 years to reach #Pluto ..... https://t.co/tXMs5cRjg2
neutral,#DonaldDuck  #MickeyMouse  #Pluto and Goofy - 4 Hours Non-Stop  https://t.co/mZhdiMV60v
neutral,Northern #PLUTO   @NewHorizons2015 https://t.co/NkixUT0jVl
neutral,Higher than an ASTRONAUT #PLUTO
neutral,Talking about the extension of mapping.. #PLUTO https://t.co/KN8oQZTqrb
neutral,#DonaldDuck cartoon episodes - Donald And #Pluto https://t.co/q3nf1oCAaK
neutral,#Pluto The Sleep Walker https://t.co/UE6GdfEz1y
neutral,hide and seekğŸ™ˆğŸ˜‚ğŸ’• #hkdl #hkdl10 #pluto #ãƒ—ãƒ«ãƒ¼ãƒˆ #é¦™æ¸¯ãƒ‡ã‚£ã‚ºãƒ‹ãƒ¼ãƒ©ãƒ³ãƒ‰ #ãƒ‡ã‚£ã‚ºãƒ‹ãƒ¼ãƒ©ãƒ³ãƒ‰ #ãƒ‡ã‚£ã‚ºãƒ‹ãƒ¼ https://t.co/PcAJunoycB
neutral,Pluto to regain it's planet status hopefully! https://t.co/4E3GZv80yE  #Pluto
neutral,#Vintage #Disney #Coffee #Mug #MickeyMouse #Ears #Balloon #Donald #Minnie #Pluto #Goofy for sale in  https://t.co/QZUmBwaqyy
neutral,"Well  Pluto  here we are. Now for a swell vacation!" ğŸ˜ğŸ˜š #waltdisneyworld #epcot #pluto @ Epcotâ€¦ https://t.co/vLIQMfscgx
neutral,Scientists reportedly spot what appear to be clouds on #Pluto's surface  suggesting it might become a planet again. https://t.co/jRdlyu8IL1
neutral,Scientists think theyâ€™ve spotted clouds on Pluto  so they want to call it a planet again.. #Pluto #Science #Neat https://t.co/hRw1Yxk11x
neutral,With all this focus on #Pluto  we forgot about the other worlds and colors to discover says  @elakdawalla at #Planet9
neutral,#Plutoâ€™s clouds might make it a #planet again | Science! https://t.co/DMD3XGP7xs #space
neutral,How Pluto got its name https://t.co/srmS9YEqMj #pluto #solarsystem
neutral,@Disney was drawing #Pluto in Buenos Aires in 1941 #lefthanded via @AGNArgentina https://t.co/N3ucXb6YkY
neutral,"When I was a kid  #Pluto was a planet" I actually said that in response to a question from my 4-year-old today
neutral,Plutoâ€™s clouds might make it a planet again | Science! https://t.co/OUyMZWYYvX #pluto #space #news
neutral,Stop by our booth 41 to learn about #P2P Automation &amp; win #NewHorizons  #pluto commemorative coin https://t.co/G5vxOVG2QC
neutral,Bring back #planet #Pluto https://t.co/WbAtU7LA7e
neutral,Methane snow on #Plutoâ€™s peaks #Astronomy https://t.co/tgdNxyFdzk https://t.co/KxytKbFSAi
neutral,Are there clouds on Pluto? Discovery reignites push to reinstate 'planet' status #Pluto https://t.co/9bqKxWAanS
neutral,#geekhour for the space geek "pluto" https://t.co/AUJTyo8x4xâ€¦ #pluto #PlutoFlyby https://t.co/NvJELn5SUf @geek_hour @killer_kitsch
neutral,There Might Be #Clouds on #Pluto | #Gizmodo UK #space #news https://t.co/27n4Qp9E2b
neutral,@JeffreyGuterman no wonder #pluto is no longer considered a planet....
neutral,Coach #Pluto helping out the ceremonial first pitch thrower. #WaltDisneyWorldâ€¦ https://t.co/8n0zSHbp4y
neutral,GROUND CONTROL TO @JohnKasich WHO IS CURRENTLY CIRCLING #PLUTO! https://t.co/qg41eBuObs @BernieSanders @JoeNBC @MichaelSteele @Politico @GOP
neutral,Let's all go to #Pluto then! When's the first flight? #FeelTheBern #Bernie #Bernie2016 #Elections2016  https://t.co/whgFYxP9Oo
neutral,#Russia has a larger surface area than #Pluto.
neutral,#dbnumber of the day: 9. Could #Pluto make a comeback as the 9th planet? Scientists claim it has its own weather system. #DrStephan
neutral,For winter sports  there's no cooler place to be. #Pluto https://t.co/pLDn5KGXvf
neutral,NASA may have found snow-covered mountains on Pluto https://t.co/zAfvUtmLgF #arstechnica #methane #pluto
neutral,#Pluto cud be upgraded to a #Planet from #DwarfPlanet . But scientist r wrd abt #MentalHarrasment  #CharacterAssasination case from Pluto.
neutral,#Pluto #Planet â€“ Plutoâ€™s clouds might make it a planet again â€“ Pluto has been aâ€¦ https://t.co/jJue7v253K #Science https://t.co/hHYbnGvNdX
neutral,#Pluto #Planet â€“ Plutoâ€™s clouds might make it a planet again â€“ Pluto has been aâ€¦ https://t.co/rd0BkOau1J #Science https://t.co/LFSJuoBZ3y
neutral,#Pluto #Planet â€“ Plutoâ€™s clouds might make it a planet again â€“ Pluto has been aâ€¦ https://t.co/uXlLuUgYsS #Science https://t.co/RN8SsBL1A9
neutral,#Pluto #Planet â€“ Plutoâ€™s clouds might make it a planet again â€“ Pluto has been aâ€¦ https://t.co/Gbj03INNYa #Science https://t.co/PdpDUD1XAD
neutral,#Pluto #Planet â€“ Plutoâ€™s clouds might make it a planet again â€“ Pluto has been aâ€¦ https://t.co/G6t6Tlbard #Science https://t.co/PQyoGReyGH
neutral,New Horizons images show possible clouds in #Pluto's atmosphere - https://t.co/iIevwSVszG a #Planet
neutral,Mystery hopping in our unexplored Solar System. I visit #titan #Ceres #mars #pluto w @batchelorshow  @planetarysci https://t.co/xj1ZXjJEsS
neutral,"Bernie is spinning out there around Pluto"  -Kasich @JohnKasich on @Morning_Joe #Pluto #JohnKasich https://t.co/LKdCNYpg7w
neutral,Sincerely  The @BernieSanders Space Cadets Circling #Pluto! @MSNBC
neutral,Some people have celebrities on their wall. I  meanwhile  have a planet. #Pluto poster from https://t.co/YSPpyuJeQH. https://t.co/Mlflgd9nYH
neutral,"Earth to @NYGovCuomo: Rocket to #Pluto would make more sense than $15 #MinimumWage." https://t.co/BDwyhgCfmE https://t.co/b2ZOJHYkmT
neutral,@RickieHayles ric my head âœˆï¸ğŸŒ #Pluto ğŸ˜‚ğŸ˜‚
neutral,#Space #Pluto  Clouds on Pluto perhaps...?  https://t.co/JxYWlLrQpC
neutral,#Social #Pluto Daily @SocialNewsCorp https://t.co/e5zKpBDKvx Via #Twitter @lauriecantillo @blipwisp @pluto_y_
neutral,@Morning_Joe @JohnKasich @BernieSanders I still think #Pluto is a planet.
neutral,#Plutoâ€™s clouds might make it a planet again https://t.co/u7rgtPIlHK #news #science #nasa #newhorizons #planets
neutral,Dutch Air - Tarantula Nebula - Dutch Air https://t.co/bu4BqrdidA via @https://twitter.com/Dutch_Air #nasa #Tarantula #mars #pluto #starship
neutral,Pluto might be about to become a planet again https://t.co/xlgn5yWQrX #science #space #astronomy #news #Pluto
neutral,@Gjallarhornet @CorbinBrodie If scientist change their view again I demand a full refund for monies lost in pub quizzes! #Pluto #imaplanet:)
neutral,#DonaldDuck  #MickeyMouse  #Pluto and Goofy - 4 Hours Non-Stop  https://t.co/mZhdiMV60v
neutral,Whoa #check out this #graffiti NASA #found on #pluto  https://t.co/M6mftbyFBI https://t.co/VinL0uPcFP
neutral,#DonaldDuck cartoon episodes - Donald And #Pluto https://t.co/q3nf1oCAaK
neutral,#Pluto The Sleep Walker https://t.co/UE6GdfEz1y
neutral,New #horizons #located a #region on #pluto rich in #frozen #carbon #monoxide.  https://t.co/7qj75z543m https://t.co/BBou3PNs7L
neutral,New Horizons images show possible clouds in Pluto's atmosphere - https://t.co/PAavdn1nkB #pluto #NewHorizons #NASA https://t.co/jifkpxkl7h
neutral,Will you just make up your mind already. #pluto https://t.co/EkgcGThuOX
neutral,Big Dawg Salute to @1future the realest in the game now. Just took The Queen City all the way to #Pluto #704LoveForevaEva
neutral,[TI Archive]: New High-Resolution Pics of Pluto Released By NASA https://t.co/yhBxrWluWy #nasa #pluto #resolution #transmission
neutral,@Lakekeshawty Oh Yeah We { #PLUTO ) fading frfr ... Might have to leave on a Thursday April 7-9th
neutral,#21OCT15=#MartyMcFly(#Pluto)returns@#TheWalk(#Zemeckis)#PredictiveProgramming@#9ll #BackToTheFuture https://t.co/OhZ8z0rcUo
neutral,#Pluto North Pole Is Surrounded By #FrozenCanyons https://t.co/8FnrpC1KEw
neutral,Future - Turn On The Lights https://t.co/YwvL6MadgQ via @YouTube #pluto
neutral,Pluto's Color Variations Finally Make Sense: Explained By Methan https://t.co/MsGwGGP5Jv #Astronomy #Pluto
neutral,Are there clouds on #Pluto? Leaked photos reignite push to reinstate 'planet' status https://t.co/jOJkhzh1Jk via @smh
neutral,Someone wisely named Cthulhu Regio after me. Learn about it  or else: https://t.co/d02GnOdkGW @NASA #space #Pluto https://t.co/5MMHSXnRlf
neutral,#NASA's New Horizons Shows #Methane #Ice-Capped Mountains On #Pluto https://t.co/QFKRYOyqz1
neutral,Maybe #Pluto is on its way to being a #planet again! It still is in my &lt;3 https://t.co/EjPPJdH4sV
neutral,Views of #Pluto through the years  from ground telescopes  to Hubble  to this we... (Vine by @NASASolarSystem) https://t.co/ILAysljSVU
neutral,#NewHorizons Spots Methane Snow-Capped Mountains on #Pluto https://t.co/ETzbZINFlw #space #science #NASA https://t.co/3f5BfXCmOj
neutral,We found the #puppy. #Pluto #disneyland #autographs #kidsfirsttime #happybirthdaygirls @ Disneyland https://t.co/2UtJub1xGe
neutral,Mountains on Pluto are a winter wonderland of methane snow https://t.co/0XJZIYRpF7 #pluto #NASA #science
neutral,Just found someone after 3 years nd10 month's #Pluto ğŸ’•
neutral,[New Horizons  news] Blog: The Polygons of Pluto https://t.co/5qG98vTtmG #Pluto
neutral,Pluto's Color Variations Finally Make Sense: Explained By Methane Ice In The Sunlight https://t.co/gNTiEWquUG #Astronomy #Pluto #Science
neutral,NASA Photo Shows Pluto's 'Snow-Capped Mountains... https://t.co/zhDPW2DmiW  #NASA #Photo #Pluto #Snow #Mountains
neutral,"Clouds seen on #Pluto for first time" See https://t.co/oUNf9uG9ME
neutral,Rumors Spreading on the Internet of Nitrogen Clouds on #Pluto https://t.co/v5lVXi5D7i via @sharethis
neutral,@ovokiya that has some truth in it but when is it gone stop I think #PLUTO has some faithful Black Men willing to make the change
neutral,We do it for y'all #Pluto  https://t.co/fj5NEaJGl8
neutral,NSA's New Horizons team has discovered methane #snow on #Pluto's mountains. https://t.co/lqSWVtre7t
neutral,NASA's New Horizons team has discovered methane #snow on #Pluto's mountains. https://t.co/VJecgy0NXb
neutral,Feast your eyes and your mind on the polygons of #Pluto !!! https://t.co/Oe1R0RcrtG https://t.co/KpV5ciCXEn
neutral,Can the Rise of The New Authoritarians Be Stopped? video https://t.co/sbt40mWXlI #Capricorn #Pluto = the #dictator #1932
neutral,Tracing the polygons of #Pluto: today's @NASANewHorizons blog  https://t.co/ESmVk9xYXw https://t.co/xctzKTf0rF
neutral,What a difference a fly-by makes ;) Go Pluto Go. PS: Your still a planet to all the sane astronomers! @NASA #Pluto  https://t.co/IxLRVyj3iK
neutral,Cloudgate: Rumors Spread of Nitrogen Clouds on Pluto  https://t.co/FVpap83cNn #pluto #newhoizons
neutral,Scientists think they've spotted clouds on #Pluto  so they want to call it a planet again https://t.co/nOKrEpYgvS via @qz
neutral,#NASA Discovers Methane-Covered Mountains in #Pluto https://t.co/XQdbYAMtd1 https://t.co/GEtpZTfuoP
neutral,TWCNewsAustin: #NASA Discovers Methane-Covered Mountains in #Pluto https://t.co/5DxhH24D40 https://t.co/wJYtFTyNYW
neutral,#NASA Discovers Methane-Covered Mountains in #Pluto https://t.co/AfPpTUeAZC https://t.co/Fczf2JUqu4
