neutral,Top astrobiology articles from last 48 hrs https://t.co/S2QX1owwAX
neutral,Fresh #setitalks: @DrFunkySpoon on Athropocene Epoch in #Evolution https://t.co/ylf1ZDmm9m #lpsc2016 #astrobiology https://t.co/H6JDWQjKS9
neutral,NASA Tests Solar Sail Deployment for Asteroid-Surveying CubeSat NEA Scout https://t.co/nV5Rq6GTar https://t.co/rKNvxWpqlY
neutral,From #setitalks: Mike Russell of @JPL on #originoflife https://t.co/OhB0vSpne1 #astrobiology @AstrobiologyNAI https://t.co/okeS2dd7Fu
neutral,Who's Out There - Tectonic Plates? https://t.co/vlDjrUQ8Rp via @astronautdotcom  Keeping watch on developments in astrobiology--CN
neutral,Engineering Model of ESA‚Äôs International Berthing and Docking Mechanism https://t.co/Y94yfb4aNq https://t.co/oXlvGyzb0Y
neutral,Chandler Science Caf√© @ TechShop  ‚ÄúAstrobiology ‚Äù March 16  2016 https://t.co/5IhF2oqaEM via @ScienceArizona
neutral,Top astrobiology articles from last week https://t.co/dzR4ms7RJl
neutral,NASA Television to Air Women‚Äôs History Month STEM Event at Goddard https://t.co/ENPYxYAwd6 https://t.co/R9WOfYpT9Y
neutral,Conversations by top astrobiology influencers in the last week https://t.co/1IQUMN0xni
neutral,Pluto's Snakeskin Terrain https://t.co/vQjpwGRhRl https://t.co/V4OLsV90Dc
neutral,#Astrobiology 101 - With our kinda biology/life in mind  the environment determines the need  and the need determines the identity/actions.
neutral,Top astrobiology influencers one should follow https://t.co/FbFVm88CUu
neutral,Speaking now @ASTRON_LOFAR @astron @broeck_chris. ..  https://t.co/aCUdCClvrV
neutral,Come participate in a collective #oralhistory on the origin of life! 3/17  2-4  @librarycongress #astrobiology #RNA https://t.co/GBIiqo4Z7I
neutral,Interview with NASA Chief Scientist @EllenStofan. Geology  NASA  astrobiology &amp; more. https://t.co/Nsw9XJU2ZH https://t.co/S3ApNF5Zv9
neutral,NASA International Space Station On-Orbit Status 11 March 2016 https://t.co/ICq0Xy0lz3 https://t.co/7zmqiCarkq
neutral,New Biology See: https://t.co/EjWUlzYgam ‚Ä¶ ‚Ä¶ ‚Ä¶ ‚Ä¶ ‚Ä¶ ‚Ä¶ ‚Ä¶ ‚Ä¶ ‚Ä¶ ‚Ä¶ ‚Ä¶ ‚Ä¶ ‚Ä¶ ‚Ä¶ ‚Ä¶ ‚Ä¶ ‚Ä¶ ‚Ä¶ ‚Ä¶ ‚Ä¶ ‚Ä¶ ‚Ä¶ ‚Ä¶ ‚Ä¶ ‚Ä¶ -MrsIGEnisuoh-
neutral,The Markystewart Daily is out! https://t.co/pbaNMMIMfy Stories via @astrobiology @denyreligion @Vivacity_Museum
neutral,Photos: Europe's #ExoMars Missions to #Mars in Pictures https://t.co/lYBB98ZnaU via @sharethis #astronomy üî≠ ‚ôÇ #astrobiology #space
neutral,Liftoff! European Mission to #Mars Launches to Seek Signs of Life https://t.co/23YulFlQij #astronomy üî≠ ‚ôÇ #astrobiology #ExoMars
neutral,#ExoMars Spacecraft Launches to Red Planet Searching for Signs of Life https://t.co/eTA2OfjkX7 #astronomy üî≠ #Mars ‚ôÇ #astrobiology
neutral,#ExoMars Phones Home En Route to Red Planet: 'We Have a Mission' https://t.co/wDEjtiozjg via @YahooNews #astronomy üî≠ #Mars ‚ôÇ #astrobiology
neutral,Thora Halstead  Space Biologist - Astrobiology https://t.co/K6F4Hm9ErS via @astrobiology
neutral,Joint USAF/NOAA Solar Geophysical Activity Report and Forecast 14 March 2016 https://t.co/KKIzQa6hzl https://t.co/tBa3XPvxuP
neutral,Thora Halstead  Space Biologist https://t.co/gkCcNwygeB
neutral,The Breakthrough Initiative - Listen and Megastructures at KIC 8463 - Andrew Siemion https://t.co/Pz6NKjlIUe
neutral,Europe  Russia launch probe to Mars https://t.co/Xf3sTjlSuT #astronomy üî≠ #Mars ‚ôÇ #astrobiology #ExoMars #TGO #Marsexploration
neutral,Thora Halstead  Space Biologist - Astrobiology News (press release) https://t.co/ss8eNis1tI
neutral,Europe Russia launch probe to Mars https://t.co/Xf3sTjlSuT #astronomyüî≠ #astrobiology #Mars‚ôÇ #TGO #Schiaparelli #Marsexploration #lifeonMars
neutral,European Russian space agencies launch mission to Mars‚ôÇ https://t.co/ufPjCqW7qm #astronomy #astrobiology #TGO #Schiaparelli #Marsexploration
neutral,Astrobiology is hot
neutral,Top astrobiology articles from last 48 hrs https://t.co/S2QX1owwAX
neutral,Western University planetary scientist heads back to Mars with European space probe https://t.co/RuOHPxef0X https://t.co/42GKXR1MgL
neutral,@betulland rocking it as usual #stem #astrobiology #EvolutionaryBiology - @saganorg  https://t.co/nzTB1YaHXB
neutral,Chandler Science Caf√© @ TechShop  ‚ÄúAstrobiology ‚Äù March 16 ¬†2016 https://t.co/DMhxu4MxOL https://t.co/J9CfNCV2Az
neutral,National Geographic | Astrobiology &amp; Space Travel - Documentary 2016 HD ... https://t.co/d0FeLodb0V via @YouTube
neutral,Europe's ExoMars Mission to Mars Launches https://t.co/CROENM7Ogr https://t.co/JlvraRc8de
neutral,@eezypeezy Case Study Hints at Spontaneous Appearance of Primordial DNA - Astrobiology via
neutral,Microbial Mats Offer Clues To Life on Early Earth - Astrobiology Magazine https://t.co/dUjPEECmpw #science #space #earlylife
neutral,This Week at NASA: Budget Talk  Ceres  STEM and more https://t.co/fXUpGH56as https://t.co/kEPMwkCBZQ
neutral,My brain has been on overload mode ever since we watched that infinity explanation video in astrobiology.
neutral,Top astrobiology articles from last week https://t.co/dzR4ms7RJl
neutral,What's in the sample? What's in the sample? #XRPD #x-ray #powderdiffraction #astrobiology #CAB‚Ä¶ https://t.co/l1oS307pfj
neutral,Bacteria colony grows on a culture media from soil samples collected on Sol4 #Mars #MDRS #Astrobiology #ÁÅ´Êòü #ÂÆáÂÆôÁîüÁâ©Â≠¶ https://t.co/jvnPiVNX3G
neutral,I wish astrobiology lasted longer than just a little over an hour üò™
neutral,Conversations by top astrobiology influencers in the last week https://t.co/1IQUMN0xni
neutral,NASA ISS Space to Ground Weekly Report https://t.co/mEbT8Eu8G7 https://t.co/SubTdUgSXU
neutral,Top astrobiology influencers one should follow https://t.co/edxnWCD6gF
neutral,@GT_Sciences @MarcusBrayGT Marcus Bray is a 2nd yr @GeorgiaTech BIO PhD student who just passed his written comp exams! #astrobiology
neutral,New Biology See: https://t.co/EjWUlzYgam ‚Ä¶ ‚Ä¶ ‚Ä¶ ‚Ä¶ ‚Ä¶ ‚Ä¶ ‚Ä¶ ‚Ä¶ ‚Ä¶ ‚Ä¶ ‚Ä¶ ‚Ä¶ ‚Ä¶ ‚Ä¶ ‚Ä¶ ‚Ä¶ ‚Ä¶ ‚Ä¶ ‚Ä¶ ‚Ä¶ ‚Ä¶ ‚Ä¶ ‚Ä¶ ‚Ä¶ -MrsIGEnisuoh-
neutral,Later this year - the latest effort to find life on Mars will arrive... #nature #astrobiology https://t.co/iYzYLwFhBS
neutral,#ExoMars Mission Set to Look for #Life (Methane) on the Red Planet https://t.co/lTsHPoEj5a via @business #mars #space #astrobiology
neutral,ExoMars | Life on Mars? ‚Äì Branden Dunbar https://t.co/rpn0vwawzq via @Extremo_Studios
neutral,Titan in front of Saturn https://t.co/D9rEvIpc4E https://t.co/MM5X48JGEH
neutral,@ESA_ExoMars - Blog: ExoMars | Life on Mars? https://t.co/7lqHacj4Ir via @BrandenDunbar @esa #space #mars #astrobiology #science #data #esa
neutral,The Effect of Orbital Configuration on the Possible Climates and Habitability of Kepler-62f: https://t.co/6l3Njzk0Cq
neutral,@charklestimon @googlefacts the guardian   https://t.co/ppC0qq6jwK
neutral,@electricslothed @googlefacts the guardian‚Ä¶. https://t.co/ppC0qq6jwK
neutral,Joint USAF/NOAA Solar Geophysical Activity Report and Forecast 13 March 2016 https://t.co/nt3dfLZgWx https://t.co/yd4mmmpHtw
neutral,Blog: ExoMars | Life on Mars? https://t.co/JWhdiF9R3c via @BrandenDunbar @ESA #space #mars #astrobiology #science #data #esa #roscosmos
neutral,Could Alien Life Cope with a Hotter  Brighter Star?  - Astrobiology Magazine https://t.co/L1drYqANeU via @sharethis
neutral,Microbial Mats Offer Clues To Life on Early Earth - Astrobiology Magazine (registration) https://t.co/QTCvbivzFO
neutral,#EarthChanges Astrobiology Magazine (registration) Microbial Mats Offer Clues To‚Ä¶ https://t.co/RRokaW22UU via #hng https://t.co/NjoIFsHZZj
neutral,Microbial Mats Offer Clues To Life on Early Earth - Astrobiology Magazine (registration) https://t.co/xnj7evjBlW #hashtag
neutral,Microbial Mats Offer Clues To Life on Early Earth - Astrobiology Magazine (registration) https://t.co/73WIG8SqNH #life
neutral,Microbial Mats Offer Clues To Life on Early Earth - Astrobiology Magazine (registration)
neutral,#EarthChanges Microbial Mats Offer Clues To Life on Early Earth - Astrobiology‚Ä¶ https://t.co/LJ1TvTwIRN via #hng https://t.co/2wTPwGGyaA
neutral,Sequencing DNA in Space https://t.co/ixnxwxBC0r https://t.co/cEA0blZKZN
neutral,Top astrobiology articles from last 48 hrs https://t.co/S2QX1owwAX
neutral,The Science of ExoMars: New Mission to Hunt for Mars Life https://t.co/xEvKibrWjb https://t.co/gkeTWcOxPZ
neutral,The  Science of ExoMars: New Mission to Hunt for Mars Life https://t.co/nGRLWCNguJ #Mars #astrobiology
neutral,Nanopore Sequencing in Microgravity https://t.co/Fg3eDYgOut via @SpaceRef
neutral,Social and conceptual issues in Astrobiology https://t.co/9rZe5JeNwf
neutral,BBC News - Mars mission targets Monday launch https://t.co/Bux8bOUuml #geology #astrobiology #space #mars #science
neutral,Nanopore Sequencing in Microgravity https://t.co/szQSwMZYBL https://t.co/aIRO1PBTwT
neutral,#CosmicBiology not just be possible but inevitable #chemically &amp; #mathematically.So says #Exobiology/#Astrobiology https://t.co/gyVbuyUT0U
neutral,NASA's K2 mission: The Kepler Space Telescope's Second Chance to Shine - Astrobiology Magazine https://t.co/Snyiy4bzIW via @sharethis
neutral,13 March / Space Science / Our Activities / ESA https://t.co/4VT6vhTfZI https://t.co/SOLcheYpkE
neutral,Nanopore Sequencing in Microgravity https://t.co/xhNO0uQyuU #genomics #bioinformatics
neutral,Top astrobiology articles from last week https://t.co/dzR4ms7RJl
neutral,The astrobiology mission #ExoMars launches in less than 17 hours and you can watch it live:  https://t.co/wNLJ9tdPaU https://t.co/M782Pq4cwu
neutral,Small steps matter  don't need no amplification for a talk on Infosec as explored in relation to astrobiology/microbiology?
neutral,@PBSNature  Life is from outside space-time https://t.co/tNwzZQ8LPW #biology #cosmology #nature #astrobiology https://t.co/lAhHFeQWtL
neutral,Conversations by top astrobiology influencers in the last week https://t.co/1IQUMN0xni
neutral,BioPhysics  QuantumBiology  BioNanoPhotonics and Astrobiology  Consciousness &amp; quantum mechanics :  The unity and... https://t.co/gRgBRO9kii
neutral,Video: Monthly ISS Research Video Update for March 2016 https://t.co/gcKHqrz6yQ https://t.co/K9Jmfz5PST
neutral,Top astrobiology influencers one should follow https://t.co/6EN8RSZa0t
neutral,SES launches Maratime+ Service in Europe https://t.co/JQ8CIn8S8j https://t.co/pduLspSjtf
neutral,National Geographic   Astrobiology &amp; Space Travel   Documentary 2016 HD 720p ‚Äì¬†Video https://t.co/qF7gAd0YJ2 https://t.co/qcPq4AtGlo
neutral,National Geographic   Astrobiology &amp; Space Travel   Documentary 2016 HD 720p - Video -  https://t.co/qF7gAd0YJ2 https://t.co/IB04SlVXgM
neutral,NASA Targets May 2018 Launch of Mars InSight Mission - Astrobiology Magazine https://t.co/wgJkkLMq3h via @sharethis
neutral,NASA Targets May 2018 Launch of Mars InSight Mission - Astrobiology Magazine https://t.co/MuR79V55CG
neutral,Scientists Search for Signatures‚Ä¶ https://t.co/MkwiXhQaiy #exoplanets #Astrobiology #QuantaMagazine #Science #space https://t.co/j3TOMULqmN
neutral,National Geographic | Astrobiology &amp; Space Travel - Documentary 2016 HD 720p https://t.co/YQpOMOPvxo via @Rushfreek
neutral,Astrobiology is the study of life in the universe. The origin  evolution  distribution  and destiny of OUR life in space. ET optional. üòÄ
neutral,Mission Control Ready for ExoMars Launch https://t.co/qqSkpnWECs https://t.co/SWgJKpYRxC
neutral,Europe  Russia to search for life on Mars: ExoMars  a two-phase astrobiology mission that will search for evid... https://t.co/5hCGny1P1H
neutral,Europe  Russia to search for life on Mars: ExoMars  a two-phase astrobiology mission that will search for evid... https://t.co/4vsAkl1h0F
neutral,Earth from Space: Cyprus https://t.co/bswV5zVX9U https://t.co/v5aLkkH45K
neutral,Europe  Russia to search for life on Mars: ExoMars  a two-phase astrobiology mission that will search for evid... https://t.co/gTUI6gjark
neutral,Ice Ages and Earth's Wobble - Astrobiology Magazine https://t.co/2X5EYBBgCL via @sharethis
neutral,Joint USAF/NOAA Solar Geophysical Activity Report and Forecast 12 March 2016 https://t.co/6zZ49WgT27 https://t.co/hbZ9rzb9JB
neutral,Europe  Russia to search for life on Mars: ExoMars  a two-phase astrobiology mission that will search for evid... https://t.co/58d3uWL47S
neutral,Top astrobiology articles from last 48 hrs https://t.co/S2QX1owwAX
neutral,Europe  Russia to search for life on Mars: ExoMars  a two-phase astrobiology mission that will search for evid... https://t.co/nmoU1Cc5iT
neutral,Europe  Russia to search for life on Mars: ExoMars  a two-phase astrobiology mission that will search for evid... https://t.co/Q03odG241w
neutral,Europe  Russia to search for life on Mars: ExoMars  a two-phase astrobiology mission that will search for evid... https://t.co/dlAFooROJp
neutral,Europe  Russia to search for life on Mars: ExoMars  a two-phase astrobiology mission that will search for evid... https://t.co/85tcrhX4lq
neutral,NASA International Space Station On-Orbit Status 10 March 2016 https://t.co/XI8D6g3DHz https://t.co/eHIiJgQPle
neutral,Europe  Russia to search for life on Mars: ExoMars  a two-phase astrobiology mission that will search for evid... https://t.co/UeFGn7VE7u
neutral,No  Astrobiology Has Not Made the Case for God https://t.co/he89I9KWfS via @newyorker
neutral,@OUPAcademic  Life is from outside space-time https://t.co/tNwzZQ8LPW #science #astrobiology #biology #cosmology https://t.co/6QWmLJ1sSI
neutral,@godofevolution  Life is from outside space-time https://t.co/tNwzZQ8LPW #science #astrobiology #biology #cosmology #apologetics
neutral,Analyzing Pacific Storms From Space https://t.co/S7kxRSC90U https://t.co/3LDvSMWNIe
neutral,No  Astrobiology Has Not Made the Case for God https://t.co/50HPTVy9db via @newyorker
neutral,Does astrobiology prove that God exists? New article by Lawrence Krauss: https://t.co/jvvanswloD  https://t.co/Vay0wI955T
neutral,Top astrobiology articles from last week https://t.co/dzR4ms7RJl
neutral,Conversations by top astrobiology influencers in the last week https://t.co/1IQUMN0xni
neutral,NASA Administrator Pays Tribute to Astronaut Scott Kelly https://t.co/z5w4FmK00I https://t.co/Slg1tMIFRo
neutral,@setiathome @SETIInstitute1  Life is from outside space-time https://t.co/tNwzZQ8LPW #science #astrobiology https://t.co/npMJVv0ib2
neutral,@Apologetics315  Life is from outside space-time https://t.co/tNwzZQ8LPW #science #astrobiology #SciFiChat #seti https://t.co/Qxk5OWdXLT
neutral,@briancoxlive  @jimalkhalili Life is from outside space-time https://t.co/tNwzZQ8LPW #science #astrobiology #biology #cosmology #apologetics
neutral,@biolapologetics @NYapologetics  Life is from outside space-time https://t.co/tNwzZQ8LPW #science #astrobiology #biology #cosmology
neutral,Top astrobiology influencers one should follow https://t.co/LWHBSP6roY
neutral,Joint USAF/NOAA Solar Geophysical Activity Report and Forecast 11 March 2016 https://t.co/yJKDJgvijA https://t.co/bWmFVq1ZzN
neutral,@NightShiftNews  @NatSecSoc @BHAhumanists  Life is from outside space-time https://t.co/tNwzZQ8LPW #science #astrobiology  #cosmology
neutral,@NHM_London  Life is from outside space-time https://t.co/tNwzZQ8LPW #science #astrobiology #biology #cosmology https://t.co/KxHzzAoVgs
neutral,@bbcfocus  @BBCScienceClub  Life is from outside space-time https://t.co/tNwzZQ8LPW #science #astrobiology #biology #cosmology #apologetics
neutral,@newscientist  Life is from outside space-time https://t.co/tNwzZQ8LPW #science #astrobiology #biology #cosmology https://t.co/NGPyEkXqMO
neutral,National Geographic | Astrobiology &amp; Space Travel - Documentary 2016 - Video -  https://t.co/uq99donnQe https://t.co/Ug1EZmGZad
neutral,National Geographic | Astrobiology &amp; Space Travel - Documentary 2016 HD 720p - Video -  https://t.co/KGNBMnvrwT https://t.co/sCrM2IHT6N
neutral,New Biology See: https://t.co/EjWUlzYgam ‚Ä¶ ‚Ä¶ ‚Ä¶ ‚Ä¶ ‚Ä¶ ‚Ä¶ ‚Ä¶ ‚Ä¶ ‚Ä¶ ‚Ä¶ ‚Ä¶ ‚Ä¶ ‚Ä¶ ‚Ä¶ ‚Ä¶ ‚Ä¶ ‚Ä¶ ‚Ä¶ ‚Ä¶ ‚Ä¶ ‚Ä¶ ‚Ä¶ ‚Ä¶ -MrsIGEnisuoh-
neutral,@BadAstronomer new hard science  astrobiology indie doc https://t.co/hPtsUdXwE5
neutral,@StandpointMag  Life is from outside space-time https://t.co/tNwzZQ8LPW #science #astrobiology #biology #cosmology https://t.co/l5XuoDkMmP
neutral,@prospect_uk  Life is from outside space-time https://t.co/tNwzZQ8LPW #science #astrobiology #biology #cosmology https://t.co/mZDue1gCtd
neutral,@JustinWelby  Life is from outside space-time https://t.co/tNwzZQ8LPW #science #astrobiology #biology #apologetics https://t.co/wsVyQK8jqL
neutral,The NEW MIDDLE CLASS is out! https://t.co/oqTKneNUDz Stories via @whitehouseostp @astrobiology
neutral,Hubble Sees a Legion of Galaxies https://t.co/P1PhaO5jjz https://t.co/PmwLnxDbf6
neutral,National Geographic | Astrobiology &amp; Space Travel - Documentary 2016 HD ... https://t.co/WutElum49k via @YouTube
neutral,To protect and preserve ET life? That is the question https://t.co/miexLY3NZu https://t.co/nMBizN6Jqk
neutral,Top astrobiology articles from last 48 hrs https://t.co/S2QX1owwAX
neutral,To protect and preserve ET life? That is the question https://t.co/811J7ZaQOF via @SpaceRef
neutral,Astrobiology - The Origin &amp; Evolution Of Life In The Universe (Documentary) https://t.co/2aJTDPkCYX
neutral,To protect and preserve ET life? That is the question https://t.co/wDUaH6dGWg #astrobiology
neutral,To protect and preserve ET life? That is the question https://t.co/j5HnnlKgeN #astrobiology
neutral,Astronomy Daily is out! https://t.co/cG3Vsa2YwQ Stories via @astrobiology @NASANewHorizons @Astronomiapinto
neutral,If there‚Äôs #life on #Mars  it must be passing gas https://t.co/ah8U4T3CjH #astrobiology
neutral,ExoMars Mission Launches On Monday To Search For Signs Of Life On #Mars https://t.co/7zNvVmJxN2 via @PopSci #space #astrobiology
neutral,exactEarth Reports Q1 2016 Financial Results https://t.co/h5tmspA9ts https://t.co/kxDSfWVLVl
neutral,62 on that astrobiology test üôÉ
neutral,Armchair Trek: Astrobiology or "Are We Alone?" 3/25/16 7-8:30pm Info: https://t.co/7HFzxZkvIk https://t.co/4byTUIzd4T
neutral,Satellite Constellation Tailored for African Continent now Operational https://t.co/pgPFmH4X1A https://t.co/jFCAnT1xz1
neutral,The Habitable Zone Gets Poked  Tweaked and Stretched to the Limits  https://t.co/RAdrr7Bvvr https://t.co/5wc8jj56Wk
neutral,Top astrobiology articles from last week https://t.co/dzR4ms7RJl
neutral,@vaticanlibrary @VaticanObserv  Life is from outside space-time https://t.co/tNwzZQ8LPW #science #astrobiology #biology #Apologetics
neutral,Conversations by top astrobiology influencers in the last week https://t.co/1IQUMN0xni
neutral,Life is from outside space-time https://t.co/tNwzZQ8LPW #science #astrobiology #biology #cosmology #apologetics https://t.co/LJpFjQiTPV
neutral,A Major European Mission to Mars Will Hunt For Signs of Life https://t.co/wPYEFpEc63 https://t.co/TNcz0B4rCI
neutral,Top astrobiology influencers one should follow https://t.co/ieqBY6G4Nj
neutral,MSU News - MSU researcher helps untangle the language of wolf howls https://t.co/RlV3Ioce7b via @MSUExtremeBio
neutral,#planetaryscience #astrobiology A Major European Mission to Mars Will Hunt For Signs of Life https://t.co/IuJCM6yRTh @gizmodo #news
neutral,Rosetta finds magnetic field-free bubble at comet https://t.co/DoBPs2s35k https://t.co/Yqro6q2Jpc
neutral,New Biology See: https://t.co/EjWUlzYgam ‚Ä¶ ‚Ä¶ ‚Ä¶ ‚Ä¶ ‚Ä¶ ‚Ä¶ ‚Ä¶ ‚Ä¶ ‚Ä¶ ‚Ä¶ ‚Ä¶ ‚Ä¶ ‚Ä¶ ‚Ä¶ ‚Ä¶ ‚Ä¶ ‚Ä¶ ‚Ä¶ ‚Ä¶ ‚Ä¶ ‚Ä¶ ‚Ä¶ -MrsIGEnisuoh-
neutral,Announcing the ESA Academy https://t.co/SuT6G1BdqE https://t.co/QEKV49BWTJ
neutral,#cosmicrays detector at @augerobs for #notonlystarstuff new #astrobiology #cosmicrays #science documentary https://t.co/hTuZ2L0gnI
neutral,NASA Selects Educators to Fly with Astronomers on SOFIA Airborne Observatory https://t.co/NYvBA3z3UY https://t.co/iiAqPGdRMu
neutral,Looking for #life in outer space #NASA Astrobiology lab #science #howto (Vine by @NASAGoddard) https://t.co/9vNEQPfwo3
neutral,Flight Engine for America‚Äôs Newest Rocket Makes Mississippi Rumble https://t.co/WCOa6blVza https://t.co/nQsWq0NYC1
neutral,How to search for life on other planets  for #tbt: https://t.co/OMwJr3b0s6 #microbiome #astrobiology #ExoMars https://t.co/qKSuiKhS6E
neutral,Top astrobiology articles from last 48 hrs https://t.co/S2QX1owwAX
neutral,Joint USAF/NOAA Solar Geophysical Activity Report and Forecast 10 March 2016 https://t.co/eWOdNbQ4Xv https://t.co/bhmJNbJp7O
neutral,Liquid Robotics' Ocean Robots Surpass 1 Million Nautical Miles at Sea https://t.co/asnWM73zkw https://t.co/aymTR3m895
neutral,Registration for Astrobiology Graduate Conference @AbGradCon '16 in Boulder  CO is now available. https://t.co/XRbaBEdHfz
neutral,Top astrobiology articles from last week https://t.co/dzR4ms7RJl
neutral,A medical physicist studying Mars. #JourneytoMars #planetology #physics #astrobiology #spacemedicine @NASA @AMNH https://t.co/7kOWS1iDGC
neutral,Conversations by top astrobiology influencers in the last week https://t.co/1IQUMN0xni
neutral,To protect and preserve ET life? That is the question | News https://t.co/FgG0yTpCgf via @AstrobiologyNAI
neutral,Top astrobiology influencers one should follow https://t.co/VQXz6QOkDM
neutral,To protect and preserve ET life? That is the question. https://t.co/t2rOtoq1p2 https://t.co/OABe8qgBVf
neutral,NASA SMD ROSES-16 Amendment 1: Kepler/K2 Solar System observations added to DDAP https://t.co/xcxt4HTnu7 #extrasolar
neutral,Introducing WFIRST ‚Äî NASA‚Äôs wider set of eyes on the universe #Science https://t.co/ikU5CQl32Z #Astrobiology https://t.co/oaUXYAOMAO
neutral,Fringe Scientist Named Editor-in-Chief of OMICS Astrobiology Journal https://t.co/AZI09wDdCB via @jeffrey_beall
neutral,SSL-built Advanced High Throughput Satellite for Eutelsat Begins Post-Launch Maneuvers Ac https://t.co/hnWGvZ94cN https://t.co/NcJ1oboiFF
neutral,New Biology See: https://t.co/EjWUlzYgam ‚Ä¶ ‚Ä¶ ‚Ä¶ ‚Ä¶ ‚Ä¶ ‚Ä¶ ‚Ä¶ ‚Ä¶ ‚Ä¶ ‚Ä¶ ‚Ä¶ ‚Ä¶ ‚Ä¶ ‚Ä¶ ‚Ä¶ ‚Ä¶ ‚Ä¶ ‚Ä¶ ‚Ä¶ ‚Ä¶ ‚Ä¶ -MrsIGEnisuoh-
neutral,@JahMMARastafari astrobiology teaches us that "life" does not depend to narrow "biosphere" conditions  but every species is UNIQUE
neutral,Kepler Space Telescope's Second Chance to Shine https://t.co/voWjaEtm0T https://t.co/UNKW1xj1Ug
neutral,NASA Targets May 2018 Launch of Mars InSight Mission https://t.co/haE3GFfIbC https://t.co/vh8ZBYEuH1
neutral,' Astrobiology -- #AreWeAlone in the Universe?: Got Life?' Page Info:  https://t.co/hGxYmelHWs via #NASA_App
neutral,The Lonar Crater Lake isn't only important for biological research but also for Astrobiology and Geogly. @PMOIndia @PrakashJavdekar
neutral,Will pay someone big bucks to take my astrobiology midterm tomorrow
neutral,Sahara Desert As Seen From the Space Station https://t.co/3vVDBKY04t https://t.co/KzzL0chQx8
neutral,Tomatoes  peas  and 8 other crops have been  https://t.co/OfoPLHudnP
neutral,Can Plants Grow on Mars and the Moon: A Growth Experiment on Mars and Moon Soil Simulants https://t.co/rmBTSDmjJw
neutral,Rare Earth Hypothesis | The Center for Planetary Science https://t.co/r0pJk5e7GV via @AntonioParis
neutral,Top astrobiology articles from last 48 hrs https://t.co/S2QX1owwAX
neutral,Rare Earth Hypothesis | The Center for Planetary Science https://t.co/PiVjGQZ8WF
neutral,Joint USAF/NOAA Solar Geophysical Activity Report and Forecast 9 March 2016 https://t.co/AuqgnnfCKK https://t.co/6MHyfdpLkt
neutral,Historic ISS Hatch Opening and Six-Person Crew On Space Station: NASA will discuss the search for life &amp; astrobiology at Tuesday.
neutral,First samples #astrobiology #sample #geology #vials #experimentalscience #laboratory #CAB‚Ä¶ https://t.co/uTKFLc0vTm
neutral,Filming in Goddard's #astrobiology lab https://t.co/EBoJhkVujX
neutral,SOFIA Observatory Indicates Star #Eruptions Create and Scatter ... - Astrobiology Magazine (registration) : https://t.co/dkCAKMt4Qz
neutral,SOFIA Observatory Indicates Star #Eruptions Create and Scatter ... - Astrobiology Magazine (registration) : https://t.co/FrkUeb67pp
neutral,Sharpest View Ever of Dusty Disc Around Aging Star https://t.co/lor0fPklQK https://t.co/Uzc0iGAaF3
neutral,Register for the BU Online #Debate Tournament in conjunction w/ NASA Astrobiology by 4/18- you may win a @NASA tour! https://t.co/euky876rL0
neutral,Top astrobiology articles from last week https://t.co/dzR4ms7RJl
neutral,Yes  There Is Life in #Space‚ÄîDeal With It. Why there's no denying life in space. #science #astrobiology https://t.co/KdDlghLWbQ
neutral,Looking closely on Volcanism to spot Plate Tectonics and infer #Habitability https://t.co/0yhrUwxxJH #astrobiology
neutral,James Webb Space Telescope secondary mirror installed https://t.co/3S3konFQvY https://t.co/rTvC4iHp1x
neutral,Conversations by top astrobiology influencers in the last week https://t.co/1IQUMN0xni
neutral,Looking closely on Volcanism to spot Plate Tectonics and infer #Habitability https://t.co/E3yT4iGkab #astrobiology
neutral,LISA Pathfinder Begins Its Science Mission https://t.co/xv6R8pzlts https://t.co/8OeXs2Fw9m
neutral,Top astrobiology influencers one should follow https://t.co/i7S7UQ5giH
neutral,The Habitable Zone Gets Poked  Tweaked and Stretched to the Limits https://t.co/egcaXrQpxU #astrobiology #extrasolar
neutral,That Space White Paper Is A Shopping List For The Journey to Nowhere https://t.co/3WwzUESYMS https://t.co/17f1LXoZtT
neutral,The MG Taylor Daily News is out! https://t.co/7vJRPQ8GxI Stories via @astrobiology
neutral,New Biology See: https://t.co/EjWUlzYgam ‚Ä¶ ‚Ä¶ ‚Ä¶ ‚Ä¶ ‚Ä¶ ‚Ä¶ ‚Ä¶ ‚Ä¶ ‚Ä¶ ‚Ä¶ ‚Ä¶ ‚Ä¶ ‚Ä¶ ‚Ä¶ ‚Ä¶ ‚Ä¶ ‚Ä¶ ‚Ä¶ ‚Ä¶ ‚Ä¶ -MrsIGEnisuoh-
neutral,Delta-proteobacterial SAR324 group in hydrothermal plumes on the South Mid-Atlantic Ridge https://t.co/C8Pu7mIbFV https://t.co/RTE6llN3sp
neutral,Students to Compete in First Robotics Competition in California https://t.co/QbwDVB3D46 https://t.co/Nzc73XfFRn
neutral,Delta-proteobacterial SAR324 group in hydrothermal plumes on the South Mid-Atlantic Ridge https://t.co/PcrW3bn0hs #astrobiology
neutral,Joint USAF/NOAA Solar Geophysical Activity Report and Forecast 8 March 2016 https://t.co/cmbGL0LH3y https://t.co/ZjwIHc21Fj
neutral,Top astrobiology articles from last 48 hrs https://t.co/S2QX1owwAX
neutral,Dawn‚Äôs First Year at #Ceres: A Mountain Emerges  https://t.co/ScWD337pl9 #NASA #astrobiology
neutral,Today is International Women's Day https://t.co/h3o2j6Y232 https://t.co/Gc6bo8UWoR
neutral,Origins Project Announces Postdoctoral Lectureship Award https://t.co/DrvZLLTUXX via @astrobiology
neutral,Top astrobiology articles from last week https://t.co/dzR4ms7RJl
neutral,My co-author  astrobiologist Chris McKay  and myself in front of our poster at the @NASAAmes  Astrobiology Jamboree! https://t.co/jbZtyzmEjt
neutral,I‚Äôm at @NASAAmes today to present a poster at the Astrobiology Jamboree! https://t.co/UhWDgMG3yJ
neutral,Origins Project Announces Postdoctoral Lectureship Award https://t.co/R165U6xa9d https://t.co/QbqGVlC73A
neutral,Noah Planavsky from NAI UCR Team Selected as a 2016 Sloan Fellow in Ocean Sciences https://t.co/oSxsUua2Mm https://t.co/2Po2TPTBeN
neutral,Conversations by top astrobiology influencers in the last week https://t.co/1IQUMN0xni
neutral,I am going to need to tweak an abstract  but I might be able to go to this. #astrobiology #science #conferences https://t.co/3TuCXkE8dX
neutral,SoCIA 2016: Social and Conceptual Issues in Astrobiology - Sep 24/25  Clemson University - abstract submission open! https://t.co/M0eh8WqIWF
neutral,Could there be life on Kepler-186f? #NASAsUnexplained @ 10p! https://t.co/hg5XHHAoP9 @ScienceChannel #astrobiology
neutral,TFW you can't go to an astrobiology talk because you're working at NASA. https://t.co/sazuDiA2Lo
neutral,Origins Project Announces Postdoctoral Lectureship Award https://t.co/prjxQF19sZ #astrobiology
neutral,Origins Project Announces Postdoctoral Lectureship Award https://t.co/NdtkWBED7v #astrobiology
neutral,Top astrobiology influencers one should follow https://t.co/OJHpVNxDhw
neutral,On 3/17  I will interview 4 pioneers in #originoflife #rnaworld at @librarycongress. Open to public! #astrobiology https://t.co/hCispgeCu1
neutral,Entel Bolivia Selects Hughes JUPITER System For Satellite Internet and Cellular Ba https://t.co/Mn5KV4eBYO https://t.co/8LhVRti1IP
neutral,I can't make this  but for those who can: Abstract call open for AbGradCon https://t.co/rcuSShJ4uZ #Astrobiology #Science
neutral,Astrobiology: https://t.co/4sYuac9Z0I
neutral,Simulating The Expansion of the Universe https://t.co/N0uxfuoRPF https://t.co/INUfqutJ8v
neutral,New Biology See: https://t.co/EjWUlzYgam ‚Ä¶ ‚Ä¶ ‚Ä¶ ‚Ä¶ ‚Ä¶ ‚Ä¶ ‚Ä¶ ‚Ä¶ ‚Ä¶ ‚Ä¶ ‚Ä¶ ‚Ä¶ ‚Ä¶ ‚Ä¶ ‚Ä¶ ‚Ä¶ ‚Ä¶ ‚Ä¶ ‚Ä¶ -MrsIGEnisuoh-
neutral,Mercury's Mysterious Darkness Revealed https://t.co/6CC1D9b67b https://t.co/ifRYNJONpL
neutral,Life ‚Äònot as we know it‚Äô possible on Saturn‚Äôs moon Titan https://t.co/eFnpoq2aCY https://t.co/qpZEa5J7Ex
neutral,Gonna end this presentation about Astrobiology with an X Files reference because I want to believe
neutral,Life 'not as we know it' possible on #Saturn's moon #Titan https://t.co/VqXJPgTWhX @_OScience @Cornell #astrobiology https://t.co/R7V87HipSk
neutral,Gogo Partners with Intelsat on Major Capacity Agreement Across Intelsat Globalized Ne https://t.co/KtQBvfFojp https://t.co/4ZUSvv1Uru
neutral,What is the Goldilocks Zone and why does it matter in the search for ET? https://t.co/jlH1QZqS9s via @ABCNews
neutral,Top astrobiology articles from last 48 hrs https://t.co/S2QX1owwAX
neutral,Ahuna Mons: A Mountain on Ceres https://t.co/34V6J24FZG https://t.co/GzWRaSAx0f
neutral,My first science poster! https://t.co/vdJq9vIXgh via @arielwaldman https://t.co/soP4wTf6J0
neutral,From Greenhouse effect to Icehouse effect- Astrobiology Magazine https://t.co/aKWxfTJLkU
neutral,#notonlystarstuff a new documentary #cosmicrays #astrobiology #astronomy #physics #life #science #cosmos Now crowdfunding. Get the film.
neutral,PHX ‚úàÔ∏è SFO. Flying back in time to present a poster at @NASAAmes' Space Science &amp; Astrobiology Jamboree tomorrow! https://t.co/3lmIb0hmHu
neutral,Been casually sitting here reading about Astrobiology for hours
neutral,The Effect of Orbital Configuration on the Possible Climates and Habitability of Kepler-62f -    https://t.co/64J4yKyJu1 via @Astrobiology
neutral,The application for attending the Astrobiology Graduate Conference this summer is open for about three more weeks! https://t.co/9uhEjQIjx3
neutral,Aerojet Rocketdyne Tests Complex 3-D Printed Injector RL10 Engine https://t.co/I5kocH7pFy https://t.co/fsdeD58Tko
neutral,The Synthesis of an Artificial Genetic Polymer: From Small Molecules to Proto-Nucleic Acids https://t.co/D0zvzJg5lS via @AstrobiologyNAI
neutral,Top astrobiology articles from last week https://t.co/dzR4ms7RJl
neutral,Fresh #SETItalks: Beth Bell "Potential biogenic 4.1Ga carbon" https://t.co/GRVvJ8UK7k @astrobiologyNAI #astrobiology https://t.co/x24fvyPnGy
neutral,Today @ 1pm PST  tune in for another Astrobiology NPP Alumni Seminar feat. Dr. Tammy Campbell! Details here: https://t.co/W3yR8Eat05
neutral,This Week at NASA: One-Year Crew Returns Home and More https://t.co/n6BWy8P1J5 https://t.co/pSfylF93uK
neutral,Conversations by top astrobiology influencers in the last week https://t.co/1IQUMN0xni
neutral,Top astrobiology influencers one should follow https://t.co/SXak97kIUx
neutral,‚ÄúThe universe is hardwired to be an organic chemist" #space #chemistry #Astrobiology   https://t.co/4BD38g5CUQ via TIME
neutral,2016 Canadian Budget Needs to Recognize Canada‚Äôs Space Program as a National Priority https://t.co/9XLDPgxC7k https://t.co/QGxAuSI0T1
neutral,Glass Bottom Spaceship https://t.co/1sD83wFQeV https://t.co/vPTgxflKNL
neutral,SFF News: Methane Snow on Pluto‚Äôs Peaks - Astrobiology Magazine https://t.co/QgsayVFzzS via @sharethis https://t.co/Vq6gp10fSc
neutral,New Biology See: https://t.co/EjWUlzYgam ‚Ä¶ ‚Ä¶ ‚Ä¶ ‚Ä¶ ‚Ä¶ ‚Ä¶ ‚Ä¶ ‚Ä¶ ‚Ä¶ ‚Ä¶ ‚Ä¶ ‚Ä¶ ‚Ä¶ ‚Ä¶ ‚Ä¶ ‚Ä¶ ‚Ä¶ ‚Ä¶ -MrsIGEnisuoh-
neutral,The Effect of Orbital Configuration on the Possible Climates and Habitability of Kepler-62f - Astrobiology https://t.co/A6MLwBvRhU
neutral,On my way to give my first STARS talk in Chichester for @astro_timpeake #Principia mission! @AstrobioSoc @spacegovuk #astrobiology
neutral,@ESA_ExoMars Trace Gas Orbiter soon 2 b launched. Will act as telecom platform for 2018 ExoMars 'astrobiology' Rover https://t.co/Ry7yVX7ZIO
neutral,Origins Project Announces Postdoctoral Lectureship Award | News https://t.co/vFCAKi64tI via @ProfAbelMendez
neutral,Searching for Extraterrestrials Who Might Have Found Us First - Astrobiology https://t.co/aaBKw4Aegd
neutral,The Effect of Orbital Configuration on the Possible Cl... https://t.co/pZf7rT0cfX via @astrobiology https://t.co/3Z6nfqIGDx
neutral,The Effect of Orbital Configuration on the Possible Climates and Habitability of Kepler-62f https://t.co/6oHB6DAU68
neutral,Joint USAF/NOAA Solar Geophysical Activity Report and Forecast 6 March 2016 https://t.co/XbwNcEBiKg https://t.co/twDFtW560k
neutral,Top astrobiology articles from last 48 hrs https://t.co/S2QX1owwAX
neutral,Soften travel fund 4 students in astrobiology  astronomy  earth and space science  aerospace &amp; engineering programs https://t.co/tr5ZQSRHSW
neutral,Astrobiology and the Search for Extraterrestrial Life - The University of Edinburgh | Coursera https://t.co/1mc2d49QN5
neutral,Astrobiology ‚ù§Ô∏è
neutral,Here is my collaborator talking about her pioneering work on experimental evolution  paleogenetics and astrobiology https://t.co/MsOtJBsLXY
neutral,ISS R&amp;D Conference Call for Papers Deadline Extended to March 14 https://t.co/TQMQQ87dfF https://t.co/97h9GyVEIL
neutral,overview of international policies re: #planetaryprotection found here: https://t.co/1rhmvqKecJ #astrobiology
neutral,@TIME @jeffreykluger Although we can't assume ET 'life' is like our own. What does modern astrobiology have to say about the Fermi Paradox?
neutral,Top astrobiology influencers one should follow https://t.co/USEdgx2mKQ
neutral,#science #astrobiology #astrophysics Are we alone in the #universe? https://t.co/TcwIfQnpZS https://t.co/w8MOjZq9ND
