pos,wef: This is what 4D printing looks like https://t.co/1joKcoXzuc #science https://t.co/gssmA3DmZp
neg,That time that #science won me a tote bag. #shipwrecksf
pos,NASA Scientific Balloon Team Hopes to Break Flight Duration Record https://t.co/UfEDK5LFDM #science https://t.co/Fzgng6Fceq
neg,Oh.  Good to know.  Thought you were dead. #science https://t.co/yt8dxqGhJl
pos,That's so awesome! #Fireüî• #Fans #Science #Experiments #FirePit #SpinningFlame  https://t.co/V57qAPyDf3
neg,Sometimes  evolution sucks mouse pad https://t.co/2mzAP7gq0Z #science #evolution https://t.co/EDzaAO13p3
pos,[Best Price] Keep Calm Let GEORGE Handle It . (ManInBlue) [Best Price] Kee https://t.co/YSLlY7aM1g #bacon #birthday #funny #humor #science
pos,#TimeTravel is possible! Change your past and watch your #reality change around you. This is cool! https://t.co/P4MrobW8hH #quantum #science
pos,This is what 4D printing looks like https://t.co/fR5lDEE8QE #science https://t.co/i9SLQlM0qh
neg,The Raw Food Trickle - Dr. Doug Graham  #science https://t.co/Uh9mHlu28F
neg,#Science Used to stabilize chlorine in pools. https://t.co/Ge2jJfIszR
neg,"Aluminum in all of the forms studied  as Table 1 shows  produces harmful effects in living organisms." #science https://t.co/0NYmMzMZ6H
pos,Neuropop: to sleep  perchance to gene https://t.co/3ttlP1EjfC #science #genetics #sleep #clever
pos,Deal: save 23% on the ankr smart tracker #news #tech #science https://t.co/klQoyeKq4B https://t.co/NjACy7tKDB
neg,Death valley flower show  nervy fossil and Hubble's blue bubble: Peer through the Hubble telescope to... https://t.co/WWH4Igt3Hi #science
pos,Growing food on the roof is going to be amazing! üòé#sustainability #urbanfarming #science #tech #WorldWildlifeDay Follow us @rooftopedibles
neg,üìö fighting !! #fight #fighting #read #prepare #math #mathematics #algebra #breaktime #science https://t.co/9Xz7jYOnUc
neg,SageLinQ #Science With CDC Help  #Puerto Rico Aims To Get Ahead Of Zika  https://t.co/yiWfRPLumC https://t.co/OO9ROFezx4
pos,[Best Price] Funny America Gloria . (Bazaar) [Best Price] Funny America https://t.co/v3jcTVprrv #bacon #birthday #funny #humor #science
pos,[Best Sales] IAM A HAMMONS - (Bazaar) [Best Sales] IAM A HAMMONS - (Bazaar https://t.co/2KcbmjklH0 #bacon #birthday #funny #humor #science
pos,My thoughts for tmrw's @wsj "Houses of Worship" on the relationship of faith  science &amp; reason. https://t.co/tWvEjSRLSP #faith #science
neg,SageLinQ #Science Beam Me Up  #Scotty? Turns Out Your Brain Is Ready For #Teleportation  https://t.co/gG6bdl0wIN https://t.co/ThJDdttBPj
neg,Using Hand Sanitizer Can Increase Skin‚Äôs Absorption Of Dangerous Chemical https://t.co/95xyjtT72a #foodies #health #science
neg,SageLinQ #Science Astronaut 'Graffiti' Seen For The #First Time In Decades  https://t.co/9DrtKk4Ayj https://t.co/SQTgINLAKo
neg,Seriously - a #science journal  a serious journal  publishes a #creationist article without any comment or problem. That's a shocking fail.
neg,Check Out These Interesting Facts About Nuclear Weapons! https://t.co/WgyVekmHWV #Science #Nuclear https://t.co/Pv3yncMZcZ
neg,@brianbeutler @EWErickson heh  so be believed in the germ theory of disease. A step forward. #science
pos,Hey #RhodeIsland April Vacation #science workshops for kids at Pow!Science! https://t.co/bd2v90XzHp https://t.co/UWyzr9IIUg
pos,#DragonFly #Animal ‚Äì Dragonfly Takes The Prize For Long Distance Flight : The‚Ä¶ https://t.co/oy35ZpO6Jv #Science https://t.co/hCrPekkuvU
pos,#DragonFly #Animal ‚Äì Dragonfly Takes The Prize For Long Distance Flight : The‚Ä¶ https://t.co/slc71TxAdH #Science https://t.co/EC3g2s0cdJ
pos,#DragonFly #Animal ‚Äì Dragonfly Takes The Prize For Long Distance Flight : The humble dragonfly knows how‚Ä¶ https://t.co/fV8cUhZQN8 #Science
pos,#DragonFly #Animal ‚Äì Dragonfly Takes The Prize For Long Distance Flight : The humble dragonfly knows how‚Ä¶ https://t.co/Qqor4XjTQN #Science
pos,#DragonFly #Animal ‚Äì Dragonfly Takes The Prize For Long Distance Flight : The‚Ä¶ https://t.co/6ISu2sBkFk #Science https://t.co/O4YTFXGrm1
pos,#DragonFly #Animal ‚Äì Dragonfly Takes The Prize For Long Distance Flight : The humble dragonfly knows how‚Ä¶ https://t.co/MCkloybV0W #Science
pos,#DragonFly #Animal ‚Äì Dragonfly Takes The Prize For Long Distance Flight : The‚Ä¶ https://t.co/aH7xB0Jmyw #Science https://t.co/o6K8giFmSO
pos,#DragonFly #Animal ‚Äì Dragonfly Takes The Prize For Long Distance Flight : The‚Ä¶ https://t.co/TOqKIiET5H #Science https://t.co/hMAFHcJkLN
pos,#DragonFly #Animal ‚Äì Dragonfly Takes The Prize For Long Distance Flight : The humble dragonfly knows how‚Ä¶ https://t.co/Z2jrw03uS4 #Science
pos,#DragonFly #Animal ‚Äì Dragonfly Takes The Prize For Long Distance Flight : The humble dragonfly knows how‚Ä¶ https://t.co/1ISg1A4Uih #Science
pos,#DragonFly #Animal ‚Äì Dragonfly Takes The Prize For Long Distance Flight : The‚Ä¶ https://t.co/2BYL4R3hE1 #Science https://t.co/EAvvitklVw
pos,#DragonFly #Animal ‚Äì Dragonfly Takes The Prize For Long Distance Flight : The humble dragonfly knows how‚Ä¶ https://t.co/nm9DzF7olt #Science
pos,#DragonFly #Animal ‚Äì Dragonfly Takes The Prize For Long Distance Flight : The humble dragonfly knows how‚Ä¶ https://t.co/uUNbPhQ0NQ #Science
pos,#DragonFly #Animal ‚Äì Dragonfly Takes The Prize For Long Distance Flight : The humble dragonfly knows how‚Ä¶ https://t.co/R0BvmKk7g0 #Science
pos,#DragonFly #Animal ‚Äì Dragonfly Takes The Prize For Long Distance Flight : The‚Ä¶ https://t.co/IuH5ukzZVa #Science https://t.co/Nf7SRUOk9x
pos,#DragonFly #Animal ‚Äì Dragonfly Takes The Prize For Long Distance Flight : The humble dragonfly knows how‚Ä¶ https://t.co/gSzvorrFxu #Science
pos,#DragonFly #Animal ‚Äì Dragonfly Takes The Prize For Long Distance Flight : The humble dragonfly knows how‚Ä¶ https://t.co/H7258bPw1R #Science
pos,#DragonFly #Animal ‚Äì Dragonfly Takes The Prize For Long Distance Flight : The humble dragonfly knows how‚Ä¶ https://t.co/VVULVphFJb #Science
pos,#DragonFly #Animal ‚Äì Dragonfly Takes The Prize For Long Distance Flight : The‚Ä¶ https://t.co/IQExAG7sef #Science https://t.co/tDZxqMh4Qq
pos,#DragonFly #Animal ‚Äì Dragonfly Takes The Prize For Long Distance Flight : The humble dragonfly knows how‚Ä¶ https://t.co/ShVD1azED5 #Science
pos,#DragonFly #Animal ‚Äì Dragonfly Takes The Prize For Long Distance Flight : The humble dragonfly knows how‚Ä¶ https://t.co/0kgtq0rqlK #Science
pos,#DragonFly #Animal ‚Äì Dragonfly Takes The Prize For Long Distance Flight : The humble dragonfly knows how‚Ä¶ https://t.co/xUPSCyZtBX #Science
pos,#DragonFly #Animal ‚Äì Dragonfly Takes The Prize For Long Distance Flight : The humble dragonfly knows how‚Ä¶ https://t.co/1rosyOidst #Science
pos,#DragonFly #Animal ‚Äì Dragonfly Takes The Prize For Long Distance Flight : The humble dragonfly knows how‚Ä¶ https://t.co/QFi6VlJudm #Science
pos,Boston dynamics has created the most human humanoid #robot yet #news #tech #science https://t.co/095C6Fp6u7
neg,Genetics of #cancer tumours reveal possible treatment revolution. #science  https://t.co/K8oDpjeqW1
pos,@jayingram  look who came 4 dinner tonight love what we do. Daily Planet. great show #science #yyc #italian #food https://t.co/8SmMAawoUs
neg,Life-changing sickle cell disease treatment approved by nhs watchdog #news #tech #science https://t.co/PJECaGUOPJ https://t.co/PgRsElNxBz
neg,If you believe in #essentialoils but think think climate change is a hoax. You are part of the problem. #suburbanwitchcraft #science
neg,Snowflake-a-Day No. 94 - thin film interference for colour! Three-fold symmetry for a twist! #science #snowflake https://t.co/ObXSqwzqE3
pos,If things r going great with the person you talk to &amp; she cuts you off out of no where &amp; she just wants 2 "do me" she met sum1 else #science
pos,Italian electric dirtbikes pack 2WD capability and ingenious smartphone dash displays:       These tw... https://t.co/FflKVfSjx1 #science
neg,Video: humans duped by emergency #robots #news #tech #science https://t.co/K8HPhZwTN9 https://t.co/jvfUXtRBWT
pos,Check Out These Interesting Facts About the Moon! https://t.co/ghmzDILzoL #Science #Moon #Facts https://t.co/EOhGgg6IQO
neg,Information  energy &amp; structure are prime elements of nature. #strategy is structurised information  so war is an act of #nature  #science
neg,Only when the last tree has died  the last river poisoned or thelast fish caught will we realise we cannot eat money #science #conservation
pos,MSU discovers a new kind of stem cell https://t.co/sfd2jXATvC #science
neg,Us bank #hacker faces long jail term #news #tech #science https://t.co/pUEEGe6D5r https://t.co/7mCB5Md77b
pos,elementary #science is so fun! #sdsu3sb https://t.co/QFQe2vsdCK
neg,Google self-driving car at fault for bus crash #news #tech #science https://t.co/LWEVL3oRwh https://t.co/sFGwqvj0cC
neg,Psychology‚Äôs replication crisis sparks new debate https://t.co/oVW9KE8OXw #science https://t.co/X5CPZn5jlb
pos,Tech Giants Agree: The FBI‚Äôs Case Against Apple Is a Joke https://t.co/IUzCQ4bYvg #science https://t.co/o7iseNgsQM
neg,Old red dye shows promise as new cancer foe #news #tech #science https://t.co/LoUCcKgfIZ https://t.co/DQubLeGQku
neg,Musk's spacex rocket launch canceled at final countdown #news #tech #science https://t.co/V8q6MfEnws https://t.co/ioua9X4zoW
neg,The Problematic Influence of Disney‚Äôs ‚ÄúBambi‚Äù https://t.co/fXph8iyCbF #science https://t.co/kavvWt4UaE
neg,Autoimmune diseases triggered by vaccination: https://t.co/Nddcoec0Ic #Science #Data #Research #HyperImmunization #ASIA #Toxicology #news
pos,Does alcohol tolerance equal alcoholism? We discuss on this ep! #Science #Podcast  https://t.co/nJwXmItZBu https://t.co/1bNk5ZKpUM
pos,Does alcohol tolerance equal alcoholism? We discuss on this ep! #Science #Podcast  https://t.co/cSIeDGXhjT https://t.co/Wkq0q1BVof
neg,You can't go wrong with a #science #GIFparty featuring @neiltyson! #Boom https://t.co/JTWr5qDsR1
pos,Check Out These Interesting Facts About Flowers! https://t.co/7tUIx3BiG6 #Flowers #Science https://t.co/NygRgZWHet
neg,@WSPAPrez extolling carbon capture technology. Based on #science ...
pos,registeration open #science #forum #agriculture  https://t.co/5xbOuLyqui  dont miss an extremely knowledge rich meeting on agri research
pos,#science  Latest analysis on the decay of beauty mesons  the dawn of a 'new #physics' ?  https://t.co/PRuMXFMHDB https://t.co/uvmhNBqINj
pos,#Aciddigestion is a method of #mortar analysis.  #Preservationists use #science to help save #architecture. https://t.co/bUzDdpYncq
pos,Its not a matter of liking facts or not - they are still facts. #science  https://t.co/p2smxYKNWj
pos,Experimental economics: results you can trust #news #tech #science https://t.co/BU6cHusOmS https://t.co/JoS40mYvhj
neg,#Science High daily coffee consumption may lower Multiple Sclerosis risk https://t.co/DJP0dudFWY
pos,[Best Sales] MADE IN 1982 - 33 years of being awesome from (Bazaar) [Bes https://t.co/MxyAwdMlsb #bacon #birthday #funny #humor #science
pos,Check Out These Interesting Facts About Flowers! https://t.co/R3EHhZpsbQ #Flowers #Science https://t.co/1AeWN2HH6K
pos,I love when it's clear at night  like right now. The stars are always amazing to look at and think about. #science #KCwx
pos,Find out about #science-backed ways to take #life to the next level https://t.co/yoTnxUj9MH #productivity #Authentic #confidence #mindful
neg,Octo-skin could create vanishing displays #news #tech #science https://t.co/pR3RGgrydH https://t.co/Ak035kmEK5
neg,Guys we really need to do some measurements and determine the empiric length of a standard cumshot. #science #shipwrecksf
neg,Well the bible is wrong so what are you? Another Poe? You can't be serious. #atheist #life #science #scifi  https://t.co/PAS7LvopZW
neg,#Science https://t.co/LH9SkM18mt High daily coffee consumption may lower Multiple Sclerosis risk
pos,Exhilarating times my friends. #science #physics  https://t.co/cZlT1AUlWW
pos,The value of #BasicResearch https://t.co/fY6Jt3n1nG #microbiome #GutbBacteria #science #HIV #health
neg,When the blank page taunts you  #science says to "just keep at it" to arrive at more #creative solutions.   https://t.co/3SEEoYUZgA
neg,Singapore ready to deal with threat to corals: Safeguards targeting rarer coral species to be p... https://t.co/30h4kvSviG #science #tech
neg,The Bible says that there was no death before sin  therefore evolution is impossible. #atheist #life #science #scifi https://t.co/93oXCthjUQ
neg,Exoskeleton helps the paralyzed to walk #news #tech #science https://t.co/vMYdnWjSyn https://t.co/610xoaIEXr
neg,@modernmarianna @mcdern_anna if you throw urself into a black hole your body is cut in half and you bleed to death #science
pos,'Not getting enough sleep has the same effect on appetite as getting stoned' https://t.co/zz9o8llUER #interesting #food #science #x2b
pos,Be courageous #becourageous #climatenarwhal #space #universe #planets #stars #motivation #science #connection https://t.co/e9EZK4VA13
neg,Man taking selfies with gun fatally shoots himself police say - cnet #news #tech #science https://t.co/UYc73SG7zt https://t.co/KMUHq9bGVv
neg,Bad Policy Could Cripple #Energy Innovation https://t.co/WugkZejTdq #science
pos,Awesome Focus group https://t.co/LrRNq11zwU and icebreaker exercises with this app For doing @study #science #blog https://t.co/uzgI9a8pCN
pos,Happiness can break your heart #news #tech #science https://t.co/CRCIEu6CO1 https://t.co/IeJDwa7B6O
neg,Looking At Tears Under A Microscope Reveals A Shocking Fact. #tears #MediTech #Research #Anatomy #Histology #Science.https://t.co/tI8kTdMaLN
pos,If you're going to be flaky  at least try to be science based flaky. #nowoo #truth #science
neg,Would you trust #robots during emergencies? #news #tech #science https://t.co/2rkz46TNsl https://t.co/TrbJA2ZQP1
pos,A great #article on how we can better #physics education in #America. The U.S. needs to catch up. #science #college https://t.co/akzJXFjZ7G
pos,These awesome robots still work after 240 years https://t.co/EemnGHE4NO #science https://t.co/uikffIP0xJ
neg,Intelligent #robots threaten millions of jobs #news #tech #science https://t.co/d9XEASi8Og https://t.co/wneDamKlxT
neg,#Food companies distort #nutrition  #science . Here's how to stop them. https://t.co/yP82tLel2b #p2 #USLatino #Health #Parents #UniteBlue
pos,I'm going to this! Playing for Time: Music and Memory @WSFBrisbane https://t.co/edf8blN3il #wsfbrisbane #science #music
pos,Sorry #GOPDebate gotta go- @BigBang_CBS is on and I enjoy #science comedy better. Maybe you boys will talk #science one day?
pos,#Nanotechnology - The way of future: https://t.co/nbHXwDu2W9 #K12 #science #students #edtechchat  PleaseRT this info https://t.co/k8JEmkfsV0
pos,#drink #sweet #colorful #science #japan #20160218 by naaandyyy https://t.co/242mPo2uK2 https://t.co/U4HG38wM9Z
pos,My #robot valentine‚Äîcould you fall in love with a #robot? #news #tech #science https://t.co/RO7NAU7qOU https://t.co/oW1cq3kJlT
pos,Another fantastic day with @Metals111 #GOPDebate #Cosmos #Science #Wendys #Drumpf
pos,The heart is such a fascinating  mystical organ capable of so much. üî¨ #science #dissection #nursingschool by _emman‚Ä¶ https://t.co/dilAGAr8D1
neg,So another #GOPdebate and #Food #FoodSystem #Farming #ClimateChange #Science ignored  not mentioned no surprise but still #Fail @megynkelly
neg,Nearly half of American children living near poverty line https://t.co/wFvLBxxVx8 #science #feedly
neg,Drought in Eastern #Mediterranean worst of past 900 years ~ ~ https://t.co/YOMlN9SU0d #nature #ecology #science
neg,#Scientists believe they discovered way to "steer" the immune system to kill #cancers #science #bbc @bbc #research https://t.co/BFUUP4799j
pos,Big Cats: An Amazing Animal Family #Science #Biology #Cats #CrazyCatWoman https://t.co/Fo1gEJd1pU
neg,SageLinQ #Science Farthest Galaxy Yet Smashes Cosmic Distance Record  https://t.co/YNlKGSQ6oZ https://t.co/nG4uvBjodP
pos,[Best Discount] Awesome Insurance Brocker Shirts at (Bazaar) [Best Discoun https://t.co/zUquego7yT #bacon #birthday #funny #humor #science
pos,Smart energy 'could save ¬£8bn a year' https://t.co/nxjZypNdEC #consigliato v√≠a #BBC #Science #Environment
pos,SageLinQ #Science Star #Trek' 50th Anniversary Inspires New Toys  Figures and More  https://t.co/VWONBQVsok https://t.co/lsd3FHFPQw
neg,Extreme tornado outbreaks have become more common  says study https://t.co/yuireuBiXz #science #feedly
pos,https://t.co/8y3WjgPEHx #albino Albino whale! What kind of name is gallon of milk!? Ha! #whales #science #aqua #sea #mammals
pos,Who Profits From Uncritical Acceptance of BIASED Estimates of Vaccine Efficacy &amp; Safety? https://t.co/pFAlCZNsCk  #NCBI #science #news
neg,How to End Sexual Harassment in Astronomy https://t.co/60FFIV0dsY #science
pos,What the deepest spot in the ocean sounds like #news #tech #science https://t.co/aNxfGGcywF https://t.co/N6ORCIVeWD
pos,You can do all of these easy DIY #science experiments at home  and be entertained for days: https://t.co/zq08cai94a
neg,New treatment opportunities for pancreatic cancer via /r/citral https://t.co/RF1PrKXQQt #science
pos,Check Out the Coolest Elements on the Periodic Chart! https://t.co/eBiR7MmmUf #Science https://t.co/RaOe1nagqb
neg,Psychology is in crisis over whether its in crisis #psychology #science https://t.co/REQNgMfCXy
pos,[Best Deals] Women Become Barista - Otusin - (3Tshirts) [Best Deals] Women https://t.co/pQqeBJgRFC #bacon #birthday #funny #humor #science
pos,Hexane escaping water by forming blobs - #lab version of oil and vinegar. Almost as delicious #science https://t.co/1dOitiSHwE
neg,SageLinQ #Science Introducing #Spacecom's New Satellite Tracker from N2YO  https://t.co/Fbnb553Glb https://t.co/VwGFtmmmv9
pos,Had a great night day with @Gen5starV2 #GOPDebate #Cosmos #science #Wendys #Drumf
neg,SageLinQ #Science Not So #Fast: Discovery of Radio Burst Source May Be Flawed  https://t.co/siEqFEzlE1 https://t.co/f9YjY6C3aW
pos,#science Birthday Parties are a BLAST! $165 for 2 hour party w/ LOTS of themes! #RhodeIsland https://t.co/JgikQlJb0N https://t.co/KJirKcW05E
neg,Impatient people may be ageing faster  scientists suspect.https://t.co/ScFePXQO1I #ageing #science #seniors https://t.co/zwRd15743u
pos,Smart energy 'could save ¬£8bn a year' https://t.co/uCgvtMXK15 #science
pos,Smart energy 'could save ¬£8bn a year' https://t.co/Tbf4JiwKV9 #News v√≠a #BBC #Science #Environment
neg,SageLinQ #Science How Satellites Build the Global Broadband Economy - #SpaceNewscom  https://t.co/fvKDoYs62H https://t.co/OhiPd5AWqU
pos,Check Out These Fascinating Theoretical Particles https://t.co/dq7g552r15 #Physics #Science https://t.co/t9fSNJttVF
neg,Greenland's ice is getting darker  increasing risk of melting https://t.co/deM8NHfkAs #science #feedly
pos,InstaPic by geo2210: Best design seen in a bathroom!?! #skull #anatomy #science #medicine #wallart #wallpaper #art ‚Ä¶ https://t.co/x4EmQy5Hhr
neg,Sometimes  evolution sucks mouse pad https://t.co/16qaavpn8H #science #evolution https://t.co/lcnWvc1mDf
neg,@AlliSayles if your chocolate chip levels are too low your body tries to compensate by increasing your other food. #science
neg,Manmade noise pollution reaches the deepest ocean https://t.co/AIexkOmyTO #science via @CosmosMagazine
neg,Radiotherapy for prostate cancer raises risk of new tumours #news #tech #science https://t.co/zc1nKiTESF https://t.co/in9LxtApqX
pos,#science is #awesome!! -- Precious Metal Refining Episode 2 https://t.co/145PEGXVhd
neg,Taking two aspirin a week could protect against cancer #news #tech #science https://t.co/UaZp4Wdf2n https://t.co/Z62lZWDOH0
pos,@secupp @Helpusadoptorg Mommy &amp; daddy better for child. #Science
neg,Gene identified that helps wound healing #news #tech #science https://t.co/LOQEIsLxir https://t.co/ZLL1KmHI2u
neg,THE ORGAN HARVESTERS   #dystopian  #science  #fiction #nightmare. @goldenlamb https://t.co/iGnJf9EKIJ
pos,Check Out These Interesting Facts About Flowers! https://t.co/eyvmB9up5j #Flowers #Science https://t.co/Gmysa38B8C
neg,Cancer expert says public health  prevention measures are key to defeating cancer https://t.co/iqaIIR4A2L #science #feedly
pos,Researchers helping nopd find 'best fit' in new officers #news #tech #science https://t.co/ZgsL2rIsev https://t.co/W8ZWebjGlx
pos,Social proof: https://t.co/EWRR69ggIy the popularity and the herd. #psychology #mentalhealth #science
pos,New Yorks skyline in a stunning interactive 20 Gigapixel panorama revealed https://t.co/MiBw9akZHE #science https://t.co/88Fu8UL4Gk
pos,Can babies get looks from their mothers ex-lovers? https://t.co/Yam15K0g0X #science https://t.co/gQrrObOE12
neg,Video: humans duped by emergency #robots #news #tech #science https://t.co/K8HPhZwTN9 https://t.co/7T9fjb8U6P
neg,We still haven't evolved as infants lol  Why Humans Give Birth to Helpless Babies https://t.co/nYnjFkjG2f #science
neg,Why Science Teachers Are Struggling https://t.co/JHhWVKinIb DISTRESS - CLIMATE CHANGE #change #climate #science FREE¬†PROMOTIONS ADS GRATIS
neg,Common genetic variant in a tumor suppressor gene linked to obesity and type 2 diabetes  https://t.co/wNuBeYmeMU #science #health
neg,Researchers unravel pathways of potent antibodies that fight HIV infection  https://t.co/MUaXuc2diB #science #health
pos,Great Tilt Gave Mars a New Face: The surface of the planet Mars tilted by 20 to 25 degrees 3 to 3.5 b... https://t.co/uyH1sV0tmV #science
pos,How parents romantic partners influence student spending #news #tech #science https://t.co/nNgasEF3Ll https://t.co/0dr0M2YHef
pos,The #Science of #SocialMedia Success https://t.co/OlmI3MAjrU https://t.co/PilRRN2gvL
neg,"Energy Apartheid" Could Develop Soon https://t.co/MERASMwrCD #science #climateaction #SDGs #pollution #keepitintheground
pos,#Chicago's Field Museum is one of the world's great museums of #science  environment  and culture  a focus of... https://t.co/97gcwDlDAQ
pos,Amazing #Science #outreach effort catalyzed by support from @ASBMB @sigmaxi @JLVernonPhD @jtotheizzoe @TheGeoffHunt https://t.co/sLN5M5hvML
pos,Congrats @CornellMAE R.Shepherd on his paper in #Science! #electroluminescent skin @Cornell @USArmy @NewsfromScience https://t.co/7Q6MRfXTds
pos,Music inspired by #Science and   #SocialJustice. If only our law makers would be listening too! End #WarOnDrugs  https://t.co/qQf1Y6H7Xz
neg,#Science Our Hemisphere‚Äôs Temperature Just Reached a Terrifying Milestone‚ÄîFaster Than Expected https://t.co/tZX6Fl1KyB
neg,[SCIENCE] Long-term stress erodes memory #mlearning #Science ‚òû https://t.co/s1ocxTLka8
neg,#science February may have been the warmest month on record  but we don't know for sure ‚Äî despite reports to the contrary ‚Ä¶
pos,Check Out These Interesting Facts About Flowers! https://t.co/ln5uwywVW4 #Flowers #Science https://t.co/p4RVYJDARc
pos,Dji drone insurance available for phantom inspire models #news #tech #science https://t.co/b0EDHBO2aL https://t.co/qk8wTFWbvo
pos,[Best Deals] Alo Cat Shirts from (Bazaar) [Best Deals] Alo Cat Shirts from https://t.co/Z6yUJquZ4T #bacon #birthday #funny #humor #science
pos,[Best TShirts] REPORTER - MAYBE WRONG at (Bazaar) [Best TShirts] REPORTER https://t.co/L895gu8ee9 #bacon #birthday #funny #humor #science
neg,#Vintage @thelaunchpad1 #OSCILLOMETER #Blood Pressure sphygmomanometer  https://t.co/y8kQvbzwzc ‚Ä¶ via @eBay   #medicine #science #antique
pos,Good to have @foreignoffice Chief Scientist @RobinWGrimes with us. And to meet @cosmicpinot and other very brainy people. #ukinoz #science
pos,.@iloverockchalk #Science! :D But I guess the talking snake makes more sense to you? https://t.co/G54lvijZ2R
pos,Yearlong spaceman plunges into pool: 'man that feels good' #news #tech #science https://t.co/Dkq1Z8jGxg https://t.co/5FOmAk8hZT
neg,Winning the water war starts with winning the battle on data #news #tech #science https://t.co/cjmIz9EhXb https://t.co/TzbGo4IVMa
pos,Hey @marcorubio  for your next high brow debate  penis size linked to finger length/ratio https://t.co/kkW2X4vcKJ #GOPDebate #science
pos,[Best TShirts] SPECIAL - It a CROWLEY thing at (3Tshirts) [Best TShirts] S https://t.co/8vCBt9fVYO #bacon #birthday #funny #humor #science
pos,Esco keeps your needs and safety in mind. #chooseesco #labshakers #laboratory #science  https://t.co/R0uOBnl3Oy https://t.co/kCtZvquhwz
pos,The #science of #writing has probably made #books our greatest #invention. #ElderSill #ldsconf #Apr72
neg,"High Daily Coffee Consumption May Lower MS Risk" #science #feedly https://t.co/huUkCnNK8S
neg,#Science https://t.co/9jTrQeFVkD Our Hemisphere‚Äôs Temperature Just Reached a Terrifying Milestone‚ÄîFaster Than Expected
neg,A man trained bees to make honey out of weed and it's got LOTS of benefits! https://t.co/zQorfEbEJq #science #health #foodie
pos,#NEW issue of Science Progress now  online; many #FREE items https://t.co/7kEy2gICAL #science #chemistry #research https://t.co/WcvlfdeTWi
pos,#NEW issue of Science Progress now  online; many #FREE items https://t.co/dWjcy3nbdE #science #chemistry #research https://t.co/pbUTTPza03
pos,#NEW issue of Science Progress now  online; many #FREE items https://t.co/96LjIaepMw #science #chemistry #research https://t.co/eejWhqf1SP
pos,#NEW issue of Science Progress now  online; many #FREE items https://t.co/WJAVWD8G6l #science #chemistry #research https://t.co/tKIAdso8xN
neg,Good read. #science #laboratory #cancer https://t.co/d6woAgZVvj
neg,Edward Lammer  Doctor Who Linked Acne Drug to Birth Defects  Dies at 62: Mr. Lammer was among the fir... https://t.co/uiYTMblvHc #science
pos,GN-z11's distance is at a redshift of 11.1  which corresponds to 400 million years after Big Bang #science #space  https://t.co/smLEUw97Jo
pos,@zhaxiabook Your #post is #amazing.Check out my #latest post.#amazing #guide to #download #Computer #science #notes https://t.co/0xzHDwEKe3
pos,@sonnyhardcoder Your #post is #amazing.Check out my #latest post.#guide to #download #Computer #science #notes https://t.co/0xzHDwEKe3
pos,Research explains success of extremist politicians #news #tech #science https://t.co/lm0gBTuPix https://t.co/37vVcTTWDs
pos,@docshut Your #post is #amazing.Check out my #latest post.#amazing #guide to #download #Computer #science #notes https://t.co/0xzHDwEKe3
pos,@StationCDRKelly I'm in awe. What an amazing Life &amp; Mind. You sir  have lived a Life that we will always dream about. Plus #science #BadAss
neg,Researchers overturn landmark study on the replicability of psychological science #research #science #replication https://t.co/sJYT1hoDZt
pos,@briankellypage I bet he likes to see the layers of colors. #science https://t.co/ZutQISdD6Z
pos,Why do gravitational waves deserve a Nobel Prize? They prove the existence of black holes! @SeseASU talk. https://t.co/LeTIjf8p6E #science
pos,@getroaring Your #post is #amazing.Check out my #latest post.#amazing #guide to #download #Computer #science #notes https://t.co/0xzHDwEKe3
pos,@stuffspec Your #post is #amazing.Check out my #latest post.#amazing #guide to #download #Computer #science #notes https://t.co/0xzHDwEKe3
pos,@stuffspec Your #post is #amazing.Check out my #latest post.#amazing #guide to #download #Computer #science #notes https://t.co/0xzHDwEKe3
pos,@stuffspec Your #post is #amazing.Check out my #latest post.#amazing #guide to #download #Computer #science #notes https://t.co/0xzHDwEKe3
pos,@datarecoveryios Your #post is #amazing.Check out my #latest post.#guide to #download #Computer #science #notes https://t.co/0xzHDwEKe3
neg,Deep cuts under babies' tongues are unlikely to solve breastfeeding problems via /r/citral https://t.co/P9rYBca7A8 #science
neg,Delay in grants  proposals costs #science schemes dear in government schools #Science https://t.co/I263ftYAl7
neg,Remote-controlled #robot inspects suitcase bombs #news #tech #science https://t.co/4GPNDdiCxZ https://t.co/Jx6JbThOxC
pos,Cockroach inspires #robot that squeezes through cracks (w/ video) #news #tech #science https://t.co/bRxo2K7rjC https://t.co/xsiy39H8C9
neg,The Psychology of the Breathtakingly Stupid Mistake https://t.co/WX6PPsVx7Q #science
neg,#Science Nation - #SolarFuels: A grand challenge of 21st century #chemistry https://t.co/ebsyJftwZY
pos,@ethan_578 Your #post is #amazing.Check out my #latest post.#amazing #guide to #download #Computer #science #notes https://t.co/0xzHDwEKe3
pos,Wow! This is BIG if confirmed.... #science @CBCQuirks  https://t.co/wRiOXPZDGl
pos,DYK You can HEAR gravitational waves! Dr. Maulik Parikh plays them for us: pulsar  black hole  BigBang.  https://t.co/LeTIjf8p6E #science
neg,Neanderthals Used a Chemistry Trick to Start Fires 50 000 Years Ago https://t.co/8KOPS1HS1r #history #science #news
pos,How can you improve upon 'automotive perfection'? #news #tech #science https://t.co/FFH3LMvdlK https://t.co/WL0tT8aIKH
neg,'cheating watches' warning for exams #news #tech #science https://t.co/ycDXqbZlJW https://t.co/weRNGtiMSp
neg,Biology is the only science in which multiplication is the same thing as division. #science #jokes
neg,I doubt #climate adaptation or #science #STEM education will be discussed...  #GOPDebate
pos,I hope that the #DemDebate talks #science #STEM #environment #technology  https://t.co/91lbLCjrSo
pos,@LeeSidarthurr @TheoryFail Physics Nobel Price winners are not playing cards. That's not how #science works.
neg,Scientists develop mini Death Star to protect us from asteroids | via @Telegraph https://t.co/mxBhFx9GNv #science #space #yuge #starwars
neg,How to #hack the average home #news #tech #science https://t.co/oaAKaqNbhE https://t.co/oEg2pPlB0o
neg,@ascentlikeal @ascentlikenick this makes me terribly uncomfortable. you went too far  boys. #science
pos,We need to do more to encourage #girls toward #science &amp; #engineering. #notjustforboys #girlpower
pos,Antarescraft would like to welcome Scott Kelly back to the ground! Here is to @NASA and their amazing #science !!!
pos,Great Quotes About Science! https://t.co/NSwlFSVHLj #Science #Quotes https://t.co/TTZDLNmdO8
pos,Epic journey through los angeles set for space shuttle tank #news #tech #science https://t.co/pWSNHDPA2I https://t.co/RQVBQNW0U8
neg,Food companies distort #nutrition #science.  Here's how to stop them  https://t.co/dwPH7gLrH7  via @voxdotcom @juliaoftoronto #hiap #phealth
neg,#science Common genetic variant in a tumor suppressor gene linked to obesity and type 2 diabetes https://t.co/mRouYOHCkT #news #tech #cien‚Ä¶
neg,#science Researchers unravel pathways of potent antibodies that fight HIV infection https://t.co/mRouYOHCkT #news #tech #ciencia
pos,@pantheracad Mark your calendar for #astronomy goodness: https://t.co/Xdt9yJmHRy via @Upworthy #science #stargazing
pos,Your thoughts? Does My Dog Love Me? https://t.co/IYLdZgDmQk #science
neg,New Fast Radio Bursts In Space: ‚ÄòCosmic Gatling Gun‚Äô Alien Transmissions Or What?:‚Ä¶ https://t.co/WC4SW35uNb #science https://t.co/pVCn64ebNx
pos,Check Out These Interesting Facts About the Sun! https://t.co/ZpHxbIBFJR #Sun #Facts #Science https://t.co/65mgXhnPm8
neg,[Best Sales] https://t.co/mY7W1tchqK #batman #comic #engineering #flash #geektech #math #nerdy #physics #science #superman #woman #wonder
neg,9/11 Experiments - The Force Behind the Motion https://t.co/fwFrIDSCUS via @YouTube #Science tells you #911WasAnInsideJob
neg,How to Keep Bad #Science From Getting Into Print https://t.co/m8GmVuqle1 by @jflier in @WSJ
neg,#science: Our Hemisphere‚Äôs Temperature Just Reached a Terrifying Milestone‚ÄîFaster Than Exp‚Ä¶ https://t.co/gsT1T2Xgwd https://t.co/H3j7GFfl7C
pos,DOME ZONE via Discover Magazine: (Eye) Trouble in Paradise https://t.co/LOtXQs7rv2 #science https://t.co/h4mBiDuQe9
neg,Edward Lammer  Doctor Who Linked Acne Drug to Birth Defects  Dies at 62: Mr. Lammer was among the fir... https://t.co/qrC5xbFRWI #science
neg,Edward Lammer  Doctor Who Linked Acne Drug to Birth Defects  Dies at 62: Mr. Lammer was among the fir... https://t.co/SSsDGHp1Vw #science
pos,The Ultimate #Science-Backed Method for Creating #Content That Readers Love https://t.co/YFEBJj9J8e https://t.co/Aba7l17TpT
neg,#Science https://t.co/SQtGGKliCp Cyanuric acid is commonly used to stabilize chlorine in pools. Researchers have found that this molecule ‚Ä¶
pos,Check Out These Interesting Facts About the Sun! https://t.co/FMmzHVESTA #Sun #Facts #Science https://t.co/4DuIZmyuPO
pos,Ken block‚Äôs gymkhana 8 leaves its mark all over dubai‚Äôs splendor #news #tech #science https://t.co/Yeyg91UPZm https://t.co/3CoSEzTSyq
neg,Edward Lammer  Doctor Who Linked Acne Drug to Birth Defects  Dies at 62 #NYT #science https://t.co/y2JiQtVZvv
neg,#Mosquito ARE BIG THREATH NOW A DAY DUE TO THE MOSQUITO TRANSMITTED DISEASES SUCH #zika #Dengue  #science #foodscience #COGNITIVE #nutrition
neg,Learn about the interferometers that saw &amp; measured the gravitational waves. @SeseASU talk steaming now! #science  https://t.co/jwAl2qyIbK
pos,#Science finally catches up with #spirit (and common sense) LOL... https://t.co/pYH3FqkuHs
neg,Five star dining or burger joint from hell? #news #tech #science https://t.co/2U6Dl1qE8C https://t.co/VW0Dj8g2iZ
neg,Life-changing sickle cell disease treatment approved by nhs watchdog #news #tech #science https://t.co/PJECaGUOPJ https://t.co/ppdTeK8O7i
neg,Protection of marine areas to be based on science  Hunter Tootoo... https://t.co/gfb9gFwzus #Science
neg,Ancient Viruses Hidden in Your DNA Fight Off New Viruses  (via @NewsfusionApps #Science News) https://t.co/V7E9VyGJxC
neg,#biotech #science #jobs #lifescience Institute of Precision Medicine: Multiple Faculty Positions on Disease Me... https://t.co/PR93a1pi0L
neg,#research #science #jobs #lifescience Institute of Precision Medicine: Multiple Faculty Positions on Disease M... https://t.co/s0aS7f0q22
neg,Scientists develop mini Death Star to protect us from asteroids  (via @NewsfusionApps #Science News) https://t.co/aiPqC99VAi
neg,Psychology might not have a replicability problem after all  (via @NewsfusionApps #Science News) https://t.co/mIpa9uAT3D
neg,Drinking six cups of coffee a day 'slashes risk of multiple sclerosis'  (via @NewsfusionApps #Science News) https://t.co/KOeVkI6g2q
neg,The #science of how complaining is damaging your brain https://t.co/vOKpiYEjez #neuroscience
pos,How Should You Keep Your Eyes Safe in the Digital Age https://t.co/UK6sV6TKPo #Science #MakeUseOf
pos,How Should You Keep Your Eyes Safe in the Digital Age https://t.co/iwvDYQCRdB #Science #MakeUseOf
neg,Mother Warns About Seeds From 'Suicide Trees' After Death Of 22-Year-Old  (via @NewsfusionApps #Science News) https://t.co/tc3HNLsvEx
pos,#science Huge space shuttle tank will make epic journey from New Orleans to Los Angeles... https://t.co/zcQg9rGtNz https://t.co/gD6T92GDWl
pos,BODY ODOR ATTRACTS #Mosquito  #flavor #nutrition #science #foodscience #gouvernance #healthcare #MEXICO #cognitivefunctions #NewsOneNow
neg,Maybe the GOP should read this - How the #Brain Dumps Its Trash [Video] https://t.co/sMhH6Ph6RV #science #GOPDebate @sciam @gstix1 #sleep
neg,Dissection of moose lung  trachea and esophagus.  #anatomy #science #gore #education #deathpositive https://t.co/54bShya0Yg
pos,For Everglade wading birds  security comes with a price (+video)  (via @NewsfusionApps #Science News) https://t.co/4hu4b0IxNX
neg,#science: High daily coffee consumption may lower Multiple Sclerosis risk | https://t.co/0arR3KjtIq https://t.co/uWvm54PFAR
pos,Gene switch makes us look like our animal cousins #news #tech #science https://t.co/eK2f87uYP0 https://t.co/cZnY4AXn8y
neg,WRONG EATING HABITS CAUSE BODY ODOR DUE TO TOXINES RELEASE #zika #science #healthtech #COGNITIVE #gouvernance #NewsOneNow #nutrition
neg,Scientists 'find cancer's Achilles heel'  (via @NewsfusionApps #Science News) https://t.co/DpEOoLtSRC
pos,Yearlong spaceman plunges into pool: 'man that feels good' #news #tech #science https://t.co/Dkq1Z8jGxg https://t.co/rtSUdnBObc
neg,Check Out These Interesting Facts About Nuclear Weapons! https://t.co/WgyVekmHWV #Science #Nuclear https://t.co/MFvpopfJyg
pos,NASA Extends Media Credentials Deadlines for Commercial Cargo Mission via NASA https://t.co/po3s8ITd2a #Science #interesting
pos,This weeks in class learning was fun  creative  and hands on! @MDCPS @HammocksMiddle #science #atoms https://t.co/AnNIdcQgo0
pos,3 of the best sounding bluetooth speakers #news #tech #science https://t.co/oJgzXun8SX https://t.co/9QML9uf386
neg,Why Don't Walking Dead Zombies Decompose? (Because Science w/ Kyle Hill) https://t.co/FTSZIdpMRG via @YouTube #science
pos,Thanks AmyBeth for following Brainstorm Psychology! Visit https://t.co/f1oW7O0ZiD #mentalhealth #science
pos,Happy events can trigger cardiac arrest  (via @NewsfusionApps #Science News) https://t.co/4b9iQAgHhL
neg,Negative Emotions Are Key to Well-Being https://t.co/mxv7u0enzR #science
neg,How exactly do you rein in a wildly powerful AI before it enslaves us all?  (via @NewsfusionApps #Science News) https://t.co/jyaIrb1fA6
neg,Proving to be a rather long shift. Silly #science
pos,Hegelian Dialectic ... #antianti ... #Science &amp; #Folklore ... #masonry ... #Delaware ... Grand‚Ä¶ https://t.co/51aHELUccg
pos,[please retweet] Huge space shuttle tank will make epic journey from New‚Ä¶ https://t.co/3sC0jCjxdM #Science #News https://t.co/shegI72Hrc
pos,Pls Help!Only $49 left and my students will receive headphones https://t.co/eXesC3TnCC #donate #RAOK #charity #giveback #science #technology
neg,It's official. . .  We have our very own Uni-kitty!!! #meow #grrrrmondays #science #shenanigans https://t.co/AElxuGczXx
neg,#Science Cyanuric acid is commonly used to stabilize chlorine in pools. Researchers have found that this molecule ‚Ä¶ https://t.co/v679eqE2bh
neg,[SCIENCE] Edward Lammer  Doctor Who Linked Acne Drug to Birth Defects  Dies at 62 #Science via NYTimes ‚òû https://t.co/l7dPdFrGUV
neg,"Greenland's ice is getting darker  increasing risk of melting" #science #climatechange https://t.co/FONpPJ1s3U
pos,[Best Discount] Leave Me Alone Im Only Talking To My Yorkie Today - Funny https://t.co/sDQso8KEo6 #bacon #birthday #funny #humor #science
pos,[Best TShirts] BE NICE TO THE MATHEMATICS TEACHER at (ManInBlue) [Best TSh https://t.co/k9sahxkLmn #bacon #birthday #funny #humor #science
neg,Why Climate Skeptics Are Wrong. https://t.co/jL1mftB9PV || #science #climatechange
pos,Spinning better electronic devices #news #tech #science https://t.co/9Cqv2lPlIV https://t.co/k1emvHczFq
neg,GOP‚Äôs First Hearing On ‚ÄòBaby Parts‚Äô Quickly Goes Off The Rails https://t.co/p6UAG6SFXh #Republicans on some issues are #SCARY 4 #Science
pos,.@JoshBVT thanks for following me. Gotta love #science!
neg,Viral ‚Äòfossils‚Äô in our DNA may help us fight... https://t.co/CcqdcNmGl6 #science
pos,Check Out These Fascinating Facts about the Bajau Sea Gypsies! https://t.co/cGOYKA0Ipj #Science #People https://t.co/LVxTBovJKE
neg,Hubble breaks cosmic record  captures most distant galaxy: A faint galaxy imaged‚Ä¶ https://t.co/79JA7IXyAi #science https://t.co/CkA8hBDbTV
neg,#Job Opportunity for: Real Staffing: Vice President of Clinical Development  https://t.co/lbrzKILHPC #science
pos,GoogleExpertUK : Grace Hopper on The Letterman Show https://t.co/Nlp8XajSKN #GraceHopper #computers #science ‚Ä¶ https://t.co/SRMg8DtJjI
neg,Why the Future Belongs to Tough-Minded Optimists... Hot on #theneeds #Science https://t.co/FaQaCQxJPD
neg,Want some instant-regret? Choose to write your response paper about black holes. #science #terrifying
neg,Report: Getting Out Of Bed In Morning Sharply Increases Risk Of Things Getting Even Worse: https://t.co/IWd2cRo5Y6 @TheOnion #science
neg,Climate Change-Ruined Crops May Cause Half A Million Deaths In 2050 https://t.co/lq0DpnrciL #science https://t.co/as5ey102iJ
neg,TT: Scientists claim cure for #cancer is closer https://t.co/I2HZGoURIr #Health #Science #UniversityCollegeLondon https://t.co/1UGNS0kUMp
neg,"Scientists 'find cancer's Achilles heel'" #science  https://t.co/7VqOJEWqYL
pos,Like #science? Check out this awesome interview and inspiration  especially for girls who love natural science. https://t.co/crpPNAjSLE
pos,Huge space shuttle tank will make epic journey from New Orleans to Los Angeles - https://t.co/OvK1gyezD7 #science
neg,Biodiversity critical in boosting crop yield https://t.co/JcsVO7NaI3 #biotech #science https://t.co/EpvuD3TNOe
neg,This will be another victory for real #science against man-caused #ClimateChange (which isn't even wrong). https://t.co/aEhi2HWyBy
neg,Tech rivals join #apple's legal fight against fbi #news #tech #science https://t.co/lV8XfWrOsK https://t.co/HPB90vi6rs
pos,Grace Hopper on The Letterman Show https://t.co/5foCEKjRG1 #GraceHopper #computers #science ‚Ä¶ https://t.co/7yTAktwMeV
pos,Thanks Mustafa for following Brainstorm Psychology! Visit https://t.co/f1oW7O0ZiD #mentalhealth #science
neg,Life is rough out in the wild: Not a parenting practice any expert would recommend  I'd imagine. #science https://t.co/5IAnltIrml
neg,Exercise equipment  like energy  is neither created nor destroyed. It just moves from tag sale to tag sale. #science
pos,Food for Thought ‚ÄúThe Great Being saith: Regard man as a mine rich https://t.co/MkX098RjR2 #faith-reason  #science-religion  #iran-bahai
neg,@MadMash42 #IDontKnowHowTwitterWorks but I'll blame #science for creating all this hashtag madness that @mc_derpin is spreading around.
neg,The Problematic Influence of Disney‚Äôs ‚ÄúBambi‚Äù https://t.co/CE71gWVyi9 #science https://t.co/zbcoPJrRm1
neg,"Scientists 'find cancer's Achilles heel'" https://t.co/SQWbOw2Soe #science #watchedhere
pos,Using @Seesaw to show off science fair experiments. #science #ubd  https://t.co/pM74LrZq9v
neg,Science misses the heart (by a long shot) https://t.co/iS7rzb0g6R  #science #self #christian #apologetics #worldview
pos,Grace Hopper on The Letterman Show https://t.co/13NbpdPtp6 #GraceHopper #computers #science https://t.co/pGwbgtAPfm
pos,#3D #Science how do you change under stress or relaxation? Visualize it in VR  INTJ= https://t.co/nmnft2pvbV https://t.co/cDFCdkNFrP
pos,https://t.co/3XGVdnCt5H Signup 4 #security &amp; #sustainability Forum 4 #climatechange #renewables #COP21 and #science https://t.co/ZyaeVYM3gw
neg,Daylight saving time increases stroke risk scientists find #news #tech #science https://t.co/miO9bmDs9V https://t.co/asrnBx3K53
neg,What Will Destroy Planet Earth? | Space Time | PBS Digital Studios https://t.co/YYROcHc0Kg via @YouTube #Science
pos,You can do all of these easy DIY #science experiments at home  and be entertained for days: https://t.co/EW29kozzXr
neg,#Lead exposure in US is a serious hazard  especially for young kids. #health #science Via @NPR https://t.co/boubwesSla
neg,Advanced problem-solving for #math  #science &amp; #engineering! @maplesoft https://t.co/Cci7WhV833 ‚Ä¶ #STEM #education
pos,Why now is a good time to put down your phone #melatonin #sleep #science https://t.co/dbEYCAoMlw
pos,#Sleep more - one of 25 science-backed ways to be happier https://t.co/aPluAGlcA8 #SleepingBeauty #BeHappy #Science https://t.co/KniImaulUB
pos,What is the #future potential for solar? https://t.co/VGEflTwbzQ  #solarpower #success #technology #energy #science #home #renewableenergy
pos,What we look like from The International Space station ‚Äì video timelapse https://t.co/dXJMVEe0Y7 #astonomy #science https://t.co/eRNjOJF2kw
neg,Paper that says human hand was 'designed by Creator' sparks concern https://t.co/AJr1PzOyX9 #PlosOne #Science #Publishing
neg,Does this mysterious flying saucer French coin from the 1680s show an alien UFO ... https://t.co/KTeMlCA153 #science https://t.co/pQuwMAjPCo
pos,Epic journey through Los Angeles set for space shuttle tank - https://t.co/d3dpGqx7CV https://t.co/SYYUDINj7t #Science
neg,Old red dye shows promise as new cancer foe #news #tech #science https://t.co/LoUCcKgfIZ https://t.co/r2dVxra0Pp
neg,Us government invites #hackers to '#hack the pentagon' #news #tech #science https://t.co/hMxoCKfTvU https://t.co/gBQuIwV6EI
pos,Liberals: Think a baby isn't  human  want us to call transgenders  w/ a Y-chromsone 'she' &amp; believe in a global warming apocalypse. #Science
neg,https://t.co/R3pVICI8TD   #homosexuality #transgender #gays and #lisbeans  are about #politics not about #science   #delusional
pos,LIFE WITH THE BEST UNDERSTANDING #science
neg,What happened to the Neanderthals? Ask the Homo Sapiens in #Europe. @PBS: First Peoples at 9/8c. #science #history https://t.co/twCuuM8NPG
neg,Not #science fiction  #robots are critical players in #nuclear disaster cleanup. https://t.co/74r2rjnRcN https://t.co/pGrhs1AHAk
pos,Hey science students. I made a GIF to help illustrate electrons filling up shells in an atom. #Science https://t.co/KjDGnhkEZC
neg,You Don't "Hate People" https://t.co/j46PeXul5n #Inspiration #Philosophy #Psychology #Depression #Anxiety #Science #Health #Truth #Wisdom
neg,Gray‚Äôs Anatomy written by immature  insecure plagiarist? #science #medicine https://t.co/x922RaQt8e
neg,Climate Change-Ruined Crops May Cause Half A Million Deaths In 2050 https://t.co/sJsvrR7d8j #science https://t.co/N4Cfrzj5YS
neg,Sardine decline  starving sea lions linked https://t.co/16qRGrvx7o #science #news
neg,#Science: Scientists 'find cancer's Achilles heel': Scientists believe they have discovered a way to "steer" t... https://t.co/x8mBJYaoYs
neg,#PubliVentasMcbo #Science - Amazon under fire for dumping encryption for Kindle Fire ... https://t.co/WVLVpz17Lw ‚Ä¶ https://t.co/BPK6mHPQYB
neg,#Science : Mother Warns About Seeds From 'Suicide Trees' After Death Of 22-Year-Old https://t.co/mUXGmZiL0P via @HuffingtonPost
pos,Fascinating! Learn the science behind #IVF in this @TEDTalks: https://t.co/7uZTOUPAQ7 #infertility #science
neg,@blakestacey Good show! Gotta get back to work  unfortch :( #science
neg,#Science - Amazon under fire for dumping encryption for Kindle Fire ... https://t.co/zo1I1N5CXc via @Discover_News_ https://t.co/gQ4hwM0phP
pos,[please retweet] Epic journey through Los Angeles set for space shuttle tank‚Ä¶ https://t.co/fsQtVARrrp #Science #News https://t.co/Ikzb7Lp7ji
neg,#Obesity System Influence Diagram.  #science #health #nutrition #medicine #diet https://t.co/ynE4eKNvY7
neg,Check Out These Interesting Facts About Nuclear Weapons! https://t.co/0MBAwhmihS #Science #Nuclear https://t.co/8gw1obwWN4
pos,Yearlong spaceman plunges into pool: 'man that feels good' #news #tech #science https://t.co/Dkq1Z8jGxg https://t.co/WTCuNZUa8e
neg,Winning the water war starts with winning the battle on data #news #tech #science https://t.co/cjmIz9EhXb https://t.co/eAsnQVsO0z
pos,Thank you  @Marco_Cardinale for mentioning the #FortBraggCA #Noyo Marine #Science Center project:  https://t.co/pCn6OpsdiJ
pos,Check Out These Fascinating Theoretical Particles https://t.co/gjIOtOJu7v #Physics #Science https://t.co/xsbJSvpEs8
pos,#FLOTUS Michelle Obama inspires #school kids  #teachers  #gardeners &amp; me. #schoolyard #garden #outdoor #science   https://t.co/kan6BmwyDE
pos,Great Shift Gave Mars A New Face #science #space https://t.co/JUC28mFWRE
pos,Hello @virajtipnis Sincerely appreciate the follow! #vo #voiceover #science #drones
neg,We should be striving to work less  not toiling until we drop:       submitted by    /u/enlig... https://t.co/umtTJBR8DA #future #science
neg,Deadly Frog Fungus Spreads by Making Mating Calls Harder to Resist https://t.co/thnnWpAnvA #biology #fungi #science https://t.co/nKyKV9IASn
pos,Check Out These Interesting Facts About the Moon! https://t.co/tKvB40FciT #Science #Moon #Facts https://t.co/HsLuaRa2Ij
pos,Check Out These Interesting Facts About the Moon! https://t.co/ZxDCriKnRY #Science #Moon #Facts https://t.co/JgPW1qCgmX
pos,Check Out These Interesting Facts About the Moon! https://t.co/yQAWAlYlmN #Science #Moon #Facts https://t.co/FYjBJ4HiuZ
pos,Check Out These Interesting Facts About the Moon! https://t.co/ObtkqbCsvd #Science #Moon #Facts https://t.co/rgrTuA2Vyw
pos,Check Out These Interesting Facts About the Moon! https://t.co/bxKiCP1NRu #Science #Moon #Facts https://t.co/jwx4CpYCIY
pos,Check Out These Interesting Facts About the Moon! https://t.co/sGF36uyhHI #Science #Moon #Facts https://t.co/j9s2gqFfo2
pos,Check Out These Interesting Facts About the Moon! https://t.co/1k7yT9lN5M #Science #Moon #Facts https://t.co/Bz2K7m3pgU
pos,Check Out These Interesting Facts About the Moon! https://t.co/GpnVAi4Qbi #Science #Moon #Facts https://t.co/WKnQV1co6w
pos,Check Out These Interesting Facts About the Moon! https://t.co/5mFIuNmVWx #Science #Moon #Facts https://t.co/6ErdrE1SXJ
pos,Check Out These Interesting Facts About the Moon! https://t.co/1nD6PqoHmo #Science #Moon #Facts https://t.co/9ZiHbet6eJ
pos,Check Out These Interesting Facts About the Moon! https://t.co/wPXiIm84bX #Science #Moon #Facts https://t.co/ty5zj6Mj5M
pos,Check Out These Interesting Facts About the Moon! https://t.co/KWyfDAP42F #Science #Moon #Facts https://t.co/HsKSo1H8r8
pos,Check Out These Interesting Facts About the Moon! https://t.co/9FLl4i3y5s #Science #Moon #Facts https://t.co/imYOJhtwmD
pos,Check Out These Interesting Facts About the Moon! https://t.co/sc3fYB4OaI #Science #Moon #Facts https://t.co/N6ymfZ2hFN
pos,Check Out These Interesting Facts About the Moon! https://t.co/uw5y1xuda4 #Science #Moon #Facts https://t.co/GVhlYGAtBN
pos,Check Out These Interesting Facts About the Moon! https://t.co/lktzZVdtoq #Science #Moon #Facts https://t.co/gyxAmetSgW
pos,Check Out These Interesting Facts About the Moon! https://t.co/ShCHUluI3r #Science #Moon #Facts https://t.co/WwkUgaJac8
pos,Check Out These Interesting Facts About the Moon! https://t.co/0A6YeuUCfd #Science #Moon #Facts https://t.co/kjxswLLowJ
pos,Check Out These Interesting Facts About the Moon! https://t.co/AhDmxxSrRe #Science #Moon #Facts https://t.co/RWDa5SpMfL
pos,Check Out These Interesting Facts About the Moon! https://t.co/eZuVcKtLgr #Science #Moon #Facts https://t.co/ANP9IyTud4
pos,Check Out These Interesting Facts About the Moon! https://t.co/rR0f7288wD #Science #Moon #Facts https://t.co/7ZYBOWonuv
pos,Check Out These Interesting Facts About the Moon! https://t.co/9v2cxKCpbu #Science #Moon #Facts https://t.co/DFXYkFsqCz
pos,Check Out These Interesting Facts About the Moon! https://t.co/DXotMpErot #Science #Moon #Facts https://t.co/Elebq6AOjP
pos,Check Out These Interesting Facts About the Moon! https://t.co/J8v0TOJltN #Science #Moon #Facts https://t.co/eUUgr41UjT
pos,Check Out These Interesting Facts About the Moon! https://t.co/cjxWOMjYhY #Science #Moon #Facts https://t.co/kcYBMyfmc1
pos,Check Out These Interesting Facts About the Moon! https://t.co/R99rJnWsIL #Science #Moon #Facts https://t.co/cAIRJT7d6h
pos,Check Out These Interesting Facts About the Moon! https://t.co/yk9aTooyf3 #Science #Moon #Facts https://t.co/PwI6kyXZqK
pos,Check Out These Interesting Facts About the Moon! https://t.co/6XgNG05lSY #Science #Moon #Facts https://t.co/X7r2HsqY3z
pos,Check Out These Interesting Facts About the Moon! https://t.co/sGA7bs86uP #Science #Moon #Facts https://t.co/sCZkmyZSbu
pos,Check Out These Interesting Facts About the Moon! https://t.co/1hMDhH3EzL #Science #Moon #Facts https://t.co/vh2k3aFnCg
pos,Check Out These Interesting Facts About the Moon! https://t.co/I2astk1I5i #Science #Moon #Facts https://t.co/1pJwLBdkep
pos,Check Out These Interesting Facts About the Moon! https://t.co/SYT8Vn1wvc #Science #Moon #Facts https://t.co/XgsUSez01I
pos,Check Out These Interesting Facts About the Moon! https://t.co/M3PYyHNjFR #Science #Moon #Facts https://t.co/7waxVycIyQ
pos,Check Out These Interesting Facts About the Moon! https://t.co/VeQEmMeLUw #Science #Moon #Facts https://t.co/ZdobEdCLik
pos,Check Out These Interesting Facts About the Moon! https://t.co/646CbK4mJJ #Science #Moon #Facts https://t.co/gQYXS8qVzd
pos,Check Out These Interesting Facts About the Moon! https://t.co/bbJ0uXqRRv #Science #Moon #Facts https://t.co/DAOc0bHeI9
pos,Check Out These Interesting Facts About the Moon! https://t.co/ZXjJoeHGAp #Science #Moon #Facts https://t.co/N0labMaPqQ
pos,Check Out These Interesting Facts About the Moon! https://t.co/kGrjqIsZUu #Science #Moon #Facts https://t.co/cegq8z5pbI
pos,Check Out These Interesting Facts About the Moon! https://t.co/QDDQLSCPRq #Science #Moon #Facts https://t.co/F4nb102QhJ
pos,Check Out These Interesting Facts About the Moon! https://t.co/CCGKIn0a5Y #Science #Moon #Facts https://t.co/qVSsMoUD3B
pos,Check Out These Interesting Facts About the Moon! https://t.co/msuQFAhFbU #Science #Moon #Facts https://t.co/XsDnRGlWvc
pos,Check Out These Interesting Facts About the Moon! https://t.co/PCN0akhGsD #Science #Moon #Facts https://t.co/qNICeXpcmz
pos,Check Out These Interesting Facts About the Moon! https://t.co/Z6XleOTxvo #Science #Moon #Facts https://t.co/rdVLRNSysr
pos,Check Out These Interesting Facts About the Moon! https://t.co/cxZv1xp88X #Science #Moon #Facts https://t.co/pe27knIDpg
pos,Check Out These Interesting Facts About the Moon! https://t.co/ghmzDILzoL #Science #Moon #Facts https://t.co/07zwpAO7vN
pos,Check Out These Interesting Facts About the Moon! https://t.co/U4lklvj7FA #Science #Moon #Facts https://t.co/2xIuR0h5ct
pos,Check Out These Interesting Facts About the Moon! https://t.co/Pn9nJZbCrO #Science #Moon #Facts https://t.co/IxgTFLLImf
pos,Check Out These Interesting Facts About the Moon! https://t.co/Zwo8BOn0Fg #Science #Moon #Facts https://t.co/vxIMjMdnzk
pos,Check Out These Interesting Facts About the Moon! https://t.co/bniNNUXuzO #Science #Moon #Facts https://t.co/3Vn1Y6lo0i
pos,Check Out These Interesting Facts About the Moon! https://t.co/Owc6IIAO1t #Science #Moon #Facts https://t.co/lielKGkwze
pos,Check Out These Interesting Facts About the Moon! https://t.co/T58H5Ai7H7 #Science #Moon #Facts https://t.co/TgEy714BXb
pos,Check Out These Interesting Facts About the Moon! https://t.co/ni4l5r9Azf #Science #Moon #Facts https://t.co/rhiMbk9reC
pos,Check Out These Interesting Facts About the Moon! https://t.co/tLp2E2mz4G #Science #Moon #Facts https://t.co/2rSnevHzXC
pos,Check Out These Interesting Facts About the Moon! https://t.co/D9jCUtZ3pO #Science #Moon #Facts https://t.co/Om0Mj9rtF6
pos,Check Out These Interesting Facts About the Moon! https://t.co/U7yrZZdPoG #Science #Moon #Facts https://t.co/O0dK8tvRMM
pos,Check Out These Interesting Facts About the Moon! https://t.co/nxTtZAwkVj #Science #Moon #Facts https://t.co/Uv9ZZapScx
pos,Check Out These Interesting Facts About the Moon! https://t.co/69ZqmqsBIJ #Science #Moon #Facts https://t.co/xsc6ZvkCjI
pos,Check Out These Interesting Facts About the Moon! https://t.co/kWCiPeS0U3 #Science #Moon #Facts https://t.co/SyQlFWCsPa
pos,Check Out These Interesting Facts About the Moon! https://t.co/f8n3b5ah3j #Science #Moon #Facts https://t.co/9Rsu0fTHyH
pos,Check Out These Interesting Facts About the Moon! https://t.co/VgbXMqxExW #Science #Moon #Facts https://t.co/Ah3JZbRHfR
pos,Check Out These Interesting Facts About the Moon! https://t.co/iGTay7fEXm #Science #Moon #Facts https://t.co/rVdb78CDwa
pos,Check Out These Interesting Facts About the Moon! https://t.co/TS3Cafek5h #Science #Moon #Facts https://t.co/i1IRh81gba
pos,Check Out These Interesting Facts About the Moon! https://t.co/JCTlubgt1o #Science #Moon #Facts https://t.co/FidOvGPYuV
pos,Check Out These Interesting Facts About the Moon! https://t.co/bpNSu2KOKf #Science #Moon #Facts https://t.co/OALpUH2gN9
pos,Check Out These Interesting Facts About the Moon! https://t.co/eEFOBMYzsk #Science #Moon #Facts https://t.co/Yy7jfFsiKJ
pos,Check Out These Interesting Facts About the Moon! https://t.co/QsFkui4HM5 #Science #Moon #Facts https://t.co/IUOqtb96iY
pos,Check Out These Interesting Facts About the Moon! https://t.co/pbamQEjtnl #Science #Moon #Facts https://t.co/FzdiDQH8SU
pos,Check Out These Interesting Facts About the Moon! https://t.co/MBdT2QEP1C #Science #Moon #Facts https://t.co/AMqC99OCYB
pos,Check Out These Interesting Facts About the Moon! https://t.co/Vufl007kOE #Science #Moon #Facts https://t.co/sptnvCy6aZ
pos,Check Out These Interesting Facts About the Moon! https://t.co/Z9v1E9IASp #Science #Moon #Facts https://t.co/oVfjVixUZ1
pos,Check Out These Interesting Facts About the Moon! https://t.co/XYP5lR0XoT #Science #Moon #Facts https://t.co/XWMx5brLQE
pos,Check Out These Interesting Facts About the Moon! https://t.co/zvxD94E4ra #Science #Moon #Facts https://t.co/kcH5EXhmHb
pos,Check Out These Interesting Facts About the Moon! https://t.co/MUlDmO2WAi #Science #Moon #Facts https://t.co/XFg0gIDLLG
pos,Check Out These Interesting Facts About the Moon! https://t.co/G5Cq1yBCey #Science #Moon #Facts https://t.co/lf18HJxlHk
pos,Check Out These Interesting Facts About the Moon! https://t.co/3NxGD3foOe #Science #Moon #Facts https://t.co/GdVicA8PUP
pos,Check Out These Interesting Facts About the Moon! https://t.co/10mZckkrHu #Science #Moon #Facts https://t.co/ComANMg9K1
pos,Check Out These Interesting Facts About the Moon! https://t.co/z1pa7Azbgy #Science #Moon #Facts https://t.co/Bx7QuI52bV
pos,Check Out These Interesting Facts About the Moon! https://t.co/AI2AX1hfG5 #Science #Moon #Facts https://t.co/CqW47oK3D1
pos,Check Out These Interesting Facts About the Moon! https://t.co/4jv0PFdLfM #Science #Moon #Facts https://t.co/ZiXS3PWPUO
pos,Athletes thanking their imaginary friends for a 'gift' is getting pretty tired. #science #education #intelligence
neg,How exactly do you rein in a wildly powerful AI before it enslaves us all?: Oxford uni eg... https://t.co/Ce9ef0kd2B #science #innovation
pos,Check Out the Coolest Elements on the Periodic Chart! https://t.co/D3C4tZIkvq #Science https://t.co/NctOfNnt0w
pos,Research explains success of extremist politicians #news #tech #science https://t.co/lm0gBTuPix https://t.co/IeQeVJKeQw
pos,https://t.co/LcplhFvvsS happilysteadystarfish:  Super Star ¬†GALAXY001//‚ÄÇ002// 003//004//... #science #space
pos,Maybe the next one to join the club should finally be #information and #computer #science better late than never https://t.co/H8PGSef2t8
neg,#biotech #science #news #biotech Genfit bags ‚Ç¨50M as IPO plan simmers; British biotechs form cancer JV; Zealan... https://t.co/ieye5L8y70
neg,#research #science #news #biotech Genfit bags ‚Ç¨50M as IPO plan simmers; British biotechs form cancer JV; Zeala... https://t.co/BxAJhEsOhc
neg,Radiotherapy for prostate cancer raises risk of new tumours #news #tech #science https://t.co/zc1nKiTESF https://t.co/tnhhpTpbFJ
pos,Research suggests dodos might have been quite intelligent #news #tech #science https://t.co/0P4iFFMyAL https://t.co/0rLLrkyg3Q
neg,The Fact That None Of The 2016 Presidential Candidates Have A #Space Policy Is Tragic https://t.co/rm5eKrnpS4 #science
neg,Papyrus scraps tossed on a rubbish tip thousands of years ago are giving up their secrets https://t.co/1JC8qav2Uw #Science #history
pos,#science For Everglade wading birds  security comes with a price (+video) - Christian S... https://t.co/pbx0SuMybd https://t.co/gD6T92GDWl
neg,Watching @frontlinepbs documentary on antibiotic-resistant bacteria while I draw...scary. https://t.co/K7FnbwGGRn #Science #Bacteria #Health
neg,#PubliVentasMcbo #Science - Inhaling nitrous oxide stops thoughts of traumatic events... https://t.co/ycMldXmtnM ‚Ä¶ https://t.co/cjWZLMCwUu
neg,Top #science story: About 40% of economics experiments fail replication survey ‚Ä¶ https://t.co/EKXHptqx5T  see more https://t.co/zYmGuZ3rN9
pos,so cool! #music #science #bertrandsmusic  https://t.co/XloJzxsthx
pos,Great Quotes About Science! https://t.co/F0lhCkHQTv #Science #Quotes https://t.co/c4b7jWSKiv
neg,#Science - Inhaling nitrous oxide stops thoughts of traumatic events... https://t.co/Fg5fhYItT4 via @Discover_News_ https://t.co/Rq8J7eFEhN
pos,Mysterious #chimpanzee behavior https://t.co/ek8vqnnbai may be evidence of sacred rituals.   #Science inspires! https://t.co/xawPZNiwK2
neg,The #science confirms that a #woman is #man as well and vice versa only the society tells you that you are a 'woman' https://t.co/w3mp8oRUAW
pos,Scientific research can conclude that my kisses are very nice #science
neg,The mistakes‚Äîthe problems people have‚Äîare important. We have to reify problems. @jywarren #community #science
pos,(Best Sales) Research Associate - 2Tshirts (Best Sales) Research Associate https://t.co/w7y3Im8UUb #bacon #birthday #funny #humor #science
neg,Hey  is your pH greater than 7... because you're basic. #burnnnn #comeatmebruh #science
neg,"Here's a radical idea. Let‚Äôs listen to the scientists  not the politicians." - @BernieSanders #BernieInNE https://t.co/J1Pwr2c9HK #science
neg,Report cites dangers of autonomous weapons | nytimes #news #tech #science https://t.co/ERMZPrf0NO https://t.co/KC3h1iHIsQ
neg,Oldest Nervous System Found in 520-Million-Year-Old Fossil - #evolution https://t.co/iXLZrKdEqY #science
pos,Check Out the Coolest Elements on the Periodic Chart! https://t.co/R4N1k1sR5p #Science https://t.co/2adoiGfZ2O
neg,Infrared sentry drone stays hot on the trail of missing hikers #news #tech #science https://t.co/6NYJaykmL6 https://t.co/gERwKq1C3r
pos,8 Stunning Science Videos for Igniting the Imagination https://t.co/TXKSfaaNaU via @glodigcit #science
pos,Only #SCIENCE would have the gall  impudence  audacity  cockiness  &amp; nerve to #GEO_ENGINEER #GOD's perfect creation https://t.co/JdgEoNvNC9
pos,Hooray for a girl's #toy that is cool &amp; comes with #SCIENCE experiments! https://t.co/4yLSlrGB5N #AboutTime https://t.co/sLAvyaeR0Y
pos,Gah! Would love to do this! #science #policy  https://t.co/velHk8bX5e
neg,Revolutionary New Cell Type May Hold Key To Treating Heart Failure https://t.co/wY61bMW0GK #science https://t.co/d1bjf1gGry
neg,How Gut Microbiota Impacts HIV Disease https://t.co/UC1iXMrqcm #science
pos,#Science https://t.co/ukHGrLHsIM Cornell researchers unveil octopus-like soft robot skin that can stretch 500%  sense touch  and can glow ‚Ä¶
neg,Psychology is in crisis over whether its in crisis #psychology #science https://t.co/OsEvuIijFV
neg,'The Electric Car Revolution Is Finally Starting' https://t.co/FLho0BDIBp #green #alternative #science #xbb
neg,Sometimes  Evolution sucks tee shirt https://t.co/LRfOwYGTJ0 #evolution #science https://t.co/d9OHi2RAN7
neg,THIS IS CRAZY. It's a little long but save it to your browser and watch it when you have time. #Science #cancer https://t.co/IOaM6yBnnI
neg,Oldest Nervous System Found in 520-Million-Year-Old Fossil https://t.co/mjNm1fV9Pq #science
neg,It's about damn time that we  listened to our scientists! #Science #BernieSanders #FactsnotFear #SupportEarth https://t.co/bx7gDXsFMv
pos,Get smart with the CJ team - this week's feature is on #science in ancient India! #getcultured https://t.co/8zSzpt5rGS
pos,@afisch01 @StationCDRKelly @PBS #science is amazing! She is glued.
neg,Q&amp;A: What Really Happened to the #Water in #Flint  #Michigan? https://t.co/9hkdz4nFJ2 via @sciam #science #Governance #Failure
neg,Our fellows and associates Teaching kids about #energy and #disease #ecology #stem #outreach #science https://t.co/j7wepOrNwO
pos,A mini science girl in the making.   Science is so cool &amp; it's so cool that some kids think so too.  I love #science https://t.co/tclfRuih09
pos,2my üê• ‚¨á \ can I save it all with #quantum #science &amp; #math \&amp; the üîÑ was to define always revolving #quantify old2new with #computing #logic
pos,Video: the smartphone that you can bend #news #tech #science https://t.co/isLpY3SB3h https://t.co/yUZtndEzP7
neg,Us bank #hacker faces long jail term #news #tech #science https://t.co/pUEEGe6D5r https://t.co/aA9ohCcdcN
pos,#PubliVentasMcbo #Science - Can babies get looks from their mother's ex-lovers? Study... https://t.co/CLEKbaFvXM ‚Ä¶ https://t.co/qi4gsMTadO
pos,(Rain)cloud computing: Researchers work to improve how we predict climate change: Rao Kotamarthi and ... https://t.co/OwhZp9baw6 #Science
pos,#Science - Can babies get looks from their mother's ex-lovers? Study... https://t.co/o6s0DkHE8t via @Discover_News_ https://t.co/CK0vlsV89G
pos,#Science Cornell researchers unveil octopus-like soft robot skin that can stretch 500%  sense touch  and can glow ‚Ä¶ https://t.co/PoswbBo3BM
pos,[Best T-Shirts] Chemistry Colors from (ManInBlue) [Best T-Shirts] Chemistr https://t.co/uzTViaDopF #bacon #birthday #funny #humor #science
pos,Well: Learning a New Sport May Be Good for the Brain https://t.co/n6AyId2AIC #Sports #Science #MFCSP
neg,Stay on target with these crocheted x-wing fighter blankets #news #tech #science https://t.co/9sDwMXb7A4 https://t.co/7WqbzV3z9g
pos,#Science serving #Faith  either #religious or #atheistic  is #Scientism. See https://t.co/hbKTeFbQxL  #education #research #politics
neg,Metroid Prime: Federation Force Is Fun and All  But It‚Äôs No Metroid https://t.co/OBRxX6F14u #science https://t.co/sb9F4q5L6A
pos,Can't even go to the bottom of the sea to get some peace &amp; quiet. #parenting #humor #science  https://t.co/I3NV6pJDrK
pos,Brilliant. Because #science.  https://t.co/V98DsOEZmu
neg,Study that undercut psych research got it wrong via /r/citral https://t.co/9v25Tu37x2 #science
pos,Here‚Äôs why the recent changes to NSW cycling laws may be a good move https://t.co/YSVsOIXcsV #science https://t.co/GqnktGJgtL
neg,Puerto Rico's Growing Financial Crisis Threatens Health Care  Too https://t.co/QknnrZ6dtN #science https://t.co/9Ad4G8jSfw
neg,Cannabis use in psychotic patients linked to 50 percent higher hospital admission risk https://t.co/g3Gvb5BLAI #science
neg,Increase in the number of dog attacks on guide dogs in the UK https://t.co/celAx0pFRu #science
neg,High daily coffee consumption may lower MS risk https://t.co/GOEDFswdMO #science
neg,New maps reduce threats to whales  dolphins: Biologists have created highly‚Ä¶ https://t.co/5zZHTUhlnX #science https://t.co/nAAgAkHZdX
neg,A very interesting article on pain. #pain #bodyknowledge #science https://t.co/WtSXOtal4P
pos,#Science is impressive. Most impressive. @TheSTEMulus w/@StephEvz43! Subscribe- https://t.co/hYxi1lHgQV #GIFParty https://t.co/ufv6SEGCqM
neg,Immunologists find new ways to beat the ‚Äòbad guys‚Äô #news #tech #science https://t.co/7w5boVn21p
pos,"Brains  Minds  AI  God: Marvin Minsky Thought Like No One Else (Tribute)" https://t.co/SZfvwhtTpP #science
neg,Oldest Nervous System Found in 520-Million-Year-Old Fossil https://t.co/F7ksl9SsYC #science
pos,Complaining rewires your brain for negativity @entrylevelrebel https://t.co/aJ1zmsUs8I via @Inc #health #science #happiness
pos,Congrats  Oxford High  for taking 40 awards as well as trophy for "Best High School" at MSEF Region VII! #science https://t.co/BktWtJ6Cm0
pos,I've lost 9 lbs despite eating 200+ grams of protein a day lol #science https://t.co/KgfCpfyYGB
pos,Healthcare security with the wave of a wand #news #tech #science https://t.co/gOyQGsbU1i https://t.co/g3Ie2rbU6r
pos,What the Earth would look like if all the ice melted? https://t.co/EmRxONl84D #Earth #climatechange #science #ocean https://t.co/t3gH5cfNQG
pos,#MedicalScience :-) Freshmen explore possible future in health care: ‚ÄúKids understand ther... https://t.co/pY5eyvIEoG #Science #UniteBlue
pos,#MedicalScience :-) Johnson &amp; Johnson opens state-of-the-art science lab at Texas...: HOUS... https://t.co/UM7WQAacuS #Science #UniteBlue
pos,#MedicalScience :-) Medical seat racket busted  2 engineers  teacher held: Medical seat ra... https://t.co/BJoSteUEiU #Science #UniteBlue
pos,#MedicalScience :-) Professor Rocky Tuan Appointed to Orthocell Advisory Board: ... Orthoc... https://t.co/toQI8PbiBD #Science #UniteBlue
pos,#MedicalScience :-) CHI St. Joseph Update On Three Projects: CHI St. Joseph Health and Tex... https://t.co/TZ0RXCcXVp #Science #UniteBlue
pos,#Scientific analysis reveals Vincent #vanGogh‚Äôs true colors: https://t.co/AWOvTol2Ai #art #science #color https://t.co/kiSqIB45rJ
neg,These tiny saber-toothed terrors are among the world's oldest ants #science #fossils https://t.co/2jXZKccjGZ https://t.co/k45UtJjw1Q
neg,These tiny saber-toothed terrors are among the world's oldest ants #science #fossils https://t.co/wfDoK9Db4U https://t.co/Cc0FgbbFQr
neg,We can afford to lose more genes than we‚Äôd thought https://t.co/JdAMzMhrPR #science https://t.co/tzuvAR7YLJ
neg,French  Spanish  German ... Java? Making Coding Count As A Foreign Language https://t.co/kiTsc57LMp #science
neg,Great news for those suffering from ulcerative colitis! https://t.co/muiNpI4OAN  #health #nutrition #science #resveratrol #supplement
pos,The LaTeX figure dance continues its joyless march. #science
neg,Science has proven gravity as Isaac Newton described to be incorrect. Why are we still teaching it? #science
neg,Google self-driving car caused its 1st accident #news #tech #science https://t.co/VjarU3igbG https://t.co/dGlE6LQ9aX
pos,No one has even been this excited to see #Ontario #Premiere #Wynne #awkward #science https://t.co/uEUxcErv5L
neg,10 Science Facts That  Are Totally Wrong https://t.co/p1Sbw9q9xn #science via @NEATBUZZ
pos,#Diabetes can be cured by specific diet. Great audio iview with #bloodsugar guy @DrMichaelMosley #science https://t.co/2vGfO3ZvIk
pos,#Science agrees that everything is made up of vibration... we vote to resonate with #Love! https://t.co/uB3hs0DG8z https://t.co/kqcwXXN28j
neg,#Science Baltimore school officer who slapped teen under criminal investigation odor biomarker for... https://t.co/Zaz3ifwAQV
neg,@pushpowerme &gt; #Science Get it.Read it. The Science of Stress and How Our Emoti‚Ä¶ https://t.co/9vPGFFAUDx  see more https://t.co/EiZluNngb8
pos,I don't know what is happening in this picture  but I love the possibilities. #science #art #experiment https://t.co/mcuCr8zcoF
neg,@gonzalezgricel: #Teens do better in #science when they know #Einstein and #Curie also struggled https://t.co/uv2JMG0YvO Via @qz
pos,3 of the best sounding bluetooth speakers #news #tech #science https://t.co/oJgzXun8SX https://t.co/m0Gft0hYb9
neg,Check Out These Interesting Facts About Nuclear Weapons! https://t.co/dfp965myHt #Science #Nuclear https://t.co/Q22eXOZfOn
neg,Machines That Tell You When Theyre Sick https://t.co/8ywEv5fdKm #science https://t.co/Ie3uQ4WT5f
neg,Three moon sloth-bots w/@ToddDisotell #evolution #science #talkingshit #sloths #robots #anthropology @nyuprimatology https://t.co/OrLz2Rifn2
neg,SEX MATTERS...!!! Scientists still fail to record age and sex of lab mice https://t.co/dTIhPK8tMW #science #mice #sex
neg,SageLinQ #Science Fifty shades of gray (or #more): gene for graying hair identified  https://t.co/fYWWR9s6oT https://t.co/4X55r1kEMs
neg,Parasites help brine shrimp cope with arsenic habitat contamination #news #tech #science https://t.co/1idICUh0A2 https://t.co/JzVXEDrUOg
neg,5-year-old genius is alleged to be telepathic https://t.co/aHPzUFmq6p #science https://t.co/ermWV0grSm
pos,#Ecosystems are complex &amp; specific; but just got a little easier to understand  with this gorgeous #science video. | https://t.co/UEY4AGexfu
pos,More good news from #science  steady work  solid research &amp; #hope blossoms https://t.co/6ENTw2QDIm
neg,Still doubt we will see a cure soon. https://t.co/gFnZv6LE8p #cancer #health #science
neg,SageLinQ #Science #Musk's #SpaceX rocket launch canceled at final countdown  https://t.co/spMjGBKfrj https://t.co/SDyYBXTFaz
neg,Challenged my class today with the differences between deposition  weathering  and erosion. #gkbgameon #science https://t.co/Sgv9ynMpJ9
pos,Abstract seems fine for now... I'm sure I'll wake up in the middle of the night and tweak it. #science
pos,#Science-Fiction -New Sky https://t.co/deoXrmWArp - Eyes of the Watcher #Adventure #Space-Marines #Amazing
neg,#DIY: @McDonalds #HappyMeal Boxes as #VirtualReality Headsets https://t.co/aPjTa3ZHWj https://t.co/TRTpBZ6eBk  #ICYMI #tech #science #food
pos,SageLinQ #Science Virtual reality 'heroin #cave' aimed at helping addicts kick habit  https://t.co/2qFEIn6FIE https://t.co/3AFOO7mmR1
neg,fat men have tiny dicks and fat women have huge vaginas #science
neg,SageLinQ #Science China to launch second space lab in #third-quarter: #state media  https://t.co/uq20e0W9kD https://t.co/zpCvCBvO7P
neg,I thought I was having an anxiety attack when I was really just drowning myself in carbon dioxide. #science #cankillu
neg,Bad Policy Could Cripple Energy Innovation https://t.co/D3qkVNDVNT #science
pos,[Best Sales] showroom - (Bazaar) [Best Sales] showroom - (Bazaar) Design https://t.co/PKTQn98Om8 #bacon #birthday #funny #humor #science
pos,Local students win top #science fair awards #Science... https://t.co/0H65JTsk8f
pos,Excedrin separation TLC. Caffeine  aspirin &amp; acetaminophen all came out pure! üòÑ #science‚Ä¶ https://t.co/KV8lRx3q8B
pos,Students interacting with Arctic scientists! Awesome! #polarICE_Ed #science #education  https://t.co/YI2LDQb5q0
pos,[Best Sales] DAD T-Shirts and Hoodies . (3Tshirts) [Best Sales] DAD T-Shir https://t.co/d9l14Ed2tV #bacon #birthday #funny #humor #science
pos,Crushing rocks  sieving lots of zircons (I hope)!! #geology #science #PhD https://t.co/qs34656W2i
pos,Theory predicts and explains much. Gotta appreciate #science The rise of American authoritarianism https://t.co/FNOXGGUSj7 via @voxdotcom
neg,ENTRY 11: The experiment was a failure. No additional porn bots have followed my account since entry 10. #science
pos,Denying #science is in many ways denying people the right to a better life: https://t.co/pMxKDbbHLY #GMOs #climatechange via @robbfraley
neg,This is tragic and short-sighted. https://t.co/fzlWwoKz5B #Space #Science
neg,The immune system: the great new hope of cancer treatment https://t.co/KGFIggYcm8 #science https://t.co/UMIyaePJBf
neg,It's gonna go to your boobs fool. #science https://t.co/KukkJ1KS7q
neg,#science There goes the neighborhood: Changes in chromosome structure activate cancer-causing genes https://t.co/mRouYOHCkT #news #tech #c‚Ä¶
pos," (Rain)cloud computing: Researchers work to improve how we predict climate change: Rao Kotamarthi an... https://t.co/373Kewyx4N #science
pos,#science (Rain)cloud computing: Researchers work to improve how we predict climate change https://t.co/mRouYOHCkT #news #tech #ciencia
neg,#science Cancer expert says public health  prevention measures are key to defeating cancer https://t.co/mRouYOHCkT #news #tech #ciencia
neg,The #answer to today's #question is a physicist.       #Science #Trivia #Tryit #Quiz
pos,Coral reefs class. Field work is the best work üòå #hawksbill #seaturtle #marine #science #m‚Ä¶ https://t.co/JUPi5eONlD https://t.co/mMhxijS9P4
pos,Vr is more than merely improved gaming #news #tech #science https://t.co/lAMWIvuWI6
neg," Iditarod Has to Import Snow in Warming Alaska: A lack of snow is affecting Alaska's iconic sled dog... https://t.co/Ck9EjDLEfy #science
pos,Check Out These Interesting Facts About the Moon! https://t.co/msuQFAhFbU #Science #Moon #Facts https://t.co/Ho1U1U6iSA
neg,"For love we live  for love we die. Love is God." Einstein #science #love
pos,#citizenscience  like any #science needs well thought out project design @CitSciOZ #ala https://t.co/PaE4Q9UDui
neg,NASA Studies Tree Rings to Show Eastern Mediterranean Drought Worst in 900 Years: A new NASA study finds‚Ä¶ https://t.co/5LMI2WgvYY #science
neg,Infrared sentry drone stays hot on the trail of missing hikers #news #tech #science https://t.co/6NYJaykmL6 https://t.co/auvf893iAY
neg,There goes the neighborhood: Changes in chromosome structure activate cancer-causing genes  https://t.co/OVLkV8UYh9 #science #health
pos,(Rain)cloud computing: Researchers work to improve how we predict climate change  https://t.co/exrAZhN2vu #science #health
neg,Cancer expert says public health  prevention measures are key to defeating cancer  https://t.co/pT3KD2A9RG #science #health
pos,Can Cannabis Treat Epileptic Seizures? https://t.co/axHTPNlH8u #science
neg,5 Years Later  the Fukushima Nuclear Disaster Site Continues to Spill Waste https://t.co/LPaoGOHUtl #science
neg,Tech rivals join #apple's legal fight against fbi #news #tech #science https://t.co/lV8XfWrOsK https://t.co/Y1RohSGq4A
neg,Genetics of cancer tumours reveal possible treatment revolution https://t.co/ZOI6PGB7Xo #Cancer #Science
pos,So excited! #PBL #incubation #science #chickenlove #leghorns @ George Rogers Clark High School https://t.co/x7VDY3053e
pos,Are White Holes Real? https://t.co/03IeVWz9Fs #space #whiteholes #universe #strange #physics #science #cool https://t.co/gLjGYxyzls
neg,A documentary on #Alien contact.  #science #FridayFeeling  #tsemtulku #YouTube  #UFO  #ParanormalFantasy  https://t.co/at7qbnv2VZ
neg,This journal has structured abstracts. Ugh. "Method"? #science
pos,Nice!! #brain #machine #interface  #controlwithyourmind #neuroscience #science  https://t.co/83uNVWmvma
neg,Mens res. Intentional harm. Moral evil. Can these terms be objectively reformulated? See https://t.co/SQC9l02sbC  #education #science #law
neg,Ulc #robotics lowers pipeline maintenance perils and costs #news #tech #science https://t.co/YsyTBkozVP
neg,Self-cleaning airplane bathroom makes flying less germy https://t.co/kkcwoZDLDg #science https://t.co/Gzd6rGJ8bH
pos,Great piece on @bustle that quotes #casualsex #science expert  @DrZhana &amp; mentions @CasualSexProj!! https://t.co/N50GDtpWYQ
neg,Bad Policy Could Cripple Energy Innovation https://t.co/EP4hUE0khK #science
pos,This makes me happy üëçüòù If science says so... üç∑üç∏üçπüçæ  #science #nutrition #NutritionMonth #booze #fitness #health #life https://t.co/dZQOG2OI5m
pos,Check Out These Interesting Facts About the Sun! https://t.co/Iwt5s8SEg6 #Sun #Facts #Science https://t.co/byN7aXdreS
neg,Every person in #Texas should watch. Scary crazy. #Education #Science #Sex #GOPFail https://t.co/XyOhS8HE7i
neg,Then the LORD answered Job [and arrogant human mind-worshippers] from the whirlwind: https://t.co/clDXJiUlu6 #science #faith
pos,@sciam @ASA3org  The great cosmic conspiracy https://t.co/hdwEptPZ71 #science #philosophy #apologetics https://t.co/M9doiQ0Hku
neg,Obesity's Toll: 11 Million Doctor's Visits Yearly https://t.co/7XC74lw3CC #Science #Technology https://t.co/dcKUzI5YI0
pos,So excited to watch this tonight!! https://t.co/OjHdIb2TBC #science #sport
neg,Triple entanglement feat adds new twist to quantum cryptography. #science https://t.co/2iPoUOuOqD
pos,Watch Scott Kelly and¬†Mikhail Kornienko¬†Plummet to Earth. #Tomball #realtor loves #Science and math. https://t.co/PRQ6uIunqG
neg,Amazon under fire for dumping encryption for Kindle Fire tablets        #science  https://t.co/7w5hnS7rly https://t.co/Hsh4u0GuKc
neg,#Sleep and #science: https://t.co/yu2kf0JLlk People are more likely to have conflict on days when they slept poorly the night before.
pos,#Science is cool.   After a year in space  #ScottKelly returns 2 inches taller https://t.co/OXK6HtsjLi via @usatoday
neg,#science #health Is investment in research to develop new treatments the best approach to controlling cancer? ...  https://t.co/9qVXOxr7i8
neg,#science: Cyanuric acid is commonly used to stabilize chlorine in pools. Researchers have ‚Ä¶ https://t.co/ClBdYvV6pu https://t.co/ZhU0nO6uHG
pos,Moving towards a Martian future..A one year 'holiday' for the scientific greater good?Count me in! #Science #travel https://t.co/ecYsI0osAv
neg,#Science #Technology #HiTech [Errata] Erratum for the Review ‚ÄúSomatic mutation in cancer and normal cells‚Äù by I... https://t.co/C6lTXePVjK
pos,The Tesla Turbine &amp; How it works https://t.co/aQhAVvbwL9 #teslaturbine #Tesla #perpetualmotion #science #fun https://t.co/RcpYId95HS
pos,A.MA.ZING! Glad I wasn't on the post-production clean up crew! #Science #ZeroGravity @okgo @scifri  https://t.co/eAMofpMSEh
pos,#FREE https://t.co/Ya0baYYXbU  Have it all in your hands #cocktails #wine #beauty #Sephora #love #sex #crime #romance #science #Whodunit
neg,Hubble Telescope spots the farthest galaxy seen in the known universe https://t.co/NJuKnTP5Vb 13.4 billion light years away! wtf! #science
pos,[Best Discount] Last chance - I Cant Keep Calm  I Work At PANERA BREAD CO https://t.co/CpLJTLwe8v #bacon #birthday #funny #humor #science
neg,SageLinQ #Science At the #ocean's deepest point  you might expect #silence--but not so  https://t.co/NfPByGvwgp https://t.co/gZpCNVRzfC
neg,#Texas #Education Fail @GovAbbott @texlege #Science #ClimateChange #GOPFail  https://t.co/ZeeVCrFwqS
pos,@ThePoachedEgg  The great cosmic conspiracy https://t.co/hdwEptPZ71 #apologetics #sciencefaith #science
neg,SageLinQ #Science Massive volcanic explosion reshaped Mars  https://t.co/YGBoPnTWe9 https://t.co/GAWSa62syQ
neg,SageLinQ #Science This tiny dragonfly flies a #record-setting distance  https://t.co/4MUekGfzCq https://t.co/poQEUkCq2H
pos,MSU discovers a new kind of stem cell: Scientists at Michigan State University have discovered a new ... https://t.co/XPbqrFROoT #Science
pos,Links for 2016-02-19 [delicious] #news #tech #science https://t.co/4cfSPErfim
pos,[Deal of the Day] run princess . (3Tshirts) [Deal of the Day] run princess https://t.co/S23sRvQvS9 #bacon #birthday #funny #humor #science
neg,Scientists 'find cancer's Achilles heel' https://t.co/YvtPVjTSRp #science
neg,SageLinQ #Science Scientists unraveling mystery of rare whales off #Madagascar  https://t.co/C0qUdBvSHg https://t.co/JOFeCJlH9H
pos,@BBCScienceClub  The great cosmic conspiracy https://t.co/hdwEptPZ71 #science #sciencefaith https://t.co/JjFiuLp45N
pos,Happy events can trigger cardiac arrest https://t.co/zIGTNSVZYM #Science
pos,#TimeTravel is possible! Change your past and watch your #reality change around you. This is cool! https://t.co/DuhRjZPFHB #quantum #science
pos,Understand better by learning in 3D VR #edtech #mhealth #science https://t.co/EvoFwFRdaq https://t.co/cF3MctEKb4
neg,Drought in Eastern #Mediterranean worst of past 900 years ~ https://t.co/YOMlN9SU0d #nature #ecology #science
neg,SageLinQ #Science #Usama bin Laden wanted #America's youth to fight climate change  https://t.co/wNuZuuKsiv https://t.co/htCHgt71ms
pos,Thanks mohammed for following Brainstorm Psychology! Visit https://t.co/f1oW7O0ZiD #mentalhealth #science
pos,LG developed a flexible 18-inch OLED TV display you can roll up like a newspa https://t.co/9zlkIriTFS #science #technology #uncategorized
neg,The #Religion of #Science https://t.co/Qe6MzYQMFg #Freedom or #Obedience? #CriticalThinking is #Being human...
pos,Slovenian 'dragons' begin to stir: Ancient cave salamander lays eggs https://t.co/RXIC0bawNc via @MailOnline #dragons #science #nature #cool
neg,Climate Change-Ruined Crops May Cause Half A Million Deaths In 2050 https://t.co/HqDYVHrldH #science https://t.co/Gtu8Kd30kH
neg,#dentistry lies not only on #science #engineering n #architecture . #goodlongterm #RESULTS #drkamsiah #KL #Malaysia https://t.co/QO6pYntlbg
neg,yes fuck big oil #science
neg,Many World Religions Fail the Origin of the Universe Test https://t.co/Zyf1rVZv3G #religion #science #apologetics
pos,"What A Wonderful World" :)  Scott Kelly's stunning photos from a year in space https://t.co/i9CqiKiNA7 #science via @CosmosMagazine
pos,What the Deepest Spot in the Ocean Sounds Like #Science https://t.co/rh0T1mbKIQ
neg,Happy Events Can Spur 'Broken Heart Syndrome' #Science https://t.co/7NzJCkiwXs
pos,Happy events can trigger cardiac arrest https://t.co/hn6PPVpZSo #Science
neg,Errors marred 2015 study that questioned psychological research #Science https://t.co/c0xCuRsHJ7
neg,Alien Planet May Have Kicked Its Neighbor Into the Sticks #Science https://t.co/g9rPV9d2Jd
pos,And more good reading https://t.co/j2O7AEojsL #psychology #science
pos,In celebration of opposable thumbs.... https://t.co/D1ffrvr2mS #CatsOfTwitter #thumbs #cats #science #memes #catlore https://t.co/S3bk09YWQK
pos,#YouNeedJesusNews: Genetic 'Adam' and 'Eve' Uncovered https://t.co/zNO3Q2RevQ via @LiveScience #science #faith
pos,I hope it's true. For #science. https://t.co/y7LWa4pyuM
pos,This is pretty mind-boggling. #Fact #Science   https://t.co/N3wJ6Prn4V
pos,Wow! That IS impressive... #Science  https://t.co/fT3rdyDDrs
pos,Scott Kelly Arrives Back On Earth and the USA from Year in Space!  Enjoys Dip in His Pool: KENNEDY SP... https://t.co/oXRSReAqNs #science
neg,Hypnotic sounds disprove our assumptions about the deepest part of the ocean: The‚Ä¶ https://t.co/nVtwX6lyLA #science https://t.co/9FX7a28RiK
neg,So I got #blocked by @ColoradoClear bc I got upset by their manipulation of #science to sell #water in a fancy bottle. #CantTakeCriticism
pos,They're pretty  but are #plants intelligent? via @IntlInnovation https://t.co/ZVO3EIPmpv #neurobiology #science
pos,I'm happy with the title  at least... #science https://t.co/uKhsYLrRID
pos,peanut butter dries out your mouth.  so does honey.  but together they don‚Äôt! #science #foodtweets #onbrand
neg,(I fear that this is a bad time of day to try and be "punchy") #science
neg,OK  main text finished  apart from a couple of points. Need to write a punchy abstract now. #science
neg,#health #healthnews #science Researchers overturn landmark study on the replicability of psychological science https://t.co/Ev2PqdEhWU
neg,#health #healthnews #science Selfish or altruistic? Brain connectivity reveals hidden motives https://t.co/45HMKPOzKy
neg,Scientists Breed Pigs Resistant to a Devastating Infection Using CRISPR https://t.co/8omtzLdUXv #science
neg,Discovery and resupply of pharmacologically active plant-derived natural prod #science  https://t.co/8jameyEfbU
pos,Europes Sentinel-3A eco-monitoring satellite sends back its first stunning hi-re... https://t.co/pEu3xU6lNK #science https://t.co/z1oUgk8RPP
neg,Modern #science has only comprehended the most superficial &amp; simplistic mappings‚Ä¶  https://t.co/FQN27fkUOZ  #allconnected #deep #mathematics
neg,Take-it-further activities and challenges for 1 - 4 children per kit. #science #experiments https://t.co/YCnJ8tLKzg https://t.co/XDTIted2pn
neg,I Second That Emotion - if it has a positive impact.  Sadness Joy &amp; Other Emotions On The Body #science #technology  https://t.co/RA7yIkfxnC
neg,Why does stubbing your #toe hurt so much?https://t.co/yy0IWhD9YK via @wired #feet #toes #pain #podiatry #science
neg,@EmbracingSparks God  always complaining! :P Yaaaaas babe  Iron Man is life. RDJ will make you better I am living proof of this #science &lt;3
neg,Climate Change-Ruined Crops May Cause Half A Million Deaths In 2050 https://t.co/OxLWl0VYK6 #science https://t.co/RkLCDEVsgq
pos,Toxic #makeup: We must give the #beauty industry a #makeover https://t.co/xYlHbnRCB9 &gt;@TIMEIdeas #health #women #womenshealth #science
neg,[In Depth] Fast radio bursts tease astronomers #Science https://t.co/W8kRQvxPQ7
neg,New blog update: February in primatology; a non-exhaustive list of cool papers I‚Äôve spotted #primates #science https://t.co/7so6sOlgxQ
neg,Double helix blames bad behaviour on excess Viagra https://t.co/UsvL0CwHs7 #britishsatire #science #university
neg,[Report] Observation of the Dirac fluid and the breakdown of the Wiedemann-Franz law in graphene #Science https://t.co/ylZddNXnKc
neg,[Editors' Choice] Forecasting cascading fault rupture #Science https://t.co/fvCxc5jLqp
pos,#science @StBernardsTCDSB is ELECTRIFYING #static #positively amazing and don't forget the #negativecharge https://t.co/2wRKuXBXxo
pos,Welcome to AITHM @jcu - Mr Matt Field Senior Research Fellow  Bioinformatics. #Science #ResearchCapacity #NQ https://t.co/0GVO6CPQMY
neg,[Report] Negative local resistance caused by viscous electron backflow in graphene #Science https://t.co/9KSYQsYKWb
