neg,@BrickStarted LOL! Idiot Bot. You're advertising #BernieSanders just b/c I joked #BuildTheWall to stop ocean rise from #GlobalWarming
neg,Who is polluting the air? #environment #climatechange #globalwarming  https://t.co/Uh0TPBfMHo
pos,#inspired #hope from #einstein #EleanorRoosevelt #rumi and #courseinmiracles  #globalwarming Trumpism: When... https://t.co/ItPM5xXkqj
pos,We're seeking out the coolest spots in Colombo.  #globalwarming https://t.co/NKVPU2inxS https://t.co/jCwMmuGysT
neg,Freaking out about NYC sea level rise is easy to do when you don't pay attention to history https://t.co/0TsgZEXfd3 #GlobalWarming
neg,Climate Depot:Aussie Climate Scientist Arrested for Fraud #COP21 #globalwarming #climate #ClimateChange https://t.co/3EF5AFnhUW
neg,#GlobalWarming #Tcot Millions In US At Risk From Rising Seas: Study: Scientists are concern... https://t.co/f1kAMdf4MG #UniteBlue #CC :-(
neg,#GlobalWarming #Tcot Nobel Laureates to Arctic Council: No More Drilling: Noting that many ... https://t.co/iHBvfnj6XU #UniteBlue #CC :-(
neg,It's mid-March and I'm already being dive bombed in my ear holes by mosquitos. #globalwarming #humanbuffet #whydotheylovemesomuch
neg,Dangerous global warming will happen sooner than thought ‚Äì study - The Guardian https://t.co/j7vkn4CGtO #GlobalWarming
neg,Earth sets terrifying new temperature record | The New Daily https://t.co/cKWKFsfJfN #auspol #GlobalWarming #ClimateChange
neg,‚ÄúGiant metaphor crashes through the ice in Canada‚Äôs North.‚Äù  #irony  #globalwarming https://t.co/dQ4A4GzLnL
pos,Health Care Tips | Health Care Tips... https://t.co/WzlxCG0JPj #scorpio #globalwarming | https://t.co/L1OV6bBe7I https://t.co/Bpi0UzEv0g
pos,https://t.co/wEafFLkw45 Please Retweet! #climatechange #GlobalWarming
neg,February breaks global temperature records by 'shocking' amount https://t.co/nN4c5JYJFP #climatechange #globalwarming
neg,Today we had very British weather in Sydney... Somethings broken... #globalwarming
neg,Honestly if #globalwarming was actually #DeathToSpring I would be leader of the fan club and would try to sway people to our cause.
neg,Love trees and oxygen  hate #globalwarming. Check out this initiative planting 10 000 new trees to restore forests https://t.co/RMNgEoreWt
neg,Could bright  foamy wakes from #ocean ships combat #GlobalWarming?  https://t.co/8MvYnxM9u2  #Geoengineering #climate #science #tech #debate
neg,My alma mater published a research study concerning #climatechange and #globalwarming #conservation #uga  https://t.co/Ino10opla0
pos,armastis : Gonna pick up one of these bad boys one day. ¬∞ ¬∞ ¬∞ #hummer #h1 #globalwarming #exotics‚Ä¶ ‚Ä¶ https://t.co/K2V0faobSv)
pos,armastis : Gonna pick up one of these bad boys one day. ¬∞ ¬∞ ¬∞ #hummer #h1 #globalwarming #exotics‚Ä¶ ‚Ä¶ https://t.co/FUSURC4oa5)
pos,armastis : Gonna pick up one of these bad boys one day. ¬∞ ¬∞ ¬∞ #hummer #h1 #globalwarming #exotics‚Ä¶ ‚Ä¶ https://t.co/B6hhKPAR8D)
pos,Gonna pick up one of these bad boys one day. ¬∞ ¬∞ ¬∞ #hummer #h1 #globalwarming #exotics #supercars #instacars #carpo‚Ä¶ https://t.co/87A48nT3Bo
pos,Gonna pick up one of these bad boys one day. ¬∞ ¬∞ ¬∞ #hummer #h1 #globalwarming #exotics #supercars #instacars #carpo‚Ä¶ https://t.co/4d6h9aIYkV
pos,Gonna pick up one of these bad boys one day. ¬∞ ¬∞ ¬∞ #hummer #h1 #globalwarming #exotics #supercars #instacars #carpo‚Ä¶ https://t.co/VQACFTRxkj
pos,Gonna pick up one of these bad boys one day. ¬∞ ¬∞ ¬∞ #hummer #h1 #globalwarming #exotics‚Ä¶ https://t.co/wzwWBqnReu
pos,Gonna pick up one of these bad boys one day. ¬∞ ¬∞ ¬∞ #hummer #h1 #globalwarming #exotics‚Ä¶ https://t.co/hbfKw8Q8xt
neg,February breaks global temperature records by 'shocking' amount https://t.co/Kvs5xtibTy üî• #climatechange #globalwarming
pos,Gonna pick up one of these bad boys one day. ¬∞ ¬∞ ¬∞ #hummer #h1 #globalwarming #exotics‚Ä¶ https://t.co/kP3ujcOkbb
neg,Methane emissions on public lands impact climate change and waste energy |‚Ä¶ https://t.co/gAhFEXj9pF #globalwarming #environment
neg,#globalwarming is as serious as ‚ù§Ô∏èattack...but like... ‚ù§Ô∏èattack where u don't have bottles o Bayer just layin around https://t.co/KXEkmwGHRp
neg,#Climate deniers blame #globalwarming on nature. This NASA data begs to differ https://t.co/ssF8d91wfc
pos,armastis : Gonna pick up one of these bad boys one day. ¬∞ ¬∞ ¬∞ #hummer #h1 #globalwarming #exotics‚Ä¶ ‚Ä¶ https://t.co/NBfrmWICUN)
neg,Hate to be a naysayer but... February breaks global temperature records by 'shocking' amount https://t.co/EqSc7tHTKQ #globalwarming
neg,#NPC Is this the #globalwarming that Shorten will spend billions on? FFS vote @LiberalAus https://t.co/4CtVyDKgLP
pos,Welcome to Australian Politics !  #auspol #globalwarming #risingwater #headinthesand https://t.co/QsxzaaivvS
neg,I need to start bringing my giant fan to work. The heat is unbelievable. #globalwarming
pos,#inspired #hope from #einstein #EleanorRoosevelt #rumi and #courseinmiracles  #globalwarming What Facebook ... https://t.co/yI3tERawes
neg,Trader Joe's: Stop Creating SO MUCH WASTE - Sign the Petition! https://t.co/w6nIvVvOTd #climate  #solar  #globalwarming  #drought
neg,@ABC7Chicago @kaplanikids Not "incredible".  Frightening! #climatechange #globalwarming
neg,It's official: We can now say global warming has made some weather events worse - Washington Post https://t.co/NLfI3aSmpT #GlobalWarming
neg,Where climate change consequences disrupt lives https://t.co/g5mpuBq30X #climatedisruption #globalwarming #NC #divest
neg,A #Republican will not believe in #ClimateChange/#GlobalWarming even when their house is flooding  being blown away  or buried in snow! #GOP
neg,February breaks global temperature records by 'shocking' amount https://t.co/OmdV6FBovB #globalwarming #greenhouse #drought #environment
neg,@CBCNews  Alberta Canada 1 of 3 - Toxic - VICE  https://t.co/PDhA6YFF2p #dirtyoil #oilsands #tarsands #Alberta #ronaambros #globalwarming
neg,https://t.co/m5tSV34Nxn this man is an embarrassing expert on deception definitely not #climatechange #globalwarming
pos,Trees to the rescue. Help save our forests. Plant a tree. #conservation #sustainability #globalwarming https://t.co/1w8JPs68XC
pos,The marketing team of #TinyHouse movement shud work on #globalwarming. If u can rebrand trailer parks as hip/cool  humanity needs ur skills.
neg,#NASA data: February breaks global temperature records by 'shocking' amount https://t.co/RgxzZWJxjK #globalwarming https://t.co/j5Nh5BrZYb
neg,#auspol Lefties are ashamed that only a @LiberalAus has managed to clean up the planet #globalwarming https://t.co/VklxwtPBIp
neg,Scare Tactic: February breaks global temperature records by 'shocking' amount  https://t.co/7oxluXbwFr  #globalwarming is a farce
neg,February 2016 Was the Most Abnormally Warm Month Ever Recorded  Topping January 2016. #globalwarming #climatechange https://t.co/kTtP3KJZns
neg,#PopularScience: #SO2 #Pollution Hid #GlobalWarming From Us For Years. https://t.co/IMQhnLq6gV #climatechange
pos,.@CFJC_Today calling for a beauty in #Regina  not so much in #Edmonton. Who says #GlobalWarming isn't real! https://t.co/ybyK8ifjTD
neg,#auspol #globalwarming lies continue.  Scientists need more of your research  $$$$ https://t.co/QyNsgWv6ER
neg,Chief Scientist of Australia: "We're not winning the battle". #climatechange #science @QandA #auspol #carbon #globalwarming #renewableenergy
neg,#auspol #climatechange #globalwarming alarmists have just reset the catastrophe clock again. This is so ridiculous https://t.co/9gH1DYeA81
neg,Record-breaking heat shows world is losing battle against #ClimateChange #GlobalWarming https://t.co/9oOYJpSx1k https://t.co/eDAO9cOcQd
neg,#GlobalWarming https://t.co/vmXox0erw8 Guest post by Bill DiPuccio  Science Teacher Let‚Äôs face it  high school science videos can be boring‚Ä¶
neg,Are #ALT3 and #GlobalWarming fiction? https://t.co/J9T3D3AGy9 #Conspiracy #SciFi https://t.co/Ei0Ivlg1Ig
pos,#inspired #hope from #einstein #EleanorRoosevelt #rumi and #courseinmiracles  #globalwarming Robots Are Dyi... https://t.co/3Qc8zInoLT
neg,#auspol #globalwarming #climatechange scientists reset the catastrophe clock again.  They need more research  $$$$ https://t.co/xeJ7QfOV8A
pos,Dog walk after dinner thanks to #DaylightSavingTime and #globalwarming #60Degrees
neg,Big Problem - Greenland's Ice Sheet Is Filthy https://t.co/A8aVnaD3q4  #bamboo #climatechange #mommy #globalwarming https://t.co/PdhSzPmUtG
neg,#globalwarming #disaster #climatechange Sea level disaster: https://t.co/GoKSeRHcdV Or it can be prevented: https://t.co/RiJopL7H9I
neg,Last month's high temperatures broke 100 yrs of records - a #globalwarming #shocker #climateemergency #calltoaction  https://t.co/e5dzKWTlBs
neg,#February breaks #Global Temperature by a 'Shocking Amount' #GlobalWarming #ClimateChange https://t.co/yyDNCXfWqW https://t.co/9ShcJijdh6
pos,Warren Meyer:I love Windows 7 and am Exhausted with Microsoft's Efforts to Make Me Switch #COP21 #globalwarming https://t.co/Ut9C1uMfye
pos,Aerosol #emissions may greatly influence #Earth‚Äôs climate; their atmospheric disappearance may hasten #GlobalWarming https://t.co/2f8RKdAMzx
pos,#ClimateChange: February hottest month ever as exceptional figures show #GlobalWarming surge https://t.co/yEzWUrbYT2 https://t.co/RrfX8o9ibL
pos,#globalwarming got me Riding Like Hurricane by @SHOKAL7 #np on #SoundCloud https://t.co/rvjaLaYUAT
neg,@PamBondi support polluters of Chesapeake Bay &amp; used Florida tax dollars doing it  She supports @realDonaldTrump views on #globalwarming
pos,#inspired #hope from #einstein #EleanorRoosevelt #rumi and #courseinmiracles  #globalwarming This Is The Mi... https://t.co/v1m3a7ojKX
neg,Millions of Americans at risk from rising seas https://t.co/FoKrqNy5Ow #globalwarming
neg,The Planet Just Obliterated Another Heat Record: ‚Ä¶ ) as the danger limit for global‚Ä¶ https://t.co/mlZp7AayoF #ClimateChange #GlobalWarming
pos,#Science says #sealevelrise cud displace more #Americans than the Great #migration  https://t.co/YanGxLrjgX #globalwarming #climatechange
neg,March 14  2016 got up to -5 degrees celsius here in Nain. Not much of a winter  few cold days here and there #globalwarming
pos,Interesting. Major difference this time is that this #globalwarming not following an #IceAge ... https://t.co/HBGIuvACK0
neg,NASA released more proof of #globalwarming  today  but no ones talking about it. Instead  were worried about #Nationalnappingday ......
pos,Welcome to #GOP's America. #ClimateChange #globalwarming  https://t.co/WXuqjoNNOJ
neg,.@Slate What #GlobalWarming? .@GOP's #ALEC imaginary Nazi "god" doesn't believe in such Things  or was that just ALEC #NRA #Nazis in #Ohio?
neg,We are being attacked and the attack is coming from climate change. -Bernie Sanders #climatechange #globalwarming
neg,Global Warming Causes Rising Concern in H√∂fn - IcelandReview https://t.co/V0iQHQwqy0  - #GlobalWarming
neg,#GlobalWarming #Tcot Mark Blazis: Antarctica provides many lessons on global warming: An ex... https://t.co/aoaeoBayFf #UniteBlue #CC :-(
neg,#GlobalWarming #Tcot Real Life Hacks to Cut Your Carbon Footprint (Plus: A Personal Emissio... https://t.co/xjMYtS7yal #UniteBlue #CC :-(
neg,#GlobalWarming https://t.co/xAoyMEfNYx ‚ÄúI don‚Äôt have much patience for people who deny climate change‚Äù ‚Äì Barack Obama  US ‚Ä¶
neg,In the movies world reacts as one to deal with earth destroying asteroid! In real life the asteroid is #globalwarming &amp; the world dithers!
neg,Tallbloke:Britain‚Äôs spurious leaders intend to commit UK to a dark and cold future. #COP21 #globalwarming #climate https://t.co/66orvgqog6
neg,February breaks global temperature records by 'shocking' amount https://t.co/wq08Ce1SIv #globalwarming
neg,February breaks global temperature records by 'shocking' amount #globalwarming  https://t.co/pY38QPiwMK
pos,Funny thing about @liberals they spout BS for a living #climatechange #globalwarming but ignore truth https://t.co/t6aWK5F3LP for profit
pos,#inspired #hope from #einstein #EleanorRoosevelt #rumi and #courseinmiracles  #globalwarming The Case for H... https://t.co/MREtoyus9Z
neg,@ericfisher 200 Year droughts long before I bought my SUV https://t.co/t6aWK5F3LP #globalwarming is a SCAM
pos,#GlobalWarming https://t.co/bcj9gZTpDQ Americans for Prosperity sent a camera crew to the People's Climate March in New York City  where th‚Ä¶
neg,It makes me so sad hearing about how hard Arctic animals Are finding it to cope with all the melting ice cause of us üò•üò¢. #globalwarming üò¢
neg,We're losing  folks. I'm terrified.  https://t.co/Fw0VE4Cg5c  #climatechange #exxonknew #FossilFuels #globalwarming
neg,#globalwarming is here to stay  if we don't change are bad habits and bad for mother nature inventions!! https://t.co/rjdfaSslRs
neg,‚Äú@ 80% [ALL] known coal 50% oil 30% gas [MUST] #stayintheground" to avoid worse #globalwarming. https://t.co/2Zy0FRkexf  #Feb2016 @ungaro_c
pos,Lovers of #snow #PLAY read this and weep. #globalwarming SUCKS Why live somewhere cold n dark with zip to play on? https://t.co/gGmjdfxsmh
neg,NASA Drops Major Bomb in 'March Toward Ever-Warmer Planet' - https://t.co/TdWKPqpvI5 #climatechange #globalwarming
neg,February breaks global temperature records by 'shocking' amount https://t.co/NtEfNel2rG | @MikeySlezak | #climatechange #globalwarming
neg,@ericfisher What happened to dryer than normal PREDICTIONS for PAC NW the #globalwarming nutcases were spouting last Fall??
neg,The story that could write itself:Climate Scientist Arrested for Fraud https://t.co/mdmmBuio2q #utpol #GlobalWarming? #ClimateChange? #Scam
neg,@Mozziebites @p_hannam those who originally predicted this ... the ones labeled #alarmists ... looking on the money ?!! #globalwarming
neg,#Globalwarming has made some #weather events worse  new report from @theNASEM says @washingtonpost https://t.co/uUNVkOTywt
pos,When one considers accelerating #globalwarming it seems #Newton 's prediction may prove true #auspol #climatechange  https://t.co/h6gd6Vf3k2
neg,#GlobalWarming 'solved' a land dispute between India and Bangladesh: the island in dispute disappeared... #FunFacts https://t.co/F9cxI6wSYe
neg,What do you expect from a party that blamed Sarah Palin's for Gabby Giffords getting shot &amp; man made #GlobalWarming? @DanaPerino
neg,What do you expect from a party that blamed Sarah Palin's for Gabby Giffords getting shot &amp; man made #GlobalWarming? @kimguilfoyle
neg,What do you expect from a party that blamed Sarah Palin's for Gabby Giffords getting shot &amp; man made #GlobalWarming? @ericbolling @kilmeade
neg,Dear #Liberals  you don't recognize the biggest argument in favor of #GlobalWarming: #YogaPants on college campii https://t.co/slFSbE8hTI
pos,My new fav tweet #teamhenry:  Looking forward to more sunny days like this :) https://t.co/Cgjtb4iCvV #UKBChour #teamhenry #globalwarming ‚Ä¶
neg,If no #globalwarming aggravated by Man  there is something sinister that has same effects and cause..@MainelyTrucks @mikky_big @BringtheFlag
neg,.@NASA confirms February 2016's shocking #globalwarming temperature record https://t.co/NSIKbqsEtG via @Slate https://t.co/MdmVBwM8yY
neg,Germany's electrical grid one of most reliable  thanks to renewables. #climatechange #ClimateAction #globalwarming https://t.co/UxTSU5ElbU
pos,Looking forward to more sunny days like this :) https://t.co/aApAHNJYfu #UKBChour #teamhenry #globalwarming https://t.co/qgposkQjhl
neg,#GlobalWarming People‚Äôs Budget Puts Forward An Aggressive Plan To Green Our Economy #1u #P2 @OurFuture https://t.co/zYYUWMfJKq
pos,#inspired #hope from #einstein #EleanorRoosevelt #rumi and #courseinmiracles  #globalwarming Some Arab spri... https://t.co/6xrx4xMwhU
neg,obit of scientist who warned of #globalwarming #climatechange almost 40 years ago. When will we get serious?https://t.co/aJ2Oxtcwdh
neg,Sea level rise could threaten 13.1 million Americans by 2100 https://t.co/X3I4HwHaDD #climate #globalwarming
pos,Rising seas could displace more Americans than the Great Migration ‚Äîhttps://t.co/Yeu3raAlag  #globalwarming #science #ClimateChange
neg,Doomed. #globalwarming #thenews
pos,Spring is springing #seasons #lastweekitsnowed #globalwarming #pretty https://t.co/c4IT9lyubn
neg,#climatechange #usa Flaw discovered in Gavin Schmidt‚Äôs new climate paper  not so ‚Äòmarvel‚Äô... https://t.co/e4xE2tDrhK #globalwarming #news
neg,How colonialism and #climate change displaces the Negev's Bedouin https://t.co/LA98btoTDc #globalwarming
neg,February 2016 Was the Most #Abnormally Warm Month Ever  finally  I been freezin my ass off ! #GlobalWarming #IceAge #OtherBS
neg,Climatism:Use of Fear to Silence Climate Skeptics Is An Assault On Reason #COP21 #globalwarming #climate https://t.co/Oplf2xgJ77
pos,How I learned to love a waste incinerator  https://t.co/VAOwQzF02s #climatechange #environment #globalwarming
pos,#inspired #hope from #einstein #EleanorRoosevelt #rumi and #courseinmiracles  #globalwarming Spain Tried To... https://t.co/PcjqsytdeU
neg,Paul Homewood:The Failing Carbon Market #COP21 #climate #ClimateChange #globalwarming https://t.co/odov26NgIc
neg,#globalwarming #weather #danger 15 of the 16 warmest years since records began are after 1999 and This Year..!&gt; https://t.co/20pdwOlybh
neg,Junkscience:Study: School labelling of kids as fat not an effective tool in curbing obesity #COP21 #globalwarming https://t.co/FI4FACId2m
neg,Sea Level Rise Is Predictable. It Will Be Anything From Bad to Awful - WIRED #globalwarming #environment  https://t.co/6iW6o8acLE
pos,@BoHenley Our Australian climate ws just fine till they started promoting '#Globalwarming"&amp;same time started #Geoengineering our blues skies
neg,Global Warming Causes Rising Concern in H√∂fn - IcelandReview https://t.co/p0XXiFIWov #GlobalWarming
neg,"The numbers are shocking."  #climatechange #globalwarming  https://t.co/IZ1ACSxEcM
pos,@CNN Bernie Sanders already embraces religion.  The Church of #globalwarming / #climatechange   Praise Gore!
pos,The case for optimism on #ClimateChange - algore https://t.co/iuEN1VZIap #HappeningNow #GlobalWarming #Climate #Environment #Earth #brk
pos,Some Extreme #Weather Now Reliably Linked to #ClimateChange https://t.co/0aF11erx56 #globalwarming
neg,#February breaks global #temperature records by 'shocking' amount #globalwarming #environment  https://t.co/IcRmgbv5cq
neg,#SuzukiLifeLessons piss off Liberals &amp; Conservatives to pin them against each other over words like #climatechange &amp; #globalwarming #cdnpoli
neg,There is no need for panic over #GlobalWarming. Decisions at #COP21 &amp; by China point to falling CO2 emissions. 450 ppm cap still feasible.
neg,California Democrats Brutalize Their Own Over Global Warming - Daily Caller https://t.co/gYk7OmStp6  - #GlobalWarming
pos,The case for optimism on #ClimateChange - algore https://t.co/Aw4OBUrI7q #HappeningNow #GlobalWarming #Climate #Environment #Earth #brk
pos,The case for optimism on #ClimateChange - @algore https://t.co/LRp8fGqGSI #HappeningNow #GlobalWarming #Climate #Environment #Earth #brk
neg,#GlobalWarming #Tcot The Left Is Embracing Orwellian Policies to Go After 'Climate Deniers'... https://t.co/phig1Ox7Us #UniteBlue #CC :-(
neg,#GlobalWarming #Tcot February Blows Away Global Heat Record: While a strong El Ni√±o has giv... https://t.co/ueTKMgNIlY #UniteBlue #CC :-(
neg,#GlobalWarming #Tcot Temperature records shattered by record margins so far in 2016: A reco... https://t.co/UkLHc4Wrzd #UniteBlue #CC :-(
neg,#GlobalWarming #Tcot Thought it was cold? NASA says global warming speeding up and February... https://t.co/ds5yPQSvpb #UniteBlue #CC :-(
neg,#GlobalWarming #Tcot Record surge in 2016 temperatures adds urgency to climate deal  say sc... https://t.co/QCEHItdrjr #UniteBlue #CC :-(
neg,41. Feels like 32. Freezing rain. WTF #weather #crazyweather #globalwarming #globalfreezing
pos,#GlobalWarming https://t.co/VjsvVEar4Z TODAYS LINKS Italy Quake Case: https://t.co/8P7ezSmpAz Great Barrier Reef: ...
neg,February breaks global temperature records by 'shocking' amount: https://t.co/OZammNYllz #GlobalWarming
neg,The Chiefio:The California Flooding Drought  Can It End Now? #COP21 #ClimateChange #climate #globalwarming https://t.co/BmOuXSCIQm
neg,Meltdown Earth: the shocking reality of climate change kicks in #climatechange #globalwarming #science @rustyrockets https://t.co/AdwjHEiaZ9
neg,Even a bit of #globalwarming will have "alarming" impact https://t.co/ZJHQhIDLuR  #awaken
neg,Florida officials ban terms '#climatechange' and '#globalwarming ' but '#climate-driven changes' dodged censors: https://t.co/rbyGeT7ew0
pos,Can a #simple rock reverse #globalwarming? https://t.co/n2VCCBzCJt via #onEarthMag #Environment #ClimateChange https://t.co/f4nnriWmNn
pos,#inspired #hope from #einstein #EleanorRoosevelt #rumi and #courseinmiracles  #globalwarming Justin Trudeau... https://t.co/vWmXL7kwhI
neg,While I may appreciate the unseasonably warm spring in MN this is scary #globalwarming  https://t.co/u7CLjsTUSZ
neg,California Democrats Brutalize Their Own Over Global Warming - Daily Caller https://t.co/E6ABpHmhfE #GlobalWarming
neg,@LongTrailBeer shame this years trail is nothing but fog and mud. #globalwarming #nosnow
neg,"But climate change isn't real." Here  fool. Educate yourself. #climatechange #globalwarming #globalwarmingisreal  https://t.co/Th2qp3Zeou
neg,Almost there. #GlobalWarming #USA #falseflag #revolution #nuclearwar #Fukushima #Monsanto  https://t.co/cjd0RR3dEd
neg,February breaks global temperature records by 'shocking' amount https://t.co/OPFCPxK0GR #climate #globalwarming
neg,#GlobalWarming threat just 'scaremongering' say skeptics who desert mainstream media  https://t.co/73qxIV3xuk
neg,I'm concerned that snowmobile regulation/safety hasn't been broached by a single candidate yet. #globalwarming  https://t.co/CaGg9AJlbl
pos,Great to see @weatherchannel headline latest #globalwarming data. I'd love to see more stories on what's causing it. https://t.co/csCMUpiRMI
neg,California Democrats Brutalize Their Own Over #GlobalWarming | The Daily Caller https://t.co/ohFH4UYwMm
neg,Can't believe how warm and dry #YYC is this winter. Crazy.... #elnino #globalwarming? https://t.co/8IKIhrf4o0
neg,The Cook '97% consensus' paper  exposed by book for the #globalwarming fraud that it really is https://t.co/dnm8JFYs2T via @wattsupwiththat
pos,Same day  different pubs. It's like they are trying to tell us something...  #globalwarming #Cowspiracy https://t.co/TSY79poiWN
neg,The Tale of Central Carbon https://t.co/QGqBtk4kSD #CentralCarbon #Emissions #Pollution #Politics #GlobalWarming https://t.co/G3Iygyrn9g
pos,Not the best way to start the week #GlobalWarming #ClimateChange #Environment https://t.co/zNOLsfv4B8
neg,FIVE BEST ABS EXERSICES TO LOSE BEL... https://t.co/ZILtMrLnYF #scorpio #globalwarming | https://t.co/L1OV6bBe7I https://t.co/yaG7pH6yeJ
pos,#inspired #hope from #einstein #EleanorRoosevelt #rumi and #courseinmiracles  #globalwarming Putin Orders R... https://t.co/1hfZChliYj
neg,#Climatechange Dangerous #GlobalWarming will happen sooner than thought https://t.co/69jVbiMHfh
neg,February breaks #GlobalWarming temperature records by 'shocking' amount https://t.co/NZtPTCfzRQ
pos,How many people can our planet really support? #climatechange #globalwarming  https://t.co/qr1kfuvZvY via @BBCEarth
neg,We are hurtling at a frightening pace towards agreed max of 2¬∞C #GlobalWarming https://t.co/eurliw6wIO @Independent https://t.co/FCVdfls9rl
neg,February breaks global temp. records by shocking amount https://t.co/8j7HtUXkKS #globalwarming in crusser speed https://t.co/6S5uNP0MYT
neg,Cleaner air could actually make #globalwarming worse https://t.co/JizpKCXFPV https://t.co/OsNW47e01F
neg,#scary #globalwarming february breaks any record https://t.co/oFxgy75c4A
neg,How cleaner air could actually make #globalwarming worse: WaPo story includes @Yale research by Trude Storelvmo. https://t.co/XxG3wEWHyA
neg,Climate Change =&gt; 4 Reals???  Should we jail dissenters??  https://t.co/srv8CjyBXU RICO Act #YES #GlobalWarming #OEF https://t.co/u8H0dZnOyC
pos,Interesting graphical display of #globalwarming could be used to prompt student Q's  inference &amp; discussion #ngss https://t.co/czye8rcLHT
neg,NASA's February #globalwarming &amp; #climatechange temperatures are chart-bustingly shocking: https://t.co/FkDZQKqVdE https://t.co/vC2QUcWg36
neg,#Globalwarming would not occur evenly around the world. Some countries are more exposed than others. Dr. Wilby @lborouniversity
neg,Oh fuck #globalwarming https://t.co/PwpxA7kJYm
neg,Sea level rise could threaten 13.1 million Americans by 2100 https://t.co/aPzjwmDxBp #IceSheets #SeaLevelRise #GlobalWarming #Science
neg,Liberals want everyone to jump on train for #GlobalWarming but decline to accept the scientific fact that life begins at conception - hello
neg,#globalwarming: Algae Bloom Worst in history https://t.co/o3VtYFVhUU  #needtoknow
neg,February breaks global temperature records by 'shocking' amount https://t.co/ewvdCT224v #climate #globalwarming #toast
pos,#inspired #hope from #einstein #EleanorRoosevelt #rumi and #courseinmiracles  #globalwarming Why the recent... https://t.co/AqcDYbeR0F
neg,WUWT:Monday Mirthiness ‚Äì hilarious hate mail #COP21 #climate #globalwarming #ClimateChange https://t.co/OuHBzHf2F9
neg,February breaks global temperature records by 'shocking' amount https://t.co/hSciCwvVbY via @guardian #globalwarming
neg,I can already hear #climate alarmists saying that less food must be produced to help tame #globalwarming. https://t.co/R8EuwYH6MU
neg,‚ö°Ô∏è ‚ÄúFebruary was the most abnormally warm month ever recorded‚Äù #Weather #Climate #globalwarming   https://t.co/ZwQ9Ny58fd
neg,Feb. was the 372nd warmer than average month in a row yet they call #globalwarming a "hoax" "In the age of knowledge ignorance is a choice"
neg,#Jesus #Quotes:When God warned of #GlobalWarming  I asked my Followers which one do you hate: #OWS #FeelTheBern #p2 https://t.co/pytS8f9dwB
neg,It's not #ElNino2016! It is #globalwarming. SHOCKING FEBRUARY HEAT https://t.co/zkh2TN5X1S
neg,Love this. Shame they're not doing things like  as an idea  banning #cars for the #emissions. #globalwarming https://t.co/r7u3VedJiP
neg,Crap: Our planet‚Äôs temperature just hit a terrifying mark.https://t.co/9AlfQbPrgl  #globalwarming h/t @tominwindsor https://t.co/hvjVwpbVmY
neg,The war on science and knowledge is reaching epic proportions...w plausibly catastrophic consequences #globalwarming https://t.co/7VKpOxXxm8
neg,February breaks global temperature records by 'shocking' amount https://t.co/Ph5L5TqZtk #GotDrought #CADrought #GoVegan #GlobalWarming
neg,That oil business is a dirty business people say kids are the future but Earth may not have a future. #globalwarming https://t.co/dFow3ze84o
neg,Junkscience:Claim: Degrading ice wedges reshape Arctic landscape #COP21 #climate #globalwarming #ClimateChange https://t.co/RmlIrsYGpx
neg,It‚Äôs official: We can now say #globalwarming has made some weather events worse https://t.co/dYt7cqqUNb #climatechange
neg,Paul Homewood:South Korea Abandons 2020 GHG Target #COP21 #ClimateChange #climate #globalwarming https://t.co/n2Q3gTwnCM
neg,Blame Jews for woes  #NRA for psychos  #globalwarming for bad weather and #DonaldTrump for thugs.... Same ol' Liberal lunacy. #TrumpTrain
neg,How cleaner air could actually make global warming worse - Washington Post https://t.co/0erHzLZaTp #GlobalWarming
neg,Aerosols may have helped global warming fight - Newshub https://t.co/E2mjUxooAF #GlobalWarming
neg,How cleaner air could actually make global warming worse - Washington Post https://t.co/VaUzBUech1  - #GlobalWarming
neg,Obama: Global Warming Bigger Threat Than ISIS - FrontPage Magazine https://t.co/lUce3zSVEs  - #GlobalWarming
neg,Meanwhile  #NASA claiming hottest February ever. Desperate to promote #globalwarming #climate scam for its funding. https://t.co/PfUqOEEiIT
neg,US Elephants:The Ugly Side of the Environmental Movement  And it‚Äôs Deplorable Actions #COP21 #globalwarming https://t.co/rbYk5H3JsM
neg,US Elephants:Is America Racist? Black Lives Matter Certainly Seems To Think So #COP21 #globalwarming #climate https://t.co/Ek7OFUWjTf
neg,US Elephants:Black Lives Matter  Racism  And A Conservative Perspective On Name-Calling. #COP21 #globalwarming https://t.co/LD9BE9SVW1
neg,Up to 13 Million Americans Are at Risk of Being Washed Away - Bloomberg Business - #climatechange #globalwarming https://t.co/1M179aMOuI
pos,ClimateDispatch:Many Scientific "Truths" Are  In Fact  False #COP21 #globalwarming #climate #ClimateChange https://t.co/MyqftnN51r
pos,ClimateDispatch:Lynch  'Climate Change' Is a Joke #COP21 #ClimateChange #globalwarming #climate https://t.co/v4n8V6fmfG
neg,Really good read on #globalwarming  or should I say a frightening one...  https://t.co/ErqyFzxlQT  @BadAstronomer
neg,Heat Waves  Droughts  Heavy #Rain Have Clear Links to #Climate Change  Says Nat'l Acad. https://t.co/UehecVq74Z #raindontcome #globalwarming
neg,Video vividly illustrates decrease in arctic ice in last 26 yrs #globalwarming  https://t.co/PugCwXpvvt https://t.co/TyUpDD56Mn
pos,Simple Tips for good health https://t.co/RHKhKEl4d3 #scorpio #globalwarming | https://t.co/L1OV6bBe7I https://t.co/vRTH9kIVXj
neg,#GlobalWarming #Tcot The US Is Paying ‚Äî Some ‚Äî to Help Poorer Countries Adjust to Climate C... https://t.co/wuj65PMI4e #UniteBlue #CC :-(
neg,#GlobalWarming #Tcot Warnings of 'climate emergency' as February breaks global temperature ... https://t.co/7tAcylQZWU #UniteBlue #CC :-(
neg,#GlobalWarming #Tcot February Temperatures Hit "Unprecedented" Record ‚Äî Right After January... https://t.co/k39WM8mAOt #UniteBlue #CC :-(
neg,February breaks global temperature records by 'shocking' amount https://t.co/lQpQHd1K04 #globalwarming #climatechange #climate
pos,#inspired #hope from #einstein #EleanorRoosevelt #rumi and #courseinmiracles  #globalwarming This Teacher J... https://t.co/G27D6J5JLo
pos,Yesterday it was 68¬∞ &amp; beautiful! Today it's 38¬∞ &amp; hailing?! #GlobalWarming is REAL! #MakeAmericaGreatAgain #ActOnClimate @ClimateReality
neg,‚ö°Ô∏è "February was the most abnormally warm month ever recorded" #SadlyItsOnlyTheBeginning #Globalwarming  https://t.co/6ctTIOBF4y
neg,@Greenpeace @EnviroNews #globalwarming  Record-breaking February set an ominous milestone for global warming https://t.co/OsksMyjCvG
pos,@sevanslux Interesting talking to you. Off to mow the lawn  I may be some time. Can't believe am having to in march #GlobalWarming!
neg,Junkscience:Study: What does your smartphone say when you tell it you were raped? #COP21 #climate #globalwarming https://t.co/bamTGynBh7
neg,February obliterated global heat records  NASA confirms https://t.co/8LbekYSdVt #ISItrans #globalwarming #heatrecord https://t.co/KPnq1ESebu
neg,February breaks global temperature records by 'shocking' amount https://t.co/3rrGR7aPI4 #globalwarming
neg,February breaks global temperature records by 'shocking' amount #globalwarming  https://t.co/me29SfVQUx
neg,#climatechange #usa Trump calls EPA ‚Äòa complete disaster‚Äô ‚Äì Vows To Protect Ohio‚Äôs Coal I... https://t.co/TH0jIzV3Z2 #globalwarming #news
neg,It's official: We can now say #globalwarming has made some weather events worse https://t.co/TFUPbq4YWh
neg,February breaks global temperature records by 'shocking' amount. Temp ^ #GlobalWarming üåçhttps://t.co/Bl29T9WTgY
neg,Bugger! February breaks global temperature records by 'shocking' amount | #globalwarming #climatechange #drought  https://t.co/yIHNRaQKe6
pos,Oscars 2016 Leonardo DiCaprio Wins best Actor - Speech #WellSaidLeo #climatechange #globalwarming #FossilFuels  https://t.co/fw0aDJ7Nko
neg,February breaks #global #temperature records by 'shocking' amount #globalwarming #climatechange  https://t.co/ytYjULejuF
neg,I like wearing shorts but this probably isn't good. #climatechange #globalwarming  https://t.co/MMKiXdJnCk
pos,Al Gore | The Case for Optimism on Climate Change https://t.co/iwhsdMNMRw #GlobalWarming #ClimateChange https://t.co/NRVakMze3R
pos,Good morning! hur tunadas haydaggui gazarsan. #raining #globalwarming #LosAngeles https://t.co/B8ryvTT5wr
neg,#GlobalWarming: A Human Problem With Human Solutions  https://t.co/lDS1eCQqs4  #climatechange #environment https://t.co/sWxfuPi17Z
pos,#inspired #hope from #einstein #EleanorRoosevelt #rumi and #courseinmiracles  #globalwarming Migrants And R... https://t.co/P3qbckTh4X
pos,#Sanders #Clinton #Rubio #Kasich answer #climatechange debate questions.  Care bout #globalwarming vote #Democrats  https://t.co/zcYOROSIG8
pos,At this point  I feel like it would be news if it WASN'T the "Hottest [insert month here] ever!" #climatechange #globalwarming
pos,Please follow if interested in #birds #wildlife #nature #environment #oceans #climatechange #globalwarming #coffee #classicalmusic #science
neg,February breaks global temperature records by 'shocking' amount #climatechange #globalwarming   https://t.co/C0Trr5tlRg
neg,@juwiGruppe @solarimpulse "But there is drought from #GlobalWarming in #Africa &amp; my kids r emaciated; 1 has died of starvation ..." &gt;&gt;&gt;
neg,February breaks global temperature records by 'shocking' amount https://t.co/YgICrVMxbF -  domino effect? #globalwarming
neg,February breaks global temperature records by 'shocking' amount https://t.co/bfF2XNPv4K #climate #globalwarming #climateemergency #2C #1.5C
neg,Obama: Global Warming Bigger Threat Than ISIS - FrontPage Magazine https://t.co/KRkMDYzMon #GlobalWarming
neg,@juwiGruppe @solarimpulse #GlobalWARMING&gt;#ClimateCHANGE #ECOLOGY of #Ecosystems #EndangeredSpecies #StarvingPPL &amp; such more important than&gt;&gt;
neg,#GlobalWarming #Tcot Obama: Global Warming Bigger Threat Than ISIS: At the Democratic debat... https://t.co/PZ4e8pKhKr #UniteBlue #CC :-(
neg,February breaks #global_temperature records by 'shocking' amount https://t.co/MtPs6agX02 #ClimateChange #GlobalWarming
neg,The sky is ablaze with anger against 40 degrees in autumn üÜòüåãüî• #perth #realtalk #toohot #globalwarming https://t.co/KE9YT083AR
pos,Top Ten Veggies That are The Best F... https://t.co/9npSywyLnN #scorpio #globalwarming | https://t.co/L1OV6bBe7I https://t.co/20SrK7sLhQ
pos,#inspired #hope from #einstein #EleanorRoosevelt #rumi and #courseinmiracles  #globalwarming Syria's War Ha... https://t.co/xssWMclqgh
neg,February breaks global temperature records by 'shocking' amount https://t.co/injHUrrmA4 #globalwarming #wereffed
pos,Reducing Meat Consumption Is The Only Way To Save Earth  Study Concludes https://t.co/2JCa8nXNAo #climateCHANGE #globalWARMING #moreGMOs
neg,Al Gore says PHL food systems also vulnerable to global warming - GMA News https://t.co/FOV2YFeszK #GlobalWarming
neg,Barnsley skyline #chemtrails #GeoEngineering #poisoning #aluminium #barium #cover-up #globalwarming https://t.co/xr5IpzMHYm
pos,@MusicNewsWeb Congratulations @Douglas334  u have won a copy of Lord Funk's album #globalwarming @romaindalmasso1 Pls DM me with ur address
neg,Truly depressing reading: February breaks global temp records by 'shocking' amount https://t.co/f16uDLc1Lj #climatechange #globalwarming
neg,.@insideclimate sharing 'The world has got a problem' to raise awareness #globalwarming #climatechange https://t.co/BROcForL03 #endecocide
neg,February breaks global temperature records by 'shocking' amount https://t.co/qL3urboL1I  #ClimateChange #GlobalWarming @TVMohandasPai @UNEP
neg,.@LeoHickman 'the world has got a problem' https://t.co/BROcForL03 raising awareness  of #globalwarming #climatechange #savetheearth
pos,Is #Ronny the reason for #globalwarming !!?? ;) :) @iTIGERSHROFF #BaaghiTrailer #Baaghi https://t.co/0pOn5Hl39A
neg,.@GeoffreyLean .@TurkanaDK 'the world has got a problem'  https://t.co/BROcForL03 #globalwarming #climatechange #savetheearth #endecocide
pos,Interesting thoughts about #globalwarming #environment #nature #writing https://t.co/N2tUg12LuL
neg,Shocking global temperature rise measured in February https://t.co/VJdjbubNKp #globalwarming #climatechange https://t.co/UuN40b3OLQ
neg,Junkscience:China backs ‚Äòrevolutionary‚Äô clean coal #COP21 #climate #ClimateChange #globalwarming https://t.co/I9dXbkvphg
pos,Some say  the end is near. True? #GlobalWarming #Wakeup #Nature https://t.co/dRNmQps9YX
neg,As soon as AG Lynch finishes jailing #globalwarming deniers  she'll get to the subversive actions of George Soros's clown show. #TrumpTrain
neg,"Climate Emergency!" February breaks global temperature records by 'shocking' amount https://t.co/KwAJUBT4Pj #climate #GlobalWarming #NASA
neg,We are all gonna burn. #globalwarming punks. https://t.co/8FCm4zR39x
neg,Global Warming Causes Rising Concern in H√∂fn - IcelandReview https://t.co/FdxzRhr5ZJ  - #GlobalWarming
neg,Siddarth Goenka helps villages fight global warming with biogas plants - Economic Times https://t.co/DY9NyHMDUr  - #GlobalWarming
neg,#globalwarming: Algae Bloom Worst in history https://t.co/o3VtYFVhUU  #awaken
neg,Even a bit of #globalwarming will have "alarming" impact https://t.co/zKpMyD6baI  #authenticspirituality
pos,#inspired #hope from #einstein #EleanorRoosevelt #rumi and #courseinmiracles  #globalwarming This Is What H... https://t.co/pOWz3gXTnt
neg,Siddarth Goenka helps villages fight global warming with biogas plants - Economic Times https://t.co/AXJUeyRrCT #GlobalWarming
neg,Global Warming Causes Rising Concern in H√∂fn - IcelandReview https://t.co/n8zryqnmIF #GlobalWarming
pos,why cant we use the wash basin water for watering the plants Just store the water in a container #savewater #globalwarming #Savearth
neg,#GlobalWarming #Tcot El Ni√±o May Be Weakening  but It Is Still Clobbering Crops: But undern... https://t.co/H3AsbHW6LK #UniteBlue #CC :-(
neg,#GlobalWarming #Tcot Nasa figures show February was world's hottest EVER month on record: F... https://t.co/YxqM8nN1IX #UniteBlue #CC :-(
neg,#GlobalWarming #Tcot Filipino priest urges 'ethical perspective' on global warming: A Filip... https://t.co/GXMGfPOVVq #UniteBlue #CC :-(
neg,#GlobalWarming #Tcot Global warming: February temperature rise 'unprecedented': Global surf... https://t.co/9qFgFTXWBd #UniteBlue #CC :-(
neg,#Afghanistan had the warmest winters w/ almost no snow. Drought is expected next yr-1395! #globalwarming is real! https://t.co/7RDk6wqDW1
neg,February breaks global temperature records by 'shocking' amount https://t.co/vaaTsDxC4y Confirming the gain! #climatechange #globalwarming
neg,February breaks global temperature records by 'shocking' amount  Don't buy property in #NOLA  https://t.co/lu1FZ9sSWq  #globalwarming
neg,Flu like niagra falls. This heatwave is killing. #globalwarming #flu #sick #heatwave
neg,Humans losing war 2 mosquitoes tnx 2 overpopulation &amp; #GlobalWarming https://t.co/GYY3Xm5YY1 #dengue @MalariaNoMore #zika @PIH @TutuHIV @WHO
pos,Search interest in #globalwarming is highest in island nations. https://t.co/wF3xq1rv7Q
neg,ClimateDispatch:Climate Scientist Arrested for Fraud  #COP21 #ClimateChange #climate #globalwarming https://t.co/0MZwsCd2Cy
neg,The Tale of Central Carbon https://t.co/QGqBtk4kSD #CentralCarbon #Emissions #Pollution #Politics #GlobalWarming https://t.co/7RQXIKmCCF
neg,February breaks global temperature records by 'shocking' amount https://t.co/mIyK3dN4BI I want see you burn! #globalwarming
neg,Dangerous global warming will happen sooner than thought   https://t.co/Rl0ueJxlaB  #ArborHP #GlobalWarming #Climate https://t.co/ZXcvQY5YXU
neg,February breaks global temperature records by 'shocking' amount https://t.co/UECOaw5utV Yawn! #ClimateChange #GlobalWarming #Scam
pos,Bishop Hill:Safely spaced out - Josh 363 #COP21 #globalwarming #climate #ClimateChange https://t.co/ZGzfJHhMVF
neg,#globalwarming causes rising concern in Icelandic town https://t.co/GUhM8PqWZk @Landvernd
pos,Hmmm  maybe there is something to this global warming thing #globalwarming #climatechange https://t.co/bzw4GEWLJM
pos,#inspired #hope from #einstein #EleanorRoosevelt #rumi and #courseinmiracles  #globalwarming Islamic State ... https://t.co/pdMdkX7wuo
neg,Record-breaking sad news about #climatechange. #globalwarming https://t.co/ms8gj6e2X1
neg,Articleüîì:Does Australian pinkeye outbreak highlight impact of #globalwarming? #animalhealth https://t.co/C4lfoEJtVK
neg,February breaks global temperature records by 'shocking' amount #GlobalWarming https://t.co/CswiIr9RUD
neg,The situation seems much worse than predicted. Are we still on time? #globalwarming  https://t.co/b9VgegJPYw
neg,February breaks global temperature records by 'shocking' amount https://t.co/UaLpG6dMLC #ClimateChange #GlobalWarming #Science #StopFracking
neg,Dangerous #globalwarming will happen sooner than thought ‚Äì study - @guardian  https://t.co/RmTEjRViJb
neg,February breaks global temperature records by 'shocking' amount https://t.co/ULtdhl4ewk #GlobalWarming #Change #Climate #Records #News
pos,Record-high temperatures in February: 2016 promises to be a hot year! #climatechange #globalwarming #actonclimate https://t.co/20rOltxxoS
pos,#inspired #hope from #einstein #EleanorRoosevelt #rumi and #courseinmiracles  #globalwarming UN Human Right... https://t.co/yG0kLGqm9O
neg,@progressivepush @guardian Is #Trump #Fearmongoring &amp; Hatred adding to #globalwarming Do humans help or hurt the ecosystem?#Bernie for Peace
pos,.@AssaadRazzouk .@johnlundin .@weatherchannel #globalwarming has arrived https://t.co/BROcForL03 #climatechange #savetheearth
pos,Arnold Schwarzenegger Just Told The World To ‚ÄòStop Eating Meat To Save The Planet‚Äô https://t.co/ypxoG3IYZ5 #globalwarming #GMOs #carcinogen
pos,Positive feedback is our biggest enemy  now. Have we acted too late? #qanda #globalwarming
neg,.@IEA the world has got a problem https://t.co/BROcForL03 #GlobalWarming #ClimateChange#extremeweather #endecocide #savetheearth
neg,February 2016 breaks global #temperature records by shocking amount https://t.co/JSxmNrWzId @guardian #GlobalWarming https://t.co/djZq2Rx7ma
neg,February breaks global temperature records by 'shocking' amount https://t.co/zba1VNDbi6 #globalwarming #actnow #climatechange
neg,Really saddens me to read this having visited the amazing #GreatBarrierReef #Globalwarming üòí https://t.co/yHuDyoDC6S
neg,It's official: We can now say #globalwarming has made some #weather events worse https://t.co/ehphC0iTTo #climateactionnow #climate
neg,While politicians bicker and corporations maximise profits  earth burns #climatechange #globalwarming https://t.co/LNMBrZHoUb via @po_st
neg,It‚Äôs official: We can now say #globalwarming has made some weather events worse https://t.co/irlFiyFrZX
neg,February breaks global temperature records by 'shocking' amount https://t.co/99puT8TMOE #ClimateChange #GlobalWarming
neg,February breaks global temperature records by 'shocking' amount https://t.co/hYzb5JU6LL #globalwarming
neg,@ClimateCentral Unprecedented Spike in #CO2 Levels in 2015 https://t.co/8GGrX4awmq #globalwarming explosion https://t.co/F3PPzx6vdW
neg,https://t.co/YzJmyWxXM6 total #mindblow @eddiebravo @joerogan responsible for #globalwarming and the #corruption of #world #government
pos,The Secret To Good Digestion  Longevity And Health + Smoothie... https://t.co/JKsBKL0Gp4 #scorpio #globalwarming | https://t.co/L1OV6bBe7I
neg,Planetary suicide. As if we had another one to jump to. #globalwarming  https://t.co/VgsD6uH2rd
pos,#inspired #hope from #einstein #EleanorRoosevelt #rumi and #courseinmiracles  #globalwarming Doctor Urged P... https://t.co/aBG5srpCgg
neg,February breaks global temperature records by 'shocking' amount https://t.co/FxZcRH1lWQ #climatechange #globalwarming
neg,Severe coral bleaching worsens in most pristine parts of #GreatBarrierReef https://t.co/PdGT6ft2Q7 #globalwarming #oceans üê†
neg,#GlobalWarming #Tcot Toyota partner in making wind-power hydrogen for fuel cells: Clean hyd... https://t.co/HJjxZsQ4Vf #UniteBlue #CC :-(
neg,People wake up to the fact were in deep... #globalwarming  February breaks temperature records by 'shocking' amount  https://t.co/6RTnlat5ym
neg,Terrible news. We must do more to prevent #globalwarming.  https://t.co/pzKChRANKY
neg,February breaks global temperature records by 'shocking' amount #globalwarming  https://t.co/pY38QPiwMK
pos,The best time to plant trees was 10 years ago. The next best time is now.  #globalwarming #Earth
neg,February breaks global temperature records by 'shocking' amount.  #climatechange #globalwarming  https://t.co/yAnFTRkf5M
neg,#globalwarming If Trump stops Americans from buying massive amounts of products from China  that will reduce China's output of pollution.
neg,Quenching our Thirsty Planet https://t.co/qBsmbqVjUx via @psstdotph #water #globalwarming #climatechange #psstph #partofthestory
neg,February breaks global temperature records by 'shocking' amount  #climatechange #globalwarming #COP21 #SDGs #Paris  https://t.co/ud9VG2McVp
neg,It's official: We can now say #globalwarming has made some weather events worse https://t.co/GVAaivKQLQ #climatechange #climate
neg,Severe #coralBleaching worsens in most pristine parts of #Australia #GreatBarrierReef: https://t.co/wnTLMFwdAl #ClimateChange #globalWarming
neg,Humanity is in a deep pile of crap. #climatechange #globalwarming #apocalypsenow https://t.co/URw7jiAKoe
neg,Fortunately and Unfortunately  both may become true. #DiCaprio #globalwarming https://t.co/gDdp2lYulN
neg,Impact of #GlobalWarming on #food can result in 500 Mln deaths in 2050. https://t.co/NM0xF6CbDB  https://t.co/MKec4MrrRh
neg,February breaks global temperature records by 'shocking' amount #GlobalWarming https://t.co/Zr08nLOxsm
neg,Feb breaks global temperature records by 'shocking' amount #Environment https://t.co/yoJYeJFXFP #globalwarming #environment via @guardian
pos,#inspired #hope from #einstein #EleanorRoosevelt #rumi and #courseinmiracles  #globalwarming African Rhinos... https://t.co/Oa1y7fOTWr
neg,February breaks global temperature records by 'shocking' amount https://t.co/3pRoDZWn1l @GreenpeaceSuomi #globalwarming @earthhour
neg,#mondaymotivation #globalwarming up by 'shocking' amount https://t.co/Cva3lP2GXq We may be passing #pointofnoreturn https://t.co/q9kX0CgMdb
neg,#Australia is known 4 natural beauty but is under threat frm #GlobalWarming 4 #EarthHour switch off #PlacesWeLove! https://t.co/9OoZjfXjke
neg,February breaks global temperature records by 'shocking' amount https://t.co/skWFroB8R4 #globalwarming #EarthHour https://t.co/uGMk3xpnCG
pos,#GlobalWarming https://t.co/Tw0flr6eDl Welcome to the Channel: https://t.co/A5hGHTtOFk Our Website: https://t.co/xxkTtdsAI5 Blog: http://ww‚Ä¶
neg,Severe coral bleaching worsens in most pristine parts of Great Barrier Reef https://t.co/my1vcEV6m1 #GlobalWarming #OteroEnglish #Australia
neg,#February breaks #globaltemperature records by 'shocking' amount. #climatechange #GHG #globalwarming https://t.co/Tac5WMUXqZ
neg,You REALLY believe #GlobalWarming is caused by humans? Ethically you must reduce carbon emissions to decomposition level only. #PJNET #tcot
neg,February breaks global temperature records by 'shocking' amount - https://t.co/Iy4Xzo2n0q well done  #denialists  great work #globalwarming
neg,February breaks global temperature record by 'shocking' amount https://t.co/XYjvP2Y3pD #climatechange #globalwarming https://t.co/xo3SoXlK81
pos,MOOD!  #moodswing #bobmarley #savethegreen #globalwarming https://t.co/Fl6edvFg03
neg,This is kind of terrifying. February breaks global temperature records by 'shocking' amount https://t.co/kcRi06Xcb8 #climate #globalwarming
neg,Dangerous #GlobalWarming will happen sooner than thought ‚Äì study https://t.co/0JC3lbx0bO https://t.co/3OrglSXJ34
neg,February breaks global temperature records by 'shocking' amount https://t.co/qVQ5WOZbRL #globalwarming #climate https://t.co/IG7RLG59FF
neg,#NEROTrump is fiddling by support 4 #coal to get elected as Feb breaks #globalwarming records by 'shocking' amount https://t.co/SaCVMfJJWS
neg,February breaks #globaltemperaturerecords by ‚Äòshocking‚Äô amount https://t.co/Bg7dnpz9VZ #globalwarming #heatrecord https://t.co/zuhoErLi1q
neg,#globalwarming deniers are in trouble.  https://t.co/fQRUsrmIwG
neg,Master Resource:Energy Warring in Canada: Free Market Capitalism  Anyone? #COP21 #ClimateChange #globalwarming https://t.co/wQS3RnOovy
neg,February breaks global temperature records by shocking amount #globalwarming #climatechange #COP21   https://t.co/MUeuKWW3Q4
neg,#NASA -February broke all temperature records by huge margin. World warming much faster than anticipated. #globalwarming #climatechange
neg,February breaks #globaltemperature records by 'shocking' amount | #climatehour #climatechange #globalwarming https://t.co/W2unHl5muJ
neg,"February breaks global temperature records by 'shocking' amount". Stunning! #ClimateChangeIsReal #GlobalWarming https://t.co/6cqo3URYQa
pos,There are still some Filipinos who doesn't believe in the bad effects of burning fossil fuels. Please  find an alternative. #globalwarming
neg,#Bhutan: This country isn't just carbon neutral - it's carbon negative #climatechange #sustainability #globalwarming https://t.co/0EaCI4GNkc
neg,Its official! #Globalwarming is causing #weather extremes.  https://t.co/SHjtvDbt9z  #pollution #globalwarming
neg,#auspol Al Gore is a Carbon billionaire.  The left are so gullible  #globalwarming crap https://t.co/IwQ9D4T4Mk
pos,Huge chunks of Perito Moreno #Glacier break off - Breathtaking phenomenon: #globalwarming https://t.co/EtU0z3ExEa
neg,Siddarth Goenka helps villages fight global warming with biogas plants - Economic Times https://t.co/q32f2CDzb3 #GlobalWarming
neg,Stunning report blows the lid off global warming and severe weather - Morning Ticker https://t.co/howTjq99xO  - #GlobalWarming
neg,We should be terrified. https://t.co/SebME5NQkA #globalwarming
neg,February breaks global temperature records by 'shocking' amount https://t.co/m7qCPpi9fX  #climatechange #globalwarming
neg,Stunning report blows the lid off global warming and severe weather - Morning Ticker https://t.co/R2hKgjBncZ #GlobalWarming
neg,February breaks global temperature records by 'shocking' amount - https://t.co/EjA8tWt0Iq #globalwarming
neg,So sad to read https://t.co/d6YdfzygTA #GreatBarrierReef  #GlobalWarming
pos,#inspired #hope from #einstein #EleanorRoosevelt #rumi and #courseinmiracles  #globalwarming New Practices ... https://t.co/MUQ7ZPkOq2
pos,February breaks global temperature records https://t.co/9zydqkB2D4 #weather #globalwarming #eco #greenpeace #savetheplanet #february #temp
neg,Feb. breaks global temperature records by 'shocking‚Äô amount #globalwarming #climatechange https://t.co/GzcrwDkPma https://t.co/cCp0a1QeAR
neg,Dangerous #GlobalWarming will happen sooner than thought‚Äî 2ÀöC #warming by 2030 #CO2 #climate https://t.co/SIHE7latbc https://t.co/qrEHC9hDym
neg,February breaks global temperature records by 'shocking' amount #globalwarming #altert  https://t.co/6kCFBA9SWr
neg,February 2016 obliterated global heat records  NASA confirms https://t.co/vTmLGpFmmm #globalwarming
neg,#GlobalWarming #Tcot Severe coral bleaching worsens in most pristine parts of Great Barrier... https://t.co/QQp1KvAqRs #UniteBlue #CC :-(
neg,#GlobalWarming #Tcot Climate Scientist Arrested for Fraud: ‚ÄúI would expect many more revela... https://t.co/gAplZcrnWc #UniteBlue #CC :-(
neg,#February breaks global #temperature records by 'shocking' amount https://t.co/rUZWSRBu8G #ClimateChange #GlobalWarming
neg,We need to pay attention February obliterated global heat records  NASA confirms https://t.co/UkUpuZnOix #tech #globalwarming #climatechange
neg,Get ready: February breaks global temperature records by 'shocking' amount https://t.co/lVuQZcFcAF #globalwarming
neg,February breaks global temperature records by 'shocking' amount https://t.co/QCULLAwN66 #globalwarming
neg,i want a cold weather  where is it? it's hot üôÑ #globalwarming
neg,Health Tips ‚Äì Tamarind Treats Loss of Appetite https://t.co/kGvuDk4zsK #scorpio #globalwarming | https://t.co/L1OV6bBe7I
pos,@AayushTodi welcome #globalwarming
neg,How can you say #globalwarming is fake? Stop being ignorant and selfish if you don't want to admit it! Go #green #AFutureToBelieveIn
neg,‚ÄúTrue Shocker‚Äù: Alarming Feb spike in global temperatures. #globalwarming #climatechange #Environment #auspol  https://t.co/dURTzhpTJP
neg,#Globalwarming or #socialmedia? "Why it seems like airplane turbulence is getting worse https://t.co/gPm2V9NgLb https://t.co/TPt7zgxGYq‚Äù
pos,#GlobalWarming https://t.co/laVGRzqlVS The Heartland Institute's Fifth International Conference on Climate Change (ICCC-5) ‚Äî the first held‚Ä¶
neg,The Dutch are already working on protecting their low land from rising seas due to #globalwarming. It's called foresight  lacking in US
neg,Constantly in shock - one day #MotherEarth will never recover! #climatechange #globalwarming #carbonfast2016 https://t.co/AtAefCaMol
neg,#GlobalWarming https://t.co/W8KQI4mL0h Al Gore has a meltdown and despairs as his climate change alarm-ism fails with the general public in‚Ä¶
neg,February breaks global temperature records by 'shocking' amount - https://t.co/XDqYORlHJj #GlobalWarming #ClimateChange
neg,February breaks global temperature records by 'shocking' amount https://t.co/tEM7tNJnBp #climatechange #Globalwarming #lnpfail #auspol
neg,A Warming #Arctic Would Not Cause Increased Severe #Weather or Temp Extremes https://t.co/tI7mx9lcWb via @wattsupwiththat #GlobalWarming
neg,#globalwarming a disaster for the poor https://t.co/iSfURmaYJp  #timetowakeup
neg,Extremes of rainfall and snowfall across the globe  even in arid regions. #globalwarming #pollution https://t.co/QNgdVAgHUG
pos,Retweeted Usaidh mohamed (@UchiyaSays):  Is anyone enjoying the sweat now? Then please contribute to the #globalwarming  #lka #powercut #Me‚Ä¶
neg,Definitive guide to never losing a #globalwarming argument to an alarmist: https://t.co/ubRyaNG2WT #tcot #tlot https://t.co/ssdhn2LhX5
pos,@tinucherian I heard tht from my friend. It's very unlikely rite. #GlobalWarming *something scientific :P *
neg,@EricRuckerfox40 @FOX40 Goodbye #Water - Who needs THAT?! #wasteful #ecological #misuse #needstorage with #globalwarming
pos,5000 homes damaged by extreme flooding in LA state.  This is the real #MarchMadness brought to you by #globalwarming.  Report #climate truth
neg,Clearly a growing problem! #Environment #globalwarming  https://t.co/XUHoMQz8zO
neg,Our media should focus on #climatechange and #globalwarming more than Politics. Then only public can realize it's true danger.
neg,Are #ALT3 and #GlobalWarming fiction? https://t.co/ZI8UOo5Utt #Conspiracy #SciFi #SFRTG https://t.co/jWpADR4eTv
pos,We are running out of time! #climatechange  #globalwarming #gogreen #savetheplanet #plugngo https://t.co/OufbJs9x3f
neg,#GlobalWarming #Tcot Sanders: GOP Sen. James Inhofe is a friend: Inhofe made headlines (and... https://t.co/X5Z8bpROpd #UniteBlue #CC :-(
neg,Feeling under the weather thanks to the weather. #Mumbai #globalwarming #climatechange
