pos,How smartphones helped #NASA to build tiny satelites you can hold in your hand. Read more: https://t.co/4fyxD2rlGj
pos,Hope y'all enjoying  yourselves for #NASA week. Next week we will follow up with  #faithfulblackmen week and following that is SFApril #SFA
neg,@atheistic_1 HUMANISM IS A RELIGION. #NASA #EVOLUTION ALL TAX-FUNDED RELIGIONS.
neg,As #NASA releases climate ‚Äúbombshell‚Äù  more questions raised over #fracking climatic impact https://t.co/2lryCExUj6 via @PriceofOil
neg,NASA Pursues Burning Desire to Study Fire Safety in Space #NASA #RELNEWS https://t.co/YrXD3kCPIt https://t.co/BUtXa3vlyg
pos,SUN worship = #Illuminati #Masons #NASA https://t.co/xxaxixt7vZ
pos,#NASA just released awesome footage that has revolutionized our understanding of Mars  #NASA footage of Mars https://t.co/Yfp46kqL5k
pos,@astro_timpeake Planet Earth looking great in Green today! #StPatricksDay #Irish  #spacerocks  #Ireland  #NASA  #ESA https://t.co/nf852Tts44
neg,@andrewanon87 LIES ONLY TAKE YOU TO HELL. Along with #NASA #Masons.  #FLATearth of God rules.
neg,Ceres' Mysterious Bright Spots Change Unexpectedly  #NASA #MUFON  https://t.co/fIrEHhFyR7 https://t.co/1eVzhKFraO
pos,Super Interesting Film Here! Narrated by Orson Wells  this 1975 #NASA film explores the view of extraterrestri... https://t.co/6qFOLfRmDZ
pos,#Nasa #news Planetary Conference to Feature Ceres  Mars  Pluto Science Results https://t.co/a190qFS3py Love Nasa :))
neg,Part 1 of a UofA talk by Prof Alcubierre re warp-drive https://t.co/CShRCSZ6Pb ‚Ä¶   #nasa #space #astrophysics #SFF https://t.co/L8vsvyvGh0
neg,@andrewanon87 #FLATearth rules &amp; IS a CIRCLE.  Stop believing lying #Masons #NASA #NASSholes. https://t.co/zGmKclR88i
pos,#NASA Giving Away #Brilliant #Space #Travel #Posters For #Free https://t.co/gBZBziwIww via @thedrive  #awesome #science
pos,Planetary Conference to Feature Ceres  Mars  Pluto Science Results via NASA https://t.co/eervzIwmZu #breaking #nasa #amazing
neg,@VINDICATORofYah Damn! That shit must be true then! Lol #NASA #LIES
pos,So ‚Ä¶ What‚Äôs It Like On The Space Station  Commander? #NASA #RELNEWS https://t.co/I5lUMdjHPQ
neg,NASA chief: Apollo engineers who criticize SLS don‚Äôt grok modern rocketry https://t.co/yWGqbIeiQm #NASA #Budget2016
neg,#NASA are LIARS! 100% #FLATEARTH PROOF HERE: https://t.co/a2ZsNsLC6Q Wednesday March 16 2016:6:03:13 PM
neg,And then  the #bombshell: #NASA would like to #light a ‚Äú#large #scale #fire‚Äù in #space.  [...]  The entire... https://t.co/AxRmq93rwU
pos,Check Out These Interesting Facts about NASA! https://t.co/rcNFUyFCkB #NASA #Science https://t.co/ifoCxS0jg7
pos,Check Out These Interesting Facts about NASA! https://t.co/TEVqQT8KNC #NASA #Science https://t.co/3PdWAcdC94
pos,17 Breathtaking Images From #NASA 's #Mars Reconnaissance Orbiter - https://t.co/mLMqdUt3jW #space https://t.co/qQg5JCLVwA
pos,Did you know that #NASA's shuttle support contractor uses #python?
neg,#NASA‚Äôs Apollo 12 Photo Shows Pentagon Black Project TR3B-Type #Alien #UFO Observing #Moon‚Ä¶ https://t.co/SU4YKTgZr8 https://t.co/jDOT2SxQ9h
neg,Part 2 of a UofA talk by Prof Alcubierre re warp-drive https://t.co/FeexUKHM8k   #nasa #space #astrophysics #SFF https://t.co/Wcc4NmeZOl
pos,NASA Remembers Its Fallen Heroes  30th Anniversary of Challenger Accident - Shoals Insider #nasa https://t.co/tawvfQdyQT
neg,Met with Amber @astraughnomer The telescope will capture details of galaxies over 13 billion light years away #nasa https://t.co/ENXhZ37NvO
neg,@FuCensorship @hannahz___ @FlatEarthRT Yes  #NASA lied to us all. We live on a #FlatEarth #EarthIsFlat
neg,Is this video from the #ISS real or fake ? You decide. https://t.co/n7lIDinPcL #space #FlatEarth #NASA
neg,#nsa #dst #fsb #cia #mossad #nasa   EARTH PUT IN SICKNES BY THE FAKE CONECTION WITH THE OTHER ENTITY OF UNIVERSE https://t.co/erEns4xtMu
pos,Jupiter is looking especially bright and pretty tonight! #Stargazing #LookUp #Insignificant #NASA #NightSky #Planets
pos,Mars inspires future generations of engineers. We recommend watching this in full screen! #NASA #STEM #edTech https://t.co/WRubjP1GB0
neg,#nasa: Why Nasa still flies an old British bomber design | https://t.co/P0OS0HPUIT https://t.co/QJ6y0VjnwX
pos,Although he doesn't look happy  it is safe to say that the #rocket behind him is AWESOME! #saturn5 #nasa https://t.co/4mAGaYZI4f
neg,NASA Selects Instruments to Study Air Pollution  Tropical Cyclones #NASA #RELNEWS https://t.co/MUvx9T3kxr https://t.co/2aD5fE0Z6H
neg,What could possibly go wrong? https://t.co/FJfYV42Xu8 via @NewsBeatSocial #NASA https://t.co/f334cWcpBp
pos,Wow! But what do the #kids get to do?  #Nasa   Congrats @ClarkCountySch! https://t.co/d6PCZ7Vh0o
neg,@readyornotfory2 @MarcDeane #heliocentricism is based on lies &amp; fraud. Can't be "solid". #NASA lies.
pos,#ajwamood : #NASA : The global  temperature in February took its greatest leap in 136 years of  record-keeping (1-2) https://t.co/tRvpcD3tmC
neg,#NASA Shares View of Massive Winter Storm From Space #NASA #NASA... https://t.co/G60PmJhgMV
pos,@LPSmartSide The team learned a ton  and had a blast with Tom Smith.  Always great to learn more about this #NASA tested dynamite product!
pos,Nice looking Rocket. America had a Rocket once. #nasa #nasa2016   https://t.co/OkvXDMCHQr
pos,@OSIRISREx new artwork "Pioneers" for the #WeTheExplorers mission  good luck #NASA https://t.co/0lxLBydquL
neg,Wednesday March 16 2016:4:50:59 PM #NASA is EVIL! #FlatEarth! https://t.co/nILmtwsKKm
neg,#NASA LIED TO us! we LIVE ON a #FLATEARTH!!! https://t.co/QUgbpnf7Dh Wednesday March 16 2016:4:50:25 PM
neg,#NASA serve #SATAN! #FlatEarth! https://t.co/3m2eLu43Dq Wednesday March 16 2016:
neg,#NASA LIED TO us! we live on a #FlatEarth! https://t.co/JCOy33shKC Wednesday March 16 2016:4:49:16 PM EST
neg,@NASA Pursues Burning Desire to Study Fire Safety in Space https://t.co/2010xXa9Ff #NASA #innovation #STEM
pos,Great piece about Harry Lange ‚Äì the man who drew the future&gt; https://t.co/I01Zr8BEA4 #NASA #illustrator #design https://t.co/rx0Tngn9xL
pos,Check Out These Interesting Facts about NASA! https://t.co/f1yjf6MsDQ #NASA #Science https://t.co/r0YJoGqkss
pos,Check Out These Interesting Facts about NASA! https://t.co/BkE6AFZDEZ #NASA #Science https://t.co/xvYhmnwpso
neg,Unusual 270-mile-wide ‚Äòbite mark‚Äô on #Pluto‚Äôs surface baffles NASA https://t.co/Qao9OzKkeX #NASA #Space #Science
neg,Setting things on fire in space - I think I may have the wrong job here. #saffire #NASA https://t.co/hrRleSD9P8
neg,#DISNEY &amp; #NASA = LONG FRAUDULENT RELATIONSHIP DUPING THE WORLD. #VernerVonBraun  They hate God &amp; His #FLATearth https://t.co/jKt9nerIfX
pos,NASA Astronaut Scott Kelly Returns Safely to Earth after One-Year Mission #NASA #RELNEWS https://t.co/I2wMXGeeXv https://t.co/Mh3NBAucJK
neg,#NASA Pursues Burning Desire to Study Fire Safety in #Space #astronomy https://t.co/GZHJgLlqK0 https://t.co/IXoYO6RrCZ
neg,#NASA Pursues Burning Desire to Study Fire Safety in #Space #astronomy https://t.co/GZHJgLlqK0 https://t.co/QbV5Q36WHl
pos,An EPIC Eclipse : Image of the Day https://t.co/6I6rtFq8Lb #NASA
neg,#NASA chief: Apollo engineers who criticize #SLS don‚Äôt grok modern rocketry https://t.co/j3aKZRUyu8 #Science https://t.co/M0IC3y0UQo
pos,An EPIC Eclipse : Image of the Day https://t.co/xK4uZ1otjs #NASA
pos,Cool stamps from #USPS. #NASA #space https://t.co/ryd4N4JJtC
neg,ICYMI: Temperature records shattered by record margins so far in 2016 https://t.co/iz2Au7wvI3 #climate #NASA
pos,@BrainGames Friends  Romans  countrymen  lend me your ears #DEW #Galileo #ISS #FallingBodies #GravityTest  #NASA #STEAM #ilookup #GravityTek
pos,This video is the greatest thing ever; I really hope to have that feeling one day. #NASA  https://t.co/3GbgDaMAx1
pos,Johnson Space Center  #NASA @NASA WB-57 Canberra  https://t.co/TzIIU87ThS https://t.co/9BSTG9G3b3
neg,#NASA The world  like N.J.  was abnormally warm this winter  NASA says: A NASA analysis of global temperatures... https://t.co/vx7qc2Srtd
pos,Tech Throwback: Thank God(dard) for NASA https://t.co/4ZnARWhkO1 #throwback #NASA #technews  @wirelessdesign
neg,#Nasa to test fire in space by burning unmanned orbiting craft  https://t.co/avTEHswfpn
neg,#NASA #NTRS Experiences with Extra-Vehicular Activities in Response to Critical ISS Contingencies https://t.co/oBcVEEHYHn
pos,#Mars2030 partnership with MIT  FUSION  and #NASA aims to have humans experience #Mars through #VR. Pretty cool! #virtualreality #sxsw
neg,As #NASA releases climate ‚Äúbombshell‚Äù  more questions raised over #fracking climatic impact https://t.co/evlkWLgF42 via @PriceofOil
neg,Did #NASA just drop a bomb on the #Moon to destroy #aliens base? https://t.co/2N6BEDD61x #UFO #alien #alienspecies https://t.co/r9AvgN1mtK
neg,#NASA are LIARS! 100% #FLATEARTH PROOF HERE: https://t.co/a2ZsNsLC6Q Wednesday March 16 2016:3:14:29 PM EST
neg,14 #Photos of Abandoned #NASA Facilities https://t.co/R9FD1ji3z7¬†#retweet https://t.co/I66JAOoJQ0
pos,What is it like to blast off the planet? A former #NASA astronaut describes it: https://t.co/ZXjZVMVNnY https://t.co/ekSPEKfe6v
neg,#FlatEarth #flatearthproof #TESTIT #NASA   We have been lied too!!! Time to change  https://t.co/X7GpB3n7xy https://t.co/XmnWTsTdi0
pos,Reason why #NASA is so good at #CGI and #Visual TRICKERY üòâ #WaltDisney #WernherVonBraun and the‚Ä¶ https://t.co/uqzLjjAbhE
neg,February Breaks Global Temperature Record By An Alarming Margin: #NASA - Headlines &amp; Global News https://t.co/QhKTFFrvGy
pos,I just found out  there is live stream of our planet from #ISS. How cool is that? https://t.co/99EDt8G0O1  #NASA
pos,#NASA #photo of #Ireland #happy #StPatricksDay to #all have #fun and #party https://t.co/6ydAHbNk3V
pos,#Nasa - NASA Selects American Small Business  Research Institution Projects for Continued Development: NASA ha... https://t.co/C6E8DnsmOm
pos,#Nasa #news NASA Selects American Small Business  Research Institution Projects for Continued De... https://t.co/HVstbVTxlK Love Nasa :))
neg,Is There Someone Else On #Mars? #NASA Photo Shows #Alien Scout Monitoring #Curiosity Rover‚Ä¶ https://t.co/Q894NYU0YU https://t.co/OoVZ8ea5iR
pos,My son has built his first model #rocket. He's in love with #NASA and he is set for a #STEM career or business. https://t.co/gECt0sPZKd
neg,#NASA NASA's ambitious plans to BURN one of its ships in SPACE: They won't be looking to make a miniature sun ... https://t.co/nA5YCOKtNI
pos,Happy birthday to Alan bean. #Nasa's friendliest #astronaught #apollo12 #spacelectures #saturnv #timpeake https://t.co/Vmc4Fe5j9j
pos,#NASA Magnetospheric Multiscale Mission Celebrates One Year Anniversary | The Daily Voice https://t.co/1ZOsrQIX7C via @The_Daily_Voice
pos,My favorite #robots Five amazing snake robots  one page! (2005) https://t.co/FsTTuK03XI #robotics #scifi #NASA Ames https://t.co/ZhDEuHJBzD
neg,#ISS #SpotTheStation #NASA #TimPeake Space Station visible over #UK Time: Thu Mar 17 5:20 AM  Visible: 4 min  Appears: W  Disappears: ESE
pos,.@AmbassadorsVIP @TravelFoodiesTV @LoveThatYacht are excited to be covering next @NASA #NASA Launch for #SocialMedia #InfluencerMarketing !!
neg,It‚Äôs now 74 times more difficult to get into #NASA than... https://t.co/3UxZZlvGPp
pos,Beautiful picture   Dark and light ..  #space #moon #nasa https://t.co/PK2xWzNISi
neg,#Climate - The world  like N.J.  was abnormally warm this winter  #NASA says - A NASA analysis of global... https://t.co/8uJMS1m8C6
neg,Space is a lonely place.  #tinyart #doodles #pdx #portlandoregon #space #spacesuit #nasa #astronaut by torgosrightk‚Ä¶ https://t.co/sJ19ypXJp5
neg,Wednesday March 16 2016:1:57:14 PM #NASA is EVIL! #FlatEarth! https://t.co/nILmtwsKKm
neg,#NASA LIED TO us! we LIVE ON a #FLATEARTH!!! https://t.co/QUgbpnf7Dh Wednesday March 16 2016:1:56:44 PM
neg,#NASA serve #SATAN! #FlatEarth! https://t.co/3m2eLulEuY Wednesday March 16 2016:
neg,#Earth sets terrifying new temperature record. #NASA‚Äôs reaction? ‚ÄòWow!‚Äô https://t.co/KydiyVqCOa https://t.co/a5bU8ThQAF
neg,#NASA LIED TO us! we live on a #FlatEarth! https://t.co/JCOy33shKC Wednesday March 16 2016:1:55:37 PM EST
neg,#strategical #weapon #AcademicZodiac #NASA #military #strategy #tactics #prediction #nuke  (cont) https://t.co/x88vYkYZTA
pos,#Astronaut #ScottKelly's 12 best photos from his #YearInSpace: https://t.co/51927l0xS5 #NASA #Photography #Space
pos,#NASA releases stunning Ceres close-up images #NASA... https://t.co/khnkVMXXYC
pos,Something new to my kitchen   fire proof for sure #NASA @KirsiCootie lol https://t.co/HTGOH0OsSW
neg,#DidYouKnow Daniel Newman retired from his career as a #Rocket #Engineer for #NASA! #ArtLovers #Sedona #Stone #Art https://t.co/z6thevk5o3
pos,Hey!! I am down here! CHEERS!! üëãüëã #Mediterranean #NASA #NASASocial https://t.co/lIpiE0wExK
pos,Magnetic sun: Nasa releases stunning image of Sun's magnetic field https://t.co/mAhSbVl0pS via @IBTimesUK #NASA
neg,#NASA is testing its alien-detecting tools in Chile's Atacama Desert https://t.co/FUtWAhNetD #MITC #MITCS #ChapterWeb
neg,I too like Spicy #pizza  but it does not like me.  I power though the misery to reap the delight. #foodie #NASA #FBI https://t.co/lqfrSChJyW
pos,Hey  that's me. #NASA #commercial #print #actress https://t.co/2esYhjw8xa
neg,Review of NASA's Evidence Reports on Human Health Risks https://t.co/vKIO5KCVwy #JourneyToMars #NASA
neg,Review of NASA's Evidence Reports on Human Health Risks https://t.co/sLqRAoxHe5 #JourneyToMars #NASA
neg,Review of NASA's Evidence Reports on Human Health Risks https://t.co/d4p9UgdAyE #JourneyToMars #NASA
neg,Review of NASA's Evidence Reports on Human Health Risks https://t.co/HMdLa8uaDK #JourneyToMars #NASA
neg,Sediments Betray Hidden Shipwrecks : Image of the Day https://t.co/HiGHLcMtQ0 #NASA
pos,Image of the Day: March 16  1966: Gemini's First Docking of Two Spacecraft in Earth Orbit via #NASA https://t.co/Blq9rqNCqn #beauty #rtm
neg,You had 4 NASA women who have made waves in their careers  and you gave them only 30 minutes to talk and answer questions? WTF??? #NASA
pos,#Nasa - ULA Does Not Understand Basic Business Economics: ULA intends to lower its costs  and raise its cool  ... https://t.co/m7Y86sVJlS
pos,Major Security Issues Remain Within #NASA IT Systems https://t.co/ZL8WOgjtK6
pos,Major Security Issues Remain Within #NASA IT Systems https://t.co/LJmU81lzKq
pos,Major Security Issues Remain Within #NASA IT Systems https://t.co/8oPXmD7zOu
pos,Amazing #NASA #sun animation https://t.co/DhpCQp1q8J
neg,Shout out to @WestOrange native #astronaut #ScottKelly on his #YearInSpace and much earned retirement #NASA https://t.co/H1jUekArqY
pos,.@aliciamhansen It was great that we were both on #NASA TV after  @NASAglenn tour.
neg,#Nasa to set a ship on fire in #space  to test safety in emergencies: The Independent https://t.co/YRbpPy0HYj
pos,@NASA @WomenNASA @ISS_Research What would be your favourite aspect to your work and why? #AskNASAWomen #NASA #STEM
pos,Exciting #NASA @standardsmanual updates coming this week. Stay tuned. https://t.co/5qfYw39wzq
pos,mufon: Wow  technology is amazing! https://t.co/8RXbF1PZ5k #NASA #earth #science
pos,Wow  technology is amazing! https://t.co/vHh7bJWB7O #NASA #earth #science
neg,Watch: #NASA supercomputer video shows Winter Storm Jonas... https://t.co/LP29cnWCay
neg,Plunging into the Ionosphere: Satellite‚Äôs Last Days Improve Orbital Decay Pre #NASA #RELNEWS https://t.co/cNuuDWvGrH https://t.co/ynJscI5PTA
pos,Wow  technology is amazing! https://t.co/I0yI0pVT1f #NASA #earth #science
neg,#InternationalNews #Nasa to test fire in #space by burning unmanned orbiting craft https://t.co/Ph61qbkfFw https://t.co/cfRuk4A5Qm
neg,Why Won't NASA Talk About Massive Interstellar Alien UFOs That ... - The Inquisitr https://t.co/1W9YP4Y208 #nasa #nasanews
pos,Magnetic sun: Nasa releases stunning image of Sun's magnetic field - International Business Times UK https://t.co/TyGz44S2St #nasa #nasanews
neg,Retired NASA Pilot to Join Virginia Aviation Hall of Fame #NASA #RELNEWS https://t.co/Ct7DcJsg1K https://t.co/ST39mms13R
pos,#NASA‚Äôs Next Great Telescope Will Settle This Alien... https://t.co/dyLXL5I9Oc
neg,#NASA are LIARS! 100% #FLATEARTH PROOF HERE: https://t.co/a2ZsNsLC6Q Wednesday March 16 2016:12:21:04 PM
pos,When Can The Rest Of Us Play With NASA's VR Cool Toys? https://t.co/JOrai8gDnI #NASA #SXSW
neg,Something Big Came OUT Of A #BlackHole Recently! #Scientists Baffled 3/15/16! #NASA #UFO #Flares #ExRayEnergy  https://t.co/R5yzgo6R49
neg,Why Won't NASA Talk About Massive Interstellar Alien UFOs That ... - The Inquisitr: The InquisitrWhy Won... https://t.co/W0spjEM2g4 #nasa
pos,Gotta love @StationCDRKelly !! So much fun!   #NASA #yearinspace https://t.co/BwY5IeAAKy
pos,T-3 minutes! #NASA's #Livestream with #inspiring #STEAM+#STEMwomen=#Women #Herstory+#SpaceEd  #VTed‚Üí#AskNASAWomen ?s https://t.co/kxWigQwFjm
pos,I'm not sure I like the idea of either of these. @NASA @exploreplanets @LKrauss1 #blackhole #nasa #space üçù https://t.co/lPpGCo7W4I
pos,Love my @NASA and @SpaceX apparel from the #NASA #KennedySpaceCentre  An #Astronaut signed my shirt #STEM #Science https://t.co/nVPYlY1796
pos,@ThiagoPBauer IMAGE CREDIT:  #NASA  Righttttt - we believe #NASSholes &amp; #Masonic CGI BS.  Catch a clue b4 u spue.
neg,Junior @BenSerano met w/ retired #NASA #Astronaut &amp; Prez Space Systems Group at @OrbitalATK Frank L. Culbertson Jr.! https://t.co/eIu0yZKGey
neg,Incredible mars anomaly found in #NASA mars images https://t.co/0HIlkwYz6B https://t.co/i3LpShZi0k
pos,Don't miss our #SpringBreak combustion live show in Zero-G Diner! Get tickets today! https://t.co/tKuhJbE4QJ #NASA https://t.co/FNGkIM4wUp
neg,Newton's three lows of motion ! (https://t.co/TXpvM5CHmc) #Newtone #NASA #physics #CNN #BBC #NEWS #NASASocial #PLST https://t.co/aeVpZYkA2g
pos,Best view yet of merging galaxies in distant universe: https://t.co/k5MZxcqC4o  https://t.co/KB1tb4UK55 #nasa #nasasocial #photo #space
pos,New Galactic Supercluster Map Shows Milky Way's 'Heavenly' Home: https://t.co/1keqwU1Ph4 https://t.co/W1XHbqg6VI #space #nasa #nasasocial
pos,4 Things NASA Can Teach You about a Good Night's Sleep: https://t.co/AmbLNAOleo üåé #nasa #space #nasasocial
neg,NASA announced that a massive #solar storm is headed straight for us: https://t.co/q7jxNrfj4T #NASA
pos,4 Things NASA Can Teach You about a Good Night's Sleep: https://t.co/cTNKTzsrjS  #nasa #space #nasasocial
pos,"RIP Leonard Nimoy. So many of us at #NASA were inspired by Star Trek. Boldly go..."  https://t.co/UAQxCOnjfe https://t.co/OnAI1y35xe
pos,New Galactic Supercluster Map Shows Milky Way's 'Heavenly' Home: https://t.co/bc3TJLkuoW https://t.co/akEDKDaXx9 #space #nasa #nasasocial
pos,4 Things NASA Can Teach You about a Good Night's Sleep: https://t.co/HaJiZvkXPT üåé #nasa #space #nasasocial
pos,4 Things NASA Can Teach You about a Good Night's Sleep: https://t.co/XbgQmj4XkZ  #nasa #space #nasasocial
pos,New Galactic Supercluster Map Shows Milky Way's 'Heavenly' Home: https://t.co/S2hreOaSti https://t.co/ue9DYQoQAs #space #nasa
neg,@CreativeReview @simonty I remember reading #NASA was concerned about the artist concepts being potentially too close to real life designs
pos,NASA‚Äôs Giving Away Brilliant Space Travel Posters For Free https://t.co/VV8DI8a4QV #nasa #poster
neg,#NASA Why Won't NASA Talk About Massive Interstellar Alien UFOs That Appear In SOHO Images Of Our ...: Online ... https://t.co/zBVb2ioqmO
pos,#NASA Astronaut Ellen Ochoa attributes her success to a great education. #WomensHistoryMonth
neg,#NASA to test fire in space by burning unmanned orbiting craft https://t.co/El746aWUXE #Science https://t.co/euNA6YAb3b
neg,Sad news; Langley Engineer and Author John Newcomb Dies | via #NASA https://t.co/X6UXUfIuaw
neg,#Nasa - Why Won't NASA Talk About Massive Interstellar Alien UFOs That ... - The Inquisitr: The InquisitrWhy W... https://t.co/4rtECUm0hl
pos,NASA Developed Technology Aims to Save Commercial Airlines Fuel  Time #NASA #RELNEWS https://t.co/DrF5DglA4q https://t.co/nCy9zcVuvz
neg,We now do have evedence of interferrence from another planet. View your satillite feed as soon as you interfer with me grandly . #NASA
neg,Building @ApogeeRockets #SaturnV. Slow process  but this thing is a monster! #NASA #makered #lifewithoutwife https://t.co/Fb34ZZIZK9
neg,#NASA is an Evil simple as!
neg,Wednesday March 16 2016:11:06:55 AM EST #NASA is EVIL! #FlatEarth! https://t.co/RCBkSQjkt0
neg,#NASA LIED TO us! we LIVE ON a #FLATEARTH!!! https://t.co/QUgbpnf7Dh Wednesday March 16 2016:11:06:25 AM
neg,#NASA LIED TO us! we live on a #FlatEarth! https://t.co/JCOy33shKC Wednesday March 16 2016:11:05:19 AM
pos,PwC meets NASA's astronaut @astro_jessica. Women in leadership #amazing #maketomorrow #sandbox #NASA https://t.co/bLvraiPcIp
pos,#NASA selects proposals to build better solar technologies for deep space missions. Read more: https://t.co/2A9HUJg5SL
pos,@HerneBayJuniors great work hopefully a #NASA job for one of you üëç
pos,#NASA #APOD 2013 April 16: Grand Spiral Galaxy M81 and Arp's Loop . . . . . . . . . . . . . . . . . .... https://t.co/dnY0VZgmrn #science
pos,#Air Purifying #Plants Approved by #NASA - https://t.co/eZCO0TKcg5 #AirPurification #Health #wellness #lungs #breathing #toxins
neg,@Timemonkey1 @Alba_gamer What's the big deal with #NASA? They're new kids on the block. Newton Einstein lived &amp; died long before. #FlatEarth
pos,An EPIC Eclipse : Image of the Day https://t.co/XYzHCD35Yr #NASA
neg,Sediments Betray Hidden Shipwrecks : Image of the Day https://t.co/6d2Kh6Tgel #NASA
neg,3 reasons why #NASA believes #TheNino will be as #Powerful as the worst ever ‚Üí https://t.co/1glpeyFIVq https://t.co/13LZnGDmDA
pos,With the #NOAA NESDIS team at #NASA Goddard Flight Space Center Conceptual Image Studio. Amazing! https://t.co/u3xyyhinfk
neg,Given how bad #NASA testing has become (rocket shot from Edwards MISSES rocket shot from Kwajalein) it could happen! https://t.co/HQGFMynmc3
neg,#nasa #world #space February Breaks Global Temperature Record By An Alarming Margin: NASA - Headlines &amp; Global... https://t.co/9LSjQpae2s
neg,Astronomers discover the most metal-poor galaxy in the local universe https://t.co/iv0aV2gIYP (via @NewsfusionApps #NASA News)
pos,Welcome to science class  Mr. Leveille style! @NASA @WaltDisneyWorld #MarchBreak #Orlando #Disney #Epcot #NASA https://t.co/cBSz3wpphI
neg,11 #NASA Buildings Evaluated for #Asbestos Risks¬†#cancer #mesothelioma #OSHA #EPA #CA https://t.co/vWjOqClsnF https://t.co/LqTGsgvJUk
pos,Time for a #WritingSprint for @NASASpaceflight. Asteroid Redirect Mission (#ARM) is fascinating. See how #NASA plans to accomplish this task
pos,That's beautiful ! #nasa #spacestation #space #picture¬†  https://t.co/0N3PTFDVx1
neg,#Needless #Wars over #Oil https://t.co/kcJtD6SLct It's not a #Fossil #Fuel. #Nearby #planets have lots of it says #NASA. #Clever #Russians!
pos,Happy anniversary #goddard! #nasa https://t.co/eZx01NoZIM
neg,Why Haven't We Met Aliens Yet? Because They've Evolved into AI | Motherboard.https://t.co/h6Au1zmwMl #alien #nasa #computing
neg,#nasa: February obliterated global heat records  NASA confirms | https://t.co/Dmi5WskbGE https://t.co/mAM8LIdJzL
neg,#NASA's working on a supersonic jet and it looks... #awful https://t.co/lb3OudESte https://t.co/4e732TrSuM
pos,...Despite #NASA critics (and I am one)  I am optimistic that they will make great contributions to getting crews on to the surface of #Mars
pos,#Space also causes forces companies like @ulalaunch to up their game (see https://t.co/1GHu645dzQ). #NASA can and should take advantage...
pos,#NASA Magnetic sun: Nasa releases stunning image of Sun's magnetic field: Nasa scientists have created a image... https://t.co/apwBdXh6ya
neg,...so when companies like @SpaceX come along and challenge the industry  #NASA's capabilities-approach can leverage the new capability...
pos,‚óä‚Ä° Claim your very own #Moon land! Deed for 5 Lunar acres! Great novelty #Giftideas #NASA https://t.co/2YcUWMT45C https://t.co/0wkJ8nqa8m
neg,...it was the same canned message #NASA usually gives: they waffled on dates  failed to define a long-term plan  and played on emotion...
pos,#nasa and #satellites think movie studio great special #fx all a lie and a #hoax its the #masonic #orange that gives the clue
pos,School 22 students  working hard and developing a love of space.  Great job! #Nasa #space
pos,Spot the International Space Station from your area with https://t.co/7s6IG3TfZ8 Fun with #Nasa #elearning #edchat
neg,#Nasa to test #fire in #space by burning unmanned #orbiting #craft   https://t.co/mSHejNKPPg
neg,#NASA to test fire in #space by burning unmanned orbiting craft - https://t.co/pGZezp521j #tech
neg,@Manisha_P6 @SPACEdotcom @SpaceVerseTM  #NASA #Space  NASA to test fire in space by burning unmanned orbiting craft https://t.co/O49I44mfyb
neg,February Breaks Global Temperature Record By An Alarming Margin: NASA - Headlines &amp; Global News: Headlin... https://t.co/5rauo27c9w #nasa
neg,#NASA #Landsat ‚Äì Landsat Satellite Data May Help Find Shipwrecks ‚Äì The Landsat satellite¬†is used for a‚Ä¶ https://t.co/fTPVGhOmBy #Science
neg,#NASA #Landsat ‚Äì Landsat Satellite Data May Help Find Shipwrecks ‚Äì The Landsat‚Ä¶ https://t.co/s16RN7j7xk #Science https://t.co/nkW5Gs6ic2
neg,#NASA #Landsat ‚Äì Landsat Satellite Data May Help Find Shipwrecks ‚Äì The Landsat satellite¬†is used for a‚Ä¶ https://t.co/gyJvLf0HEp #Science
neg,#NASA to test fire in #space by #burning unmanned orbiting craft... https://t.co/iKL1AQR7ub
neg,#NASA are LIARS! 100% #FLATEARTH PROOF HERE: https://t.co/a2ZsNsLC6Q Wednesday March 16 2016:9:29:17 AM EST
neg,#NASA #Landsat ‚Äì Landsat Satellite Data May Help Find Shipwrecks ‚Äì The Landsat satellite¬†is used for a‚Ä¶ https://t.co/F2nG22p98l #Science
neg,#NASA #Landsat ‚Äì Landsat Satellite Data May Help Find Shipwrecks ‚Äì The Landsat satellite¬†is used for a‚Ä¶ https://t.co/3Ae1214GBY #Science
neg,#NASA #Landsat ‚Äì Landsat Satellite Data May Help Find Shipwrecks ‚Äì The Landsat satellite¬†is used for a‚Ä¶ https://t.co/QkZiTopojM #Science
neg,#NASA #Landsat ‚Äì Landsat Satellite Data May Help Find Shipwrecks ‚Äì The Landsat‚Ä¶ https://t.co/5ZWipHmCyp #Science https://t.co/RvRLykF9wy
neg,#NASA #Landsat ‚Äì Landsat Satellite Data May Help Find Shipwrecks ‚Äì The Landsat satellite¬†is used for a‚Ä¶ https://t.co/5EPNbVdt2P #Science
neg,#NASA #Landsat ‚Äì Landsat Satellite Data May Help Find Shipwrecks ‚Äì The Landsat‚Ä¶ https://t.co/2KPHntkH5c #Science https://t.co/A9MvsIdzqJ
neg,#NASA to test fire in #space by #burning unmanned orbiting craft... https://t.co/TuickVc36R
neg,Part 2 of a UofA talk by Prof Alcubierre re warp-drive https://t.co/FeexUKHM8k ‚Ä¶ ‚Ä¶  #nasa #space #astrophysics #SFF https://t.co/1fnddabskU
neg,#Nasa to test fire in space by burning unmanned orbiting craft https://t.co/rQYR937LFN
neg,Part 1 of a UofA talk by Prof Alcubierre re warp-drive https://t.co/CShRCSZ6Pb   #nasa #space #astrophysics #SFF https://t.co/d0ETACqrG9
neg,#NASA to test fire in #space by #burning unmanned orbiting craft... https://t.co/6nEMhFu53C
neg,#NASA to test fire in #space by #burning unmanned orbiting craft... https://t.co/UIduP2tm53
neg,#NASA to test fire in #space by burning unmanned orbiting craft https://t.co/wgLCkOhEGh via @physorg_com
neg,#NASA Nasa to set a ship on fire in space  to test safety in emergencies: Nasa is about to set a space capsule... https://t.co/Me5BPzt82a
neg,#NASA Nasa to test fire in space by burning unmanned ATK Cygnus spacecraft: Washington: Nasa said it will test... https://t.co/KJmUlEYq4P
neg,via sciencejoke.s Awkward!! #Realize #EnergyDrinks #Spaceprogram #Nation #Nasa #Science #Scientist #Laughing #Smart‚Ä¶ https://t.co/2V4yHKNmT2
neg,#News Nasa to test fire in space by burning unmanned ATK Cygnus spacecraft: Washington: Nasa said it wil... https://t.co/lc8LAQTEZW #NASA
neg,#NASA is about to test the effects of a large fire in #space by burning an unmanned orbiting #spacecraft. https://t.co/aBzMPE6qxv
neg,#Nasa - NASA chief: Apollo engineers who criticise SLS don't grok modern ... - Ars Technica UK: Ars Technica U... https://t.co/grNgFUwwAV
neg,Waiting on the Ross shelf #Pollution #science #nasa #researchimpact  https://t.co/wQkWggFNYO
neg,#NASA test fire space #burning unmanned orbiting craft https://t.co/vq5DyX5lXD
pos,#Nasa to set fire to (empty) space capsule to test safety of astronauts ! https://t.co/33im5pgkJS
pos,NASA Exoplanet Travel Posters for the flat. Love these! üëå #nasa #exoplanet #travel https://t.co/EDS6vQs28N
neg,BIZARRE : NASA to light a 'large fire' in space for experiment https://t.co/1Br4aJCL5H #NASA #experiment #fire
neg,BIZARRE : NASA to light a 'large fire' in space for experiment https://t.co/i6rwIC7unW #NASA #experiment #fire
pos,@derekmillerlive his good luck charm has a story for you the moon... #nasa
pos,#NASA displays #sun‚Äôs ‚Äòinvisible‚Äô magnetic fields in amazing detail https://t.co/kPCLx23EL4
neg,A scared egg ready for our Soyuz capsule tests. Y4+6 creating a safe re-entry from space. #NASA #scienceweek #space https://t.co/xh3bpFI7pC
neg,BIZARRE : NASA to light a 'large fire' in space for experiment https://t.co/mtYSV0zPwA #NASA #experiment #fire
pos,#NASA Selects Proposals to Build Better #Solar Technologies for Deep #Space Missions https://t.co/R63GUYZ4Pm
neg,Wednesday March 16 2016:8:16:13 AM #NASA is EVIL! #FlatEarth! https://t.co/nILmtwsKKm
neg,#NASA LIED TO us! we LIVE ON a #FLATEARTH!!! https://t.co/QUgbpnf7Dh Wednesday March 16 2016:8:15:44 AM EST
neg,#NASA Developing Mission To Capture Boulder From #Asteroid  Send It Into #Moon Orbit .... #Space https://t.co/wpkSZLXn08
neg,#NASA LIED TO us! we live on a #FlatEarth! https://t.co/JCOy33shKC Wednesday March 16 2016:8:14:39 AM
neg,Clocking the Extreme Spin of a Monster Black Hole https://t.co/KwUKe8vZLT (via @NewsfusionApps #NASA News)
neg,kick yer teacher off. https://t.co/s1CVc2KP3G #kickyerteacher #science #math #bbc #cnn #nasa„ÄÄ#school
neg,#NASA Shares View of Massive Winter Storm From Space #NASA... https://t.co/LfsWRuIU6v
neg,Evidence of #NASA 's #Mars #Rover #Deception https://t.co/9ikNPwrwk6 #hoax
neg,February Breaks Global Temperature Record By An Alarming Margin: NASA - Headlines &amp; Global News https://t.co/4pJpzYw9CS #nasa #nasanews
pos,#NASA Astronaut Ellen Ochoa attributes her success to a great education. #WomensHistoryMonth https://t.co/VjfU5pP4NG
pos,If #Trump wins the #PresidentialRace2016 we can only hope he increases #NASA funding. There will be a lot of applicants for #Mars missions.
neg,We are a little bit afraid about #NASA latest report https://t.co/2K97OUzb3c
neg,#Ceres' Mysterious Bright Spots Change Unexpectedly https://t.co/SbSg47shFQ #nasadawn #nasa #eso #dwarfplanet #dawn
pos,Heading to @Nasa this week! Excited! #NASA #NASASocial  https://t.co/LRb4ZY4TP2
pos,Major Security Issues Remain Within #NASA IT Systems https://t.co/WasvJHK0Sk
neg,#NASA is working on a new &amp; improved supersonic plane minus the sonic-boom problems of the past: https://t.co/XFzmRQJKWH #News
pos,true #voyager fans @NSFVoyager2 @NASAVoyager await monthly #nasa PIMP CALLER subroutine PMPCALLER
pos,#NASA to light large blaze in space as part of new fire safety experiment https://t.co/h1a4ISBA7t https://t.co/cZCFSqrXZx
neg,Ceres' Mysterious Bright Spots Change Unexpectedly https://t.co/A8sP35SQCe #NASADawn #NASA #TeamFollowBack
pos,Exclusive to¬†#PODCAST¬†&amp;¬†#BLOG¬†The #BeyondGadgets¬†Show¬†#Tech¬†News on #NASA's¬†#InSight¬†Mission to¬†#Mars¬†+ #Peach¬†#App!¬†https://t.co/yRBkpp3t8Z
pos,Lucky you! Tomorrow I'll speak about sleep issues in space! #NASA #brainweek  https://t.co/2Uvw0CUJrT
neg,February Breaks Global Temperature Record By An Alarming Margin: NASA - Headlines &amp; Global News https://t.co/DHBcTaSVQn #nasa #nasanews
neg,NASA to test fire in space by burning unmanned orbiting craft - Raw Story https://t.co/Ulkdv4BQ6g #nasa #nasanews
pos,Hollywood Special Effects Show about to begin at #BigBangFair 2016 #TimPeake #NASA https://t.co/JHo9vfyqEH
neg,#NASA are LIARS! 100% #FLATEARTH PROOF HERE: https://t.co/a2ZsNsLC6Q Wednesday March 16 2016:6:46:02 AM EST
neg,EWAO Impossible cosmic event: #NASA telescope captures moment massive object ejects out of #BlackHole https://t.co/QEWTpH3izX
pos,#hitech #NASA subscribers is less than that of heifers with inflated sing what we friends?
pos,Check Out These Interesting Facts about NASA! https://t.co/RaC5d9jFOj #NASA #Science https://t.co/cjHvQynMBb
pos,Check Out These Interesting Facts about NASA! https://t.co/n1YJXB0i0m #NASA #Science https://t.co/DmImtdlrEf
pos,Check Out These Interesting Facts about NASA! https://t.co/eobTOPh9bw #NASA #Science https://t.co/QrY6mzOHqr
pos,Check Out These Interesting Facts about NASA! https://t.co/8ajvpG4vYF #NASA #Science https://t.co/mUhbCawK1k
pos,Check Out These Interesting Facts about NASA! https://t.co/KahktVlaki #NASA #Science https://t.co/aPUMPMidX6
neg,#NASA to test fire in space by burning unmanned orbiting craft #Technology #Security #News https://t.co/3DFylbgBGe
neg,#NASA to test fire in space by burning unmanned orbiting craft https://t.co/SOVvQPBkiA
pos,#slamjam #2ndbirthday #event absolute epicness big ups to #nasa and the fam for an amazing event #thesilverbullet... https://t.co/ThsA9tRrO8
neg,Apollo Astronauts Hear Strange Music on the Far Side of the Moon: https://t.co/IHqOTeKYz9 #space #moon #aliens #NASA #conspiracy
pos,8o's  9o's even 00's jams are fuckin' amazing  things we should send to space instead of some bs again #nasa #space https://t.co/gREV8yUlG8
neg,NASA To Test Fire In Space By Burning Unmanned Orbiting Craft - #nasa #test #fire #spacecraft https://t.co/NoIddgFwpG
neg,#NASA Nasa to test fire in space by burning unmanned orbiting craft: It will also help NASA build better fire ... https://t.co/3Sk0cJtLgC
neg,#NASA NASA to test fire in space by burning unmanned orbiting craft: NASA said it will test the effects of a l... https://t.co/6h02X5eHyk
pos,#NASA NASA to soon experiment with fire in space!: New Delhi: This news will definitely make all space enthusi... https://t.co/xgLIwnc70B
neg,I feel like this is the prologue to every sci-fi disaster movie ever... #NASA https://t.co/UlDIraaIXV
neg,Wednesday March 16 2016:5:36:42 AM #NASA is EVIL! #FlatEarth! https://t.co/nILmtwsKKm
neg,#NASA LIED TO us! we LIVE ON a #FLATEARTH!!! https://t.co/QUgbpnf7Dh Wednesday March 16 2016:5:36:12 AM EST
neg,#NASA LIED TO us! we live on a #FlatEarth! https://t.co/JCOy33shKC Wednesday March 16 2016:5:35:06 AM EST
neg,Nasa to test fire in space by burning unmanned orbiting craft #Nasa #FireInSpace  https://t.co/T0WbYDUVPo
neg,There‚Äôs A #Large ‚Äò#Bite #Mark‚Äô On #Pluto ‚Äì #NASA Has A #Sublime #Explanation For The 370-Mile-Wide #Missing... https://t.co/P46OaRlol4
neg,Air Force  NASA Team Up To Prepare For America's Return To Human Spaceflight - https://t.co/TB0WNJMOnf: Sp... https://t.co/aIpNcKPgDZ #nasa
neg,#NASA are LIARS! 100% #FLATEARTH PROOF HERE: https://t.co/a2ZsNsLC6Q Wednesday March 16 2016:4:04:56 AM
neg,#ClimateChange ‚ÄòClimate Emergency‚Äô Scientists Stunned by February Temperature Records: nearing a tipping point #NASA https://t.co/XmCJlqjHIf
neg,#hello #star #moon #searching #who #space #nasa #sky by be_honest_too https://t.co/tfzKqsoVC2
neg,NASA chief Apollo engineers who criticize SLS dont grok modern rocketry #NASA #technology  #manufacturing #industry https://t.co/aSAbmGsDCa
pos,I'm thinking that it may be all these nice photos from NASA are of fruits üòÑ  #conspiracy #NASA #PlanetaryExploration #FruitExploration
neg,#NASA chief: Apollo engineers who criticize SLS don't grok modern rocketry - Ars Technica https://t.co/l67G8S9XWF
neg,Your Guide in pictures to Alien Life! #psychology #science #NASA #health #news #earth #Aus https://t.co/H4kADkv6dR https://t.co/CzclHHDaNA
pos,Most memorable field trip ever. #nasa
neg,Wednesday March 16 2016:2:52:05 AM #NASA is EVIL! #FlatEarth! https://t.co/nILmtwsKKm
neg,#NASA LIED TO us! we LIVE ON a #FLATEARTH!!! https://t.co/QUgbpnf7Dh Wednesday March 16 2016:2:51:34 AM EST
neg,#NASA serve #SATAN! #FlatEarth! https://t.co/3m2eLu43Dq Wednesday March 16 2016:
neg,#NASA LIED TO us! we live on a #FlatEarth! https://t.co/JCOy33shKC Wednesday March 16 2016:2:50:27 AM EST
pos,#NASA deceived us! we live on a #FlatEarth: PLEASE REVIEW the EVIDENCE:
neg,It did not comfort me. I freaked out more and was taken to the pay phone to call my parents. #nasa
neg,I freaked out and had to be removed from the theater. Then my teacher explained to me that all this would happen way after I'm dead. #nasa
neg,When I was 9 we went on a field trip to NASA. We watched a movie about how some day the sun would burn out and the earth would die. #nasa
neg,https://t.co/H4kADkv6dR Our Riskay' Space Collection - Seen to believe! #space #earth #NASA #PLUTO #ancient #Aus #USA #science #education
neg,#NASA chief: #Apollo #engineers who criticize SLS don‚Äôt grok #modern #rocketry https://t.co/scB5N2iy2l #tech #feedly
pos,We are so proud of our shining stars :)  #NASA #SpaceContest #NarayanaSchools https://t.co/KehrBpYe85
pos,#NASA NASA plans to light large fire on spacecraft: The Saffire-1 experiment  and other future ones like it  w... https://t.co/zXRvQGNhTW
pos,#NASA displays #sun‚Äôs ‚Äòinvisible‚Äô magnetic fields in amazing detail (PHOTO)  https://t.co/XtySyeno6A
pos,BEAUTIFUL PHOTOSHOP! well done #NASA! https://t.co/QjRteESyZ3 https://t.co/37AEQgqxX9
pos,Sup  Space Shuttle Atlantis? #NASA #spaceshuttle #space (Vine by @jhurstmusic) https://t.co/Y4kiksPO7K
neg,"Our Planet‚Äôs Temperature Just Reached a Terrifying Milestone" https://t.co/8IXogJUaNx #NASA #climate #globalwarming #heat
neg,@VINDICATORofYah the #NASA '#science' is like a badly done mass group #seance. Objectively though  with measurement and geometry at least?
pos,@apod the best ive seen yet..#NASASocial @NASA_Astronauts @NASA #NASA üöÄüöÄüöÄüöÄ
pos,#apod Cheering a Total Solar Eclipse https://t.co/YWlzQaSWSf #astronomy #nasa
pos,#Nasa #UFO See pics: NASA astronauts share series of beautiful images of Earth from space!  Clickhttp:...  Click‚û°https://t.co/KsgsDmHNUf
pos,#Nasa #UFO See pics: NASA astronauts share series of beautiful images of Earth from space!  Clickhttp:...  Click‚û°https://t.co/HmaWVUERzt
pos,#Nasa #UFO See pics: NASA astronauts share series of beautiful images of Earth from space!  Clickhttp:...  Click‚û°https://t.co/yb6UdyKBEy
neg,@DroidSlaves #NASA #fakespace #NASSholes show enough fakery CGI BS to fill all the outhouses in China! :)
pos,#NASA See pics: NASA astronauts share series of beautiful images of Earth from space!: New Delhi: NASA astrona... https://t.co/zcApK1eCTx
pos,#NASA NASA Celebrates 90 Year Anniversary of Robert Goddard's First Liquid-Fueled Rocket Launch: Employees at ... https://t.co/ta26mPoqz6
neg,@702JohnRobbie"it is alleged #NASA spends millions devoloping a pen that could write in space(no gravity) the #Russians used a pencil"
pos,#News NASA displays sun's 'invisible' magnetic fields in amazing detail (PHOTO): A new NASA illustration... https://t.co/Ya2okG3ppT #NASA
pos,Understanding the Magnetic Sun - hmmm Isn't #NASA against the Electric Universe model?? https://t.co/MMTtt8UbjR #electricuniverse #ai #think
neg,#NASA are LIARS! 100% #FLATEARTH PROOF HERE: https://t.co/a2ZsNsLC6Q Wednesday March 16 2016:1:06:45 AM
neg,A different ‚Äúman on the moon‚Äù - The statue that was smuggled onto a #NASA mission. #Apollo #Sculpture #USHistory https://t.co/hqqc3Ixh32
pos,#Nasa #APOD on SM Updates. Cheering a Total Solar Eclipse   - https://t.co/MtGvZBzRhi https://t.co/5XW1VRGC9q
pos,Looks like a perfect fit.Expect nothing less from #NASA .Glad there's no black hole under ur feet to stretch out :-) https://t.co/w0zqm5bVC2
pos,15 Mar 09: brave bat loses life during launch of #NASA #spaceshuttle Discovery mission STS-119. #NeverForget https://t.co/CGpwKuzq3l
pos,#NASA making progress on EVA-35 water leak incident ... - https://t.co/89aC38jDKs https://t.co/yad9OVPCXm https://t.co/pu2LNETXpu
neg,@earth_b0y just b/c we want to do something doesn't mean it won't be a waste of time/energy.  #FLATearth rules. We hate lying liars. #NASA
pos,#NASA Planetary Defense Office set up to save Earth #NASA... https://t.co/ypxsNNK5uI
pos,I just hope Planet X doesn't do us like the dinosaurs üòÜüëΩüññüèæ #NASA 3:16
pos,Feeling a little spacey  by @KristenSingh7: https://t.co/dCVswYMHHF #dribble #cosmic #cute #dailyui #flat #gradient #nasa #planet #space #ui
pos,#NASA displays sun‚Äôs ‚Äòinvisible‚Äô magnetic fields in amazing detail (PHOTO) https://t.co/cup6oI9LPb https://t.co/yPsRFTHKl4
neg,#STARS vs FAKE #PLANETS #FAKEspace by #NASA #HUBBLE #TELESCOPES https://t.co/1knD8BZWr5
pos,#NASA NASA displays sun's 'invisible' magnetic fields in amazing detail (PHOTO): A new NASA illustration shows... https://t.co/ufLyTLQN1t
pos,I think the best decision my parents ever let me make was so name my cat. #NASA üíï
pos,These words are all spells. The truth hidden in plain sight. #nasa  https://t.co/k6FifK3FL8
neg,ATOS ORIGIN  #USNavy  #Raytheon  #bouei_saigai's been killed my brain by V2K/RNMCM/ST/#DirectedEnergy &amp; #violence on me by #Satellite  #Nasa
neg,We are proud to present: P√§r the sad space traveler. #nextstophorizon #sxsw2016 #nasa #space https://t.co/RUD9coG0hj
neg,Tuesday March 15 2016:11:53:22 PM #NASA is EVIL! #FlatEarth! https://t.co/zt16crSK75
neg,#NASA LIED TO us! we LIVE ON a #FLATEARTH!!! https://t.co/QUgbpnf7Dh Tuesday March 15 2016:11:52:52 PM EST
neg,DO IT! EXPOSE THE #NASA LIARS!   #HATEtheSTATE! https://t.co/EZZB8ZjTUC
neg,#NASA serve #SATAN! #FlatEarth! https://t.co/3m2eLu43Dq Tuesday March 15 2016:11
neg,#NASA LIED TO us! we live on a #FlatEarth! https://t.co/JCOy33shKC Tuesday March 15 2016:11:51:47 PM
neg,#FLATearth rules  #UN #NWO #NASA #fakespace #disclosure  #aliens = #demons #devils #Satan slaves https://t.co/318Vz9LVwN
neg,Part 1 of a UofA talk by Prof Alcubierre re warp-drive https://t.co/CShRCSZ6Pb ‚Ä¶   #nasa #space #astrophysics #SFF https://t.co/DoOdHxzJGG
neg,Part 2 of a UofA talk by Prof Alcubierre re warp-drive https://t.co/FeexUKHM8k ‚Ä¶  #nasa #space #astrophysics #SFF https://t.co/MiZGwhAmDN
neg,@godFreeWorld OH Just that we live on a motionless geocentric stationary plane. And not flailing on some ball hurling in space as #Nasa says
neg,#PageTurner #kindle #scifi trilogy set on #MARS! https://t.co/Dk0ZXMhQwk Twin #Ai discover alien ruins. #NASA sends a crew to explore.
neg,Yes! #NASA lied ...but we're not in trouble https://t.co/UkDdqVOtAJ
neg,#NASA dropped a 2-ton kinetic missile on the moon: What did they destroy? https://t.co/17QVE4ldj7 https://t.co/HvaBcSwC9B
neg,@earth_b0y Don't waste ur time. #TESTIT &amp; expose the liar at #NASA. That is EASIER &amp; BEARS MUCH FRUIT.
pos,Amazing! üëå #space #nasa #moon #jupiter #venus #planet #solarsystem #astronomy #ohmygodfact‚Ä¶ https://t.co/jR71db42rf https://t.co/klBihehmZy
pos,Clue to NASA's fake Earth-Moon Transit Footage (They're Hiding the Flat Earth!).  Ohhhh Nice eye Red! #NASA  Suck! https://t.co/XN6uqTxq2d
pos,#NASA Successfully Tests Inflatable Heat Shield for Future Mars Mission #NASA https://t.co/nywJgoFhSI
pos,This man! #inspiration #ScottKelly #NASA https://t.co/UQBpu7hD13
neg,NASA main: Apollo engineers who criticize SLS never grok contemporary rocketry https://t.co/dZaIfUL8GH #nasa #sls
pos,Good luck to all athletes at #NCSA and #NASA #JuniorNationals this week! #wearemnswim
pos,Hey #NASA  can I be an astronaut now? The answers are as followed: Flying Formula-50.56kg; RD Recon-6727.13sec; 12.84 times around; SS-.395%
neg,#NASA are LIARS! 100% #FLATEARTH PROOF HERE: https://t.co/a2ZsNsLC6Q Tuesday March 15 2016:10:22:31 PM EST
pos,European Space Agencys ExoMars successfully starts its journey to the red planet https://t.co/Lu3wehXjFI #Space #mars #NASA
neg,This is hilarious and sad! People actually buy this   #NASA lies  https://t.co/m28Bvcab7x
neg,NASA chief: Apollo engineers who criticize SLS don't grok modern rocketry - Ars Technica https://t.co/5eD8MAKw2D #nasa #nasanews
neg,#nasa: Widespread neglect puts NASA‚Äôs networks in jeopardy | https://t.co/uNgruoLiKv https://t.co/HCzKe5LCY1
pos,Happy birthday to one of the great technical creatives of our time  #NASA Astronaut Alan Bean!May your TV signal be full of color! #badjoke
pos,.@elakdawalla - pls signal boost this @kickstarter campaign by @apolloVII_XVII https://t.co/EBAwLqz4oG #apollo #nasa #space
pos,#Climate change: February was hottest month on record as 'exceptional' #Nasa figures show global warming surge https://t.co/PLsQbqPjSr
pos,.@BillNye - pls signal boost this @kickstarter campaign by @apolloVII_XVII https://t.co/EBAwLqz4oG #apollo #nasa #space
pos,.@BadAstronomer - pls signal boost this @kickstarter campaign by @apolloVII_XVII https://t.co/EBAwLqz4oG #apollo #nasa #space
pos,.@exploreplanets - pls signal boost this @kickstarter campaign by @apolloVII_XVII https://t.co/EBAwLqz4oG #apollo #nasa #space
pos,.@StarTalkRadio - pls signal boost this @kickstarter campaign by @apolloVII_XVII https://t.co/EBAwLqz4oG #apollo #nasa #space
pos,.@TheRealBuzz - pls signal boost this @kickstarter campaign by @apolloVII_XVII https://t.co/EBAwLqz4oG #apollo #nasa #space
neg,"Borman initially decided that he did not want everyone to know about his medical problems " https://t.co/4EovDVjedi #NASA #APOLLO
pos,Thanks to Dr Jason Reimuller for the @possumastronaut webinar!   #projectpossum @Astro_Nicole #nasa @marsoneproject https://t.co/bObOEaJ7f6
pos,@Astro_Jeff Best of luck to you guys on Friday! Requesting that you get an awesome picture of Wisconsin for us while up there!! #NASA #soyuz
pos,"that the crew cleaned up to the best of their ability." https://t.co/4EovDVjedi #NASA #APOLLO
neg,"However  the pill had little effect. Borman eventually fell asleep but then awoke feeling ill." https://t.co/4EovDVjedi #NASA #APOLLO
neg,LOL! "The ur-puking episode is ascribed to Frank Borman  Apollo 8": https://t.co/4EovDVjedi #NASA #APOLLO
neg,Tuesday March 15 2016:9:11:08 PM #NASA is EVIL! #FlatEarth! https://t.co/GR0EAZpYbv
neg,#NASA LIED TO us! we LIVE ON a #FLATEARTH!!! https://t.co/QUgbpnf7Dh Tuesday March 15 2016:9:10:38 PM
neg,#NASA serve #SATAN! #FlatEarth! https://t.co/3m2eLu43Dq Tuesday March 15 2016:9:
pos,Noon ET‚ÄîWed.‚ÄîMar16 #NASA's #livestream with some very #impressive #WomenOfNASA #STEMwomen's #STEAM #careers=#SpaceEd https://t.co/ELkvGuqCR4
neg,#NASA LIED TO us! we live on a #FlatEarth! https://t.co/JCOy33shKC Tuesday March 15 2016:9:09:29 PM
pos,Just cuz that was one of the best days ever! #NASA #Houston https://t.co/N9zIG52LL7
pos,This has been a long time coming. Will be interesting to see the results! #NASA #FireInSpace  https://t.co/uyp0NGJvzN
neg,#NASA SXSW Interactive: The Journey to Mars: NASA lays out the steps before a trip to the red planet: Bad news... https://t.co/78f2xcgdJk
pos,#NASA NASA Selects JPL Proposal to Build Better Solar Technology for Deep Space Missions: NASA's Langley Resea... https://t.co/sPa9pHoZ9a
pos,Here's another great #NASA Image of the Day: South Africa From the Space Station's EarthKAM https://t.co/A1Yd4Cu7av
pos,Here's The Coolest Thing About NASA's Eclipse Video #nasa #Eclipse2016 #VIDEO  https://t.co/Z3D0RqlBqd
pos,üëè This meme hits the post! üöÄ #murica #merica #america #usa #space #selfie #instadaily #meme #humor #toofunny #nasa ‚Ä¶ https://t.co/u48NEBoJNi
pos,The #NASA van gets its own PA novelty license plate. Cool. @ Pittsburgh  Pennsylvania https://t.co/xP0H1Nbify
neg,Behold  o peoples of the Seven Seas and the 10/11/get-your-shit-together-#NASA-disinfo-agency   THE AGE OF #AI-generated #SPIRITUAL #SPAM. !
pos,And #NASA saved us from how many of them?  https://t.co/649HAZsur4
pos,Caroline herschel 266th Birthday #astronomy #NASA
pos,At least @marcorubio had that one cool line about #NASA: "Great nations do great things." #lipservice
pos,@learntoflyva #DAM helps fund good #UAS tech and push it into the market. We've been supported by #NASA..What venting have you gone through?
pos,Check out this cool  interesting image from the #NASA Earth Observatory: Flooding in the U.S. South https://t.co/Xzp90g4RLT
pos,Check Out These Interesting Facts about NASA! https://t.co/VtC5iSPHoi #NASA #Science https://t.co/ySzMSA6f7Q
pos,When Can The Rest Of Us Play With #NASA's Cool Toys? https://t.co/I7XcHGZRTn
neg,#News NASA's Apollo 12 Photo Shows Pentagon Black Project TR3B-Type Alien UFO Observing Moon ...: Online... https://t.co/neXiewDc4G #NASA
neg,#NASA NASA's Apollo 12 Photo Shows Pentagon Black Project TR3B-Type Alien UFO Observing Moon ...: Online UFO h... https://t.co/k4laFXlOW0
pos,Check Out These Interesting Facts about NASA! https://t.co/r65gvRxROP #NASA #Science https://t.co/YiNb2zFMP0
neg,#NASA chief: Apollo engineers who criticize SLS don‚Äôt grok modern rocketry https://t.co/4dSyX2Iitw #flightrate #reliability #cost
pos,Check Out These Interesting Facts about NASA! https://t.co/oQUkeVEqF2 #NASA #Science https://t.co/tcXYou4I9H
neg,Charlie Bolden Throws Serious SLS Shade on Chris Kraft https://t.co/Zv9l8ZmZ6z via nasawatch #NASA #spacenews #spaceindustrynews
pos,Check Out These Interesting Facts about NASA! https://t.co/wt0zhC8ArQ #NASA #Science https://t.co/97nkGE7kwt
pos,#NASA: US Space Agency Successfully Tests RS-25 Rocket Engine for Potential Mars Travel  https://t.co/PKleO93U2U https://t.co/yzyt3W6AM4
pos,Check Out These Interesting Facts about NASA! https://t.co/ZRZpjxZhII #NASA #Science https://t.co/UL7Oq7KJlx
neg,#NASA report says February has broken global temperature records by stunning margin - Global temperatures have... https://t.co/WlWFDvev7I
pos,Happy 84th Birthday to Alan Bean  the 4th man to walk on the Moon. Such a humble man. #NASA #Astronaut https://t.co/GoYhcWJNSx
neg,#NASA spots shipwrecks from space @NASA https://t.co/XzCS1eHQmz #satellites https://t.co/Iq37xYnWhb
neg,#NASA are LIARS! 100% #FLATEARTH PROOF HERE: https://t.co/a2ZsNsLC6Q Tuesday March 15 2016:7:38:07 PM EST
neg,#NASA report says February has broken #globaltemperature records by stunning margin https://t.co/x9gRnQHYvv via @sharethis #climatechange
neg,NASA Dropped a 2-ton Kinetic Missile on the Moon: What Did They Destroy? #NASA #Missile #Moon  Watch Here: https://t.co/13FShu9atQ
neg,#NASA report says #February has broken #globaltemperature records by stunning margin https://t.co/cTjFo0fIvP via @sharethis
pos,Preparations for people to colonize Mars is underway! Look at NASA's progress. #manommars #mars #nasa #spacetravel https://t.co/75Uh6PWp9U
pos,#NASA Celebrating 90 Years-less than century ago  #science relied on ground based observations-and now... https://t.co/Q6ThczMiXy #space Mdx
neg,#NASA  #IPCC Needlessly #Creating #Panic About #Global #Warming #climatechange #science #ElNino #predictions #fear https://t.co/dXoQlQPT7v
pos,üë† Fascinating and beautiful star constellation!   #nasa #stars #space #universum https://t.co/4KHd44zIpT
neg,#IOTD The Sun's magnetic field by #NASA's Solar Dynamics Observatory (SDO) in #space  12 Mar 2016 https://t.co/0aIWqzeAse
pos,https://t.co/MkJA6RmuK4 #NASA #POTD Cheering a total Solar Eclipse.
neg,Charlie Bolden Throws Serious SLS Shade on Chris Kraft https://t.co/xgdmwVwKqi #NASA Watch
neg,#Nasa - Charlie Bolden Throws Serious SLS Shade on Chris Kraft: NASA chief: Apollo engineers who criticize SLS... https://t.co/ouYyR24tNx
neg,#NASA NASA chief: Apollo engineers who criticize SLS don't grok modern rocketry: NASA chief: Apollo engineers ... https://t.co/Wz86M5fWxp
pos,#Science #Awesome #NASA wants to grow #potatoes on #Mars | https://t.co/1YqeX0t4T6 https://t.co/MK9AsFnmWP
pos,@NASA Why #NASA can not back to the moon anymore after #Apollo_17  I want a logical answer thanks!
neg,#nasa #world #space NASA chief: Apollo engineers who criticize SLS don't grok modern rocketry - Ars Technica: ... https://t.co/dSylsB8vEd
neg,Who shot #JFK? What happened to Judas? #SocialGeek_Co Did #NASA land on the moon in 1969? #conspiracy https://t.co/7Pz9t2XIgD
pos,Major Security Issues Remain Within NASA IT Systems https://t.co/TURElg39dg via nasawatch #NASA #spacenews #spaceindustrynews
neg,@slang4201 LOL! Your "evidence" is #scientism cult nonsense. Made up fraud by #NASA &amp; other #antiChrists. FACT.
neg,https://t.co/NjLKoci5XK The importance of the CSIRO #auspol #Bitcoin #Cancer #innovation #challenge #Elections2016 #nasa #trading #invest
pos,Beautiful  Credit: NASA/JPL-Caltech/Space Science Institute  #nasa #space #saturn #cassini #enceladus #solarsystem ‚Ä¶ https://t.co/ax3P0lsRj6
pos,LOL! Keep on  #NASA #NASShole! https://t.co/mrI8D8ccwd
pos,Beautiful  Credit: NASA/JPL-Caltech/Space Science Institute  #nasa #space #saturn #cassini‚Ä¶ https://t.co/34IFBUGwNO
pos,DISCOVER UNDER THE RADAR WINNING BLACKJACK... #PrimaryDay  @QuenTarantino  #VideoMarketing  #ExplainerVideos  #NASA https://t.co/oYu66yCDcI
neg,Tuesday March 15 2016:6:28:12 PM EST #NASA is EVIL! #FlatEarth! https://t.co/BferAVNBn0
neg,#NASA LIED TO us! we LIVE ON a #FLATEARTH!!! https://t.co/QUgbpnf7Dh Tuesday March 15 2016:6:27:40 PM
neg,#NASA serve #SATAN! #FlatEarth! https://t.co/3m2eLu43Dq Tuesday March 15 2016:6:
neg,#NASA LIED TO us! we live on a #FlatEarth! https://t.co/JCOy33shKC Tuesday March 15 2016:6:26:36 PM
neg,Tuesday March 15 2016 it sounds crazy  but 100% of REAL evidence supports #FlatEarth! #NASA lied to us!!!
neg,#NASA chief: Apollo engineers who criticize SLS don‚Äôt grok modern rocketry https://t.co/erAQuFLOA2 https://t.co/NjY91DpKzh
pos,Inspiring listening to #nasa people talk about "Journey to Mars" #sxsw #interactive https://t.co/MEfGevnr73
neg,Part 2 of a UofA talk by Prof Alcubierre re warp-drive https://t.co/FeexUKHM8k  #nasa #space #astrophysics #SFF https://t.co/1YzBi8nver
neg,@DoubleDumas @rockytech Trust me  I dismissed #FlatEarth theory  but here's VIDEO PROOF #NASA are deceiving us:  https://t.co/NcQCPw3AMv
neg,@StationCDRKelly @ISS_Research  does BP increase significantly with upward cranial pressure?  #NASA
neg,Part 1 of a UofA talk by Prof Alcubierre re warp-drive https://t.co/CShRCSZ6Pb   #nasa #space #astrophysics #SFF https://t.co/nd8RFcMUeV
pos,NASA making progress on EVA-35 water leak incident ... - https://t.co/nufYt4P7Ha: NASASpaceflight.comNASA ... https://t.co/DXtP6eZljC #nasa
pos,Major Security Issues Remain Within NASA IT Systems https://t.co/Vih4ZeqJx4 #NASA Watch
neg,@slang4201 I know of ppl who have seen Hell. I don't need to:  I believe the Scriptures &amp; their testimonies.  #Bible #Truth  U believe #NASA
pos,#Nasa - Major Security Issues Remain Within NASA IT Systems: Widespread neglect puts NASA's networks in jeopar... https://t.co/8kj3yG1y2G
neg,I just liked a video! Go me! #NASA lies and steals our money! Go Space! Fake rovers on planets rock! : Flat Earth ‚Ä¶ https://t.co/wVaULVGNmI
neg,I just liked a video! Go me! #NASA lies and steals our money! Go Space! Fake rovers on planets rock! : Flat Earth ‚Ä¶ https://t.co/8ZfpReQ168
pos,A cool video by a BYU Alum. https://t.co/mILQcRc0mi #byu #youtube #nasa #space https://t.co/72SMMfATY1
pos,Crazy beautiful. Stunning display of the glory of God! #NASA #Hubble  https://t.co/z7sBPC0XWE
pos,#NASA is recycling - good idea! #space #science #mars https://t.co/ABQaG929yr
neg,No words - so cool. Sad this chapter of history has closed. #NASA https://t.co/l1Imjwec15
pos,Major Security Issues Remain Within #NASA IT Systems https://t.co/vvawdXYJWa #cybersecurity
pos,#Climate change: February was hottest month on record as 'exceptional' #Nasa figures show global warming surge https://t.co/30LzKIPora
neg,Heads up for #NASA HQ employees: All Metrorail service will be suspended Wed March 16  for emergency inspections https://t.co/6Obk5mu9ze
neg,Heads up for #NASA HQ employees: All Metrorail service will be suspended Wed March 16  for emergency inspections https://t.co/I6fdo70J5j
neg,#NASA Reveals:#China plans to Exit #EU-#Union..#Chexit: #Space-#Banking: #OWS #FeelTheBern #SinglePayer  https://t.co/d4ATmepxsR @SputnikInt
pos,‚ÄùSpecial‚Äù heat surge: Jan &amp; Feb 2016 were unusually warmest months ever measured globally #NASA  https://t.co/4pTh1B1u7Z
pos,So cool to see @Astro_Jessica and @VicGlover get people excited about space. #NASA #Space #SXSW #NASASXSW https://t.co/5rm9KcRqFt
neg,#NASA are LIARS! 100% #FLATEARTH PROOF HERE: https://t.co/a2ZsNsLC6Q Tuesday March 15 2016:4:56:48 PM
pos,Great that #NASA is using MY BLOG as a reference in their post about Saharan Dust Sweeping over Iberia https://t.co/oNfKTetB3v #wabas #fame
pos,I can watch #NASAsUnexplainedFiles for daaays!!!! I love everything #NASA
pos,Check out this forgotten #NASA 1970s documentary about aliens starring Orson Welles. https://t.co/YY5T6cjwQ4
pos,New Galactic Supercluster Map Shows Milky Way's 'Heavenly' Home: https://t.co/SU9aJfYKyS  https://t.co/LRnoyjhCfu #space #nasa #nasasocial
pos,#space #excited #nasa #gydysimateivius by a_rtuma https://t.co/nxAnfLoGI1
pos,NASA successfully tests rocket engine that could take humans to Mars! https://t.co/P54MLpnjFM #NASA #LetsMove #hope https://t.co/BpvUw342Fk
pos,"One Small Step" closer to #Mars as #NASA engine test brings is successful. https://t.co/9rNWvT7J3M
pos,#NASA @ Great Lakes Science Center https://t.co/hCQ8i48dq3
neg,@simba_83 LIES OF #NASA r proof they can't leave the #FLATearth. STart there even if u don't believe Scripture.
neg,#alien #aliens #ufo #ufos #paranormal #nasa #sights #disclosure Flashback: DID A UFO DOCK WITH INTERNATIONAL... https://t.co/hMx4zgISqS
